ID,Year_Birth,Education,Marital_Status,Income,Kidhome,Teenhome,Dt_Customer,Recency,MntWines,MntFruits,MntMeatProducts,MntFishProducts,MntSweetProducts,MntGoldProds,NumDealsPurchases,NumWebPurchases,NumCatalogPurchases,NumStorePurchases,NumWebVisitsMonth,AcceptedCmp3,AcceptedCmp4,AcceptedCmp5,AcceptedCmp1,AcceptedCmp2,Complain,Z_CostContact,Z_Revenue,Age,Total_Spending,Total_Children,Family_Size,Is_Parent,Total_Purchases,Total_Campaigns_Accepted,Customer_Days,Avg_Purchase_Value,Spending_Per_Day,Income_Per_Member,Education_Level,Has_Partner,Age_Group,Income_Group,Spending_Group,Web_Activity_Score,Deal_Sensitivity,Product_Diversity,Response_Rate
5524,1957,Graduation,Single,58138.0,0,0,2012-09-04,58,635,88,546,172,88,88,3,8,10,4,7,0,0,0,0,0,0,3,11,67,1617,0,1,0,22,0,663,70.30434782608695,2.4352409638554215,58138.0,3,0,60+,High,Very High,7.666666666666667,0.13043478260869565,6,0.0
2174,1954,Graduation,Single,46344.0,1,1,2014-03-08,38,11,1,6,2,1,6,2,1,1,2,5,0,0,0,0,0,0,3,11,70,27,2,3,1,4,0,113,5.4,0.23684210526315788,15448.0,3,0,60+,Medium,Low,2.3333333333333335,0.4,6,0.0
4141,1965,Graduation,Together,71613.0,0,0,2013-08-21,26,426,49,127,111,21,42,1,8,2,10,4,0,0,0,0,0,0,3,11,59,776,0,2,0,20,0,312,36.95238095238095,2.4792332268370605,35806.5,3,1,50-60,Very High,High,6.666666666666667,0.047619047619047616,6,0.0
6182,1984,Graduation,Together,26646.0,1,0,2014-02-10,26,11,4,20,10,3,5,2,2,0,4,6,0,0,0,0,0,0,3,11,40,53,1,3,1,6,0,139,7.571428571428571,0.37857142857142856,8882.0,3,1,30-40,Low,Low,3.3333333333333335,0.2857142857142857,6,0.0
5324,1981,PhD,Married,58293.0,1,0,2014-01-19,94,173,43,118,46,27,15,5,5,3,6,5,0,0,0,0,0,0,3,11,43,422,1,3,1,14,0,161,28.133333333333333,2.6049382716049383,19431.0,5,1,40-50,High,High,5.0,0.3333333333333333,6,0.0
7446,1967,Master,Together,62513.0,0,1,2013-09-09,16,520,42,98,0,42,14,2,6,4,10,6,0,0,0,0,0,0,3,11,57,716,1,3,1,20,0,293,34.095238095238095,2.435374149659864,20837.666666666668,4,1,50-60,High,High,6.0,0.09523809523809523,5,0.0
965,1971,Graduation,Divorced,55635.0,0,1,2012-11-13,34,235,65,164,50,49,27,4,7,3,7,6,0,0,0,0,0,0,3,11,53,590,1,2,1,17,0,593,32.77777777777778,0.9932659932659933,27817.5,3,0,50-60,High,High,6.666666666666667,0.2222222222222222,6,0.0
6177,1985,PhD,Married,33454.0,1,0,2013-05-08,32,76,10,56,3,1,23,2,4,0,4,8,0,0,0,0,0,0,3,11,39,169,1,3,1,8,0,417,18.77777777777778,0.4043062200956938,11151.333333333334,5,1,30-40,Low,Medium,5.333333333333333,0.2222222222222222,6,0.0
4855,1974,PhD,Together,30351.0,1,0,2013-06-06,19,14,0,24,3,3,2,1,3,0,2,9,0,0,0,0,0,0,3,11,50,46,1,3,1,5,0,388,7.666666666666667,0.11825192802056556,10117.0,5,1,40-50,Low,Low,5.0,0.16666666666666666,5,0.0
1994,1983,Graduation,Married,51381.5,1,0,2013-11-15,11,5,5,6,0,2,1,1,1,0,2,7,0,0,0,0,0,0,3,11,41,19,1,3,1,3,0,226,4.75,0.08370044052863436,17127.166666666668,3,1,40-50,Medium,Low,3.0,0.25,5,0.0
2125,1959,Graduation,Divorced,63033.0,0,0,2013-11-15,82,194,61,480,225,112,30,1,3,4,8,2,0,0,0,0,0,0,3,11,65,1102,0,1,0,15,0,226,68.875,4.854625550660793,63033.0,3,0,60+,High,Very High,2.6666666666666665,0.0625,6,0.0
8180,1952,Master,Divorced,59354.0,1,1,2013-11-15,53,233,2,53,3,5,14,3,6,1,5,6,0,0,0,0,0,0,3,11,72,310,2,3,1,12,0,226,23.846153846153847,1.3656387665198237,19784.666666666668,4,0,60+,High,Medium,6.0,0.23076923076923078,6,0.0
2569,1987,Graduation,Married,17323.0,0,0,2012-10-10,38,3,14,17,6,1,5,1,1,0,3,8,0,0,0,0,0,0,3,11,37,46,0,2,0,4,0,627,9.2,0.0732484076433121,8661.5,3,1,30-40,Low,Low,3.3333333333333335,0.2,6,0.0
2114,1946,PhD,Single,82800.0,0,0,2012-11-24,23,1006,22,115,59,68,45,1,7,6,12,3,0,0,1,1,0,0,3,11,78,1315,0,1,0,25,2,582,50.57692307692308,2.2555746140651802,82800.0,5,0,60+,Very High,Very High,5.666666666666667,0.038461538461538464,6,0.4
9736,1980,Graduation,Married,41850.0,1,1,2012-12-24,51,53,5,19,2,13,4,3,3,0,3,8,0,0,0,0,0,0,3,11,44,96,2,4,1,6,0,552,13.714285714285714,0.1735985533453888,10462.5,3,1,40-50,Medium,Medium,4.666666666666667,0.42857142857142855,6,0.0
4939,1946,Graduation,Together,37760.0,0,0,2012-08-31,20,84,5,38,150,12,28,2,4,1,6,7,0,0,0,0,0,0,3,11,78,317,0,2,0,11,0,667,26.416666666666668,0.4745508982035928,18880.0,3,1,60+,Medium,Medium,5.0,0.16666666666666666,6,0.0
6565,1949,Master,Married,76995.0,0,1,2013-03-28,91,1012,80,498,0,16,176,2,11,4,9,5,0,0,0,1,0,0,3,11,75,1782,1,3,1,24,1,458,71.28,3.8823529411764706,25665.0,4,1,60+,Very High,Very High,9.0,0.08,5,0.2
2278,1985,2n Cycle,Single,33812.0,1,0,2012-11-03,86,4,17,19,30,24,39,2,2,1,3,6,0,0,0,0,0,0,3,11,39,133,1,2,1,6,0,603,19.0,0.22019867549668873,16906.0,2,0,30-40,Low,Medium,3.3333333333333335,0.2857142857142857,6,0.0
9360,1982,Graduation,Married,37040.0,0,0,2012-08-08,41,86,2,73,69,38,48,1,4,2,5,8,0,0,0,0,0,0,3,11,42,316,0,2,0,11,0,690,26.333333333333332,0.4573082489146165,18520.0,3,1,40-50,Medium,Medium,5.333333333333333,0.08333333333333333,6,0.0
1993,1949,PhD,Married,58607.0,0,1,2012-12-23,63,867,0,86,0,0,19,3,2,3,9,8,0,1,0,0,0,0,3,11,75,972,1,3,1,14,1,553,64.8,1.7545126353790614,19535.666666666668,5,1,60+,High,High,4.0,0.2,3,0.2
4047,1954,PhD,Married,65324.0,0,1,2014-01-11,0,384,0,102,21,32,5,3,6,2,9,4,0,0,0,0,0,0,3,11,70,544,1,3,1,17,0,169,30.22222222222222,3.2,21774.666666666668,5,1,60+,High,High,5.333333333333333,0.16666666666666666,5,0.0
1409,1951,Graduation,Together,40689.0,0,1,2013-03-18,69,270,3,27,39,6,99,7,7,1,5,8,0,0,0,0,0,0,3,11,73,444,1,3,1,13,0,468,31.714285714285715,0.9466950959488273,13563.0,3,1,60+,Medium,High,7.333333333333333,0.5,6,0.0
7892,1969,Graduation,Single,18589.0,0,0,2013-01-02,89,6,4,25,15,12,13,2,2,1,3,7,0,0,0,0,0,0,3,11,55,75,0,1,0,6,0,543,10.714285714285714,0.13786764705882354,18589.0,3,0,50-60,Low,Medium,3.6666666666666665,0.2857142857142857,6,0.0
2404,1976,Graduation,Married,53359.0,1,1,2013-05-27,4,173,4,30,3,6,41,4,5,1,4,7,0,0,0,0,0,0,3,11,48,257,2,4,1,10,0,398,23.363636363636363,0.6441102756892231,13339.75,3,1,40-50,High,Medium,5.666666666666667,0.36363636363636365,6,0.0
5255,1986,Graduation,Single,51381.5,1,0,2013-02-20,19,5,1,3,3,263,362,0,27,0,0,1,0,0,0,0,0,0,3,11,38,637,1,2,1,27,0,494,22.75,1.286868686868687,25690.75,3,0,30-40,Medium,High,18.333333333333332,0.0,6,0.0
9422,1989,Graduation,Married,38360.0,1,0,2013-05-31,26,36,2,42,20,21,10,2,2,1,4,3,0,0,0,0,0,0,3,11,35,131,1,3,1,7,0,394,16.375,0.33164556962025316,12786.666666666666,3,1,30-40,Medium,Medium,2.3333333333333335,0.25,6,0.0
1966,1965,PhD,Married,84618.0,0,0,2013-11-22,96,684,100,801,21,66,0,1,6,9,10,2,0,0,1,0,0,0,3,11,59,1672,0,2,0,25,1,219,64.3076923076923,7.6,42309.0,5,1,50-60,Very High,Very High,4.666666666666667,0.038461538461538464,5,0.2
6864,1989,Master,Divorced,10979.0,0,0,2014-05-22,34,8,4,10,2,2,4,2,3,0,3,5,0,0,0,0,0,0,3,11,35,30,0,1,0,6,0,38,4.285714285714286,0.7692307692307693,10979.0,4,0,30-40,Low,Low,3.6666666666666665,0.2857142857142857,6,0.0
3033,1963,Master,Together,38620.0,0,0,2013-05-11,56,112,17,44,34,22,89,1,2,5,3,3,0,0,0,0,0,0,3,11,61,318,0,2,0,10,0,414,28.90909090909091,0.7662650602409639,19310.0,4,1,60+,Medium,Medium,2.3333333333333335,0.09090909090909091,6,0.0
5710,1970,Graduation,Together,40548.0,0,1,2012-10-10,31,110,0,5,2,0,3,2,2,1,4,5,0,1,0,0,0,0,3,11,54,120,1,3,1,7,1,627,15.0,0.1910828025477707,13516.0,3,1,50-60,Medium,Medium,3.0,0.25,4,0.2
7373,1952,PhD,Divorced,46610.0,0,2,2012-10-29,8,96,12,96,33,22,43,6,4,1,6,6,0,0,0,0,0,0,3,11,72,302,2,3,1,11,0,608,25.166666666666668,0.49589490968801314,15536.666666666666,5,0,60+,Medium,Medium,4.666666666666667,0.5,6,0.0
8755,1946,Master,Married,68657.0,0,0,2013-02-20,4,482,34,471,119,68,22,1,3,5,9,7,0,0,0,0,0,0,3,11,78,1196,0,2,0,17,0,494,66.44444444444444,2.416161616161616,34328.5,4,1,60+,Very High,Very High,4.333333333333333,0.05555555555555555,6,0.0
10738,1951,Master,Single,49389.0,1,1,2013-08-29,55,40,0,19,2,1,3,1,2,0,3,7,0,0,0,0,0,0,3,11,73,65,2,3,1,5,0,304,10.833333333333334,0.21311475409836064,16463.0,4,0,60+,Medium,Low,3.6666666666666665,0.16666666666666666,5,0.0
4339,1970,PhD,Married,67353.0,0,1,2013-12-31,37,702,17,151,0,8,35,5,5,6,12,2,0,0,0,0,0,0,3,11,54,913,1,3,1,23,0,180,38.041666666666664,5.044198895027624,22451.0,5,1,50-60,High,High,4.0,0.20833333333333334,5,0.0
10755,1976,2n Cycle,Married,23718.0,1,0,2013-09-02,76,6,3,14,15,7,36,3,3,1,2,7,0,0,0,0,0,0,3,11,48,81,1,3,1,6,0,300,11.571428571428571,0.2691029900332226,7906.0,2,1,40-50,Low,Medium,4.333333333333333,0.42857142857142855,6,0.0
8595,1973,Graduation,Widow,42429.0,0,1,2014-02-11,99,55,0,6,2,0,4,2,1,1,3,5,0,0,0,0,0,0,3,11,51,67,1,2,1,5,0,138,11.166666666666666,0.48201438848920863,21214.5,3,0,50-60,Medium,Low,2.3333333333333335,0.3333333333333333,4,0.0
2968,1943,PhD,Divorced,48948.0,0,0,2013-02-01,53,437,8,206,160,49,42,2,7,10,5,6,1,0,0,0,0,0,3,11,81,902,0,1,0,22,1,513,39.21739130434783,1.754863813229572,48948.0,5,0,60+,Medium,High,6.666666666666667,0.08695652173913043,6,0.2
8601,1980,Graduation,Married,80011.0,0,1,2013-04-29,3,421,76,536,82,178,102,2,8,6,5,4,0,0,0,0,0,0,3,11,44,1395,1,3,1,19,0,426,69.75,3.2669789227166275,26670.333333333332,3,1,40-50,Very High,Very High,6.666666666666667,0.1,6,0.0
503,1985,Master,Married,20559.0,1,0,2013-03-12,88,13,1,29,3,0,7,2,2,0,3,8,0,0,0,0,0,0,3,11,39,53,1,3,1,5,0,474,8.833333333333334,0.11157894736842106,6853.0,4,1,30-40,Low,Low,4.0,0.3333333333333333,5,0.0
8430,1957,Graduation,Together,21994.0,0,1,2012-12-24,4,9,0,6,3,1,3,1,0,0,3,5,0,0,0,0,0,0,3,11,67,22,1,3,1,3,0,552,5.5,0.039783001808318265,7331.333333333333,3,1,60+,Low,Low,1.6666666666666667,0.25,5,0.0
7281,1959,PhD,Single,51381.5,0,0,2013-11-05,80,81,11,50,3,2,39,1,1,3,4,2,0,0,0,0,0,0,3,11,65,186,0,1,0,8,0,236,20.666666666666668,0.7848101265822784,51381.5,5,0,60+,Medium,Medium,1.3333333333333333,0.1111111111111111,6,0.0
1371,1976,Graduation,Single,79941.0,0,0,2014-06-28,72,123,164,266,227,30,174,1,2,4,9,1,0,0,0,0,0,0,3,11,48,984,0,1,0,15,0,1,61.5,492.0,79941.0,3,0,40-50,Very High,High,1.6666666666666667,0.0625,6,0.0
7286,1968,Graduation,Together,41728.0,1,0,2013-05-24,92,13,6,15,3,5,13,1,2,0,2,10,0,0,0,0,0,0,3,11,56,55,1,3,1,4,0,401,11.0,0.13681592039800994,13909.333333333334,3,1,50-60,Medium,Low,4.666666666666667,0.2,6,0.0
7244,1951,Graduation,Single,51381.5,2,1,2014-01-01,96,48,5,48,6,10,7,3,2,1,4,6,0,0,0,0,0,0,3,11,73,124,3,4,1,7,0,179,15.5,0.6888888888888889,12845.375,3,0,60+,Medium,Medium,3.3333333333333335,0.375,6,0.0
6566,1954,PhD,Married,72550.0,1,1,2012-11-08,39,826,50,317,50,38,38,9,5,2,12,8,0,0,0,0,0,0,3,11,70,1319,2,4,1,19,0,598,65.95,2.2020033388981637,18137.5,5,1,60+,Very High,Very High,6.0,0.45,6,0.0
8614,1957,Graduation,Widow,65486.0,0,1,2014-05-12,29,245,19,125,37,67,14,1,4,2,10,2,0,0,0,0,0,0,3,11,67,507,1,2,1,16,0,48,29.823529411764707,10.346938775510203,32743.0,3,0,60+,High,High,3.3333333333333335,0.058823529411764705,6,0.0
4114,1964,Master,Married,79143.0,0,0,2012-08-11,2,650,37,780,27,167,32,1,6,9,13,3,0,0,0,0,0,0,3,11,60,1693,0,2,0,28,0,687,58.37931034482759,2.4607558139534884,39571.5,4,1,50-60,Very High,Very High,5.0,0.034482758620689655,6,0.0
1331,1977,Graduation,Single,35790.0,1,0,2013-01-02,54,12,6,20,30,1,3,2,2,0,3,7,0,0,0,0,0,0,3,11,47,72,1,2,1,5,0,543,12.0,0.1323529411764706,17895.0,3,0,40-50,Medium,Medium,3.6666666666666665,0.3333333333333333,6,0.0
2225,1977,Graduation,Divorced,82582.0,0,0,2014-06-07,54,510,120,550,156,40,241,1,4,9,7,1,1,0,0,1,0,0,3,11,47,1617,0,1,0,20,2,22,77.0,70.30434782608695,82582.0,3,0,40-50,Very High,Very High,3.0,0.047619047619047616,6,0.4
9381,1978,Graduation,Married,66373.0,1,1,2013-06-12,57,328,9,124,12,24,109,7,4,2,10,3,0,0,0,0,0,0,3,11,46,606,2,4,1,16,0,382,35.64705882352941,1.5822454308093994,16593.25,3,1,40-50,High,High,3.6666666666666665,0.4117647058823529,6,0.0
6260,1955,Master,Together,82384.0,0,0,2012-11-19,55,984,51,432,180,120,190,1,3,10,13,1,0,0,1,0,0,0,3,11,69,1957,0,2,0,26,1,587,72.48148148148148,3.328231292517007,41192.0,4,1,60+,Very High,Very High,2.3333333333333335,0.037037037037037035,6,0.2
10383,1966,Graduation,Divorced,70287.0,0,0,2013-04-02,30,295,35,482,121,120,40,1,5,5,10,3,0,0,0,0,0,0,3,11,58,1093,0,1,0,20,0,453,52.04761904761905,2.407488986784141,70287.0,3,0,50-60,Very High,Very High,4.333333333333333,0.047619047619047616,6,0.0
7437,1988,Graduation,Single,27938.0,1,0,2014-04-28,31,13,0,8,2,1,5,1,1,0,4,3,0,0,0,0,0,0,3,11,36,29,1,2,1,5,0,62,4.833333333333333,0.4603174603174603,13969.0,3,0,30-40,Low,Low,1.6666666666666667,0.16666666666666666,5,0.0
8557,1982,Graduation,Single,51381.5,1,0,2013-06-17,57,11,3,22,2,2,6,2,2,0,3,6,0,0,0,0,0,0,3,11,42,46,1,2,1,5,0,377,7.666666666666667,0.12169312169312169,25690.75,3,0,40-50,Medium,Low,3.3333333333333335,0.3333333333333333,6,0.0
8375,1968,PhD,Married,55954.0,0,1,2014-03-03,63,447,0,28,0,0,43,3,8,2,6,7,0,0,0,0,0,0,3,11,56,518,1,3,1,16,0,118,30.470588235294116,4.352941176470588,18651.333333333332,5,1,50-60,High,High,7.666666666666667,0.17647058823529413,3,0.0
6853,1982,Master,Single,75777.0,0,0,2013-07-04,12,712,26,538,69,13,80,1,3,6,11,1,0,1,1,0,0,0,3,11,42,1438,0,1,0,20,2,360,68.47619047619048,3.9833795013850417,75777.0,4,0,40-50,Very High,Very High,2.3333333333333335,0.047619047619047616,6,0.4
3076,1975,Graduation,Together,66653.0,1,1,2012-09-07,18,452,18,102,16,18,6,4,4,2,12,3,0,0,0,0,0,0,3,11,49,612,2,4,1,18,0,660,32.21052631578947,0.9258698940998488,16663.25,3,1,40-50,High,High,3.6666666666666665,0.21052631578947367,6,0.0
1012,1952,Graduation,Single,61823.0,0,1,2013-02-18,26,523,7,134,37,14,169,4,8,2,10,7,0,0,0,0,0,0,3,11,72,884,1,2,1,20,0,496,42.095238095238095,1.778672032193159,30911.5,3,0,60+,High,High,7.666666666666667,0.19047619047619047,6,0.0
6518,1951,PhD,Widow,67680.0,0,1,2013-06-11,8,546,0,48,0,6,6,1,7,3,8,5,0,0,0,0,0,0,3,11,73,606,1,2,1,18,0,383,31.894736842105264,1.578125,33840.0,5,0,60+,High,High,6.333333333333333,0.05263157894736842,4,0.0
4137,1948,Graduation,Together,70666.0,0,0,2013-12-06,29,398,40,367,119,122,30,1,7,4,4,4,0,0,0,0,0,0,3,11,76,1076,0,2,0,15,0,205,67.25,5.223300970873787,35333.0,3,1,60+,Very High,Very High,6.0,0.0625,6,0.0
8082,1971,Graduation,Married,25721.0,1,0,2013-05-21,75,1,3,6,3,6,15,1,1,1,2,7,0,0,0,0,0,0,3,11,53,34,1,3,1,4,0,404,6.8,0.08395061728395062,8573.666666666666,3,1,50-60,Low,Low,3.0,0.2,6,0.0
9369,1979,2n Cycle,Single,88194.0,0,1,2014-03-19,19,688,14,309,201,24,38,1,11,10,10,5,1,0,0,1,0,0,3,11,45,1274,1,2,1,31,2,102,39.8125,12.368932038834952,44097.0,2,0,40-50,Very High,Very High,9.0,0.03125,6,0.4
4477,1958,Graduation,Together,69096.0,0,1,2013-09-27,4,247,49,159,7,82,109,1,5,2,10,4,0,0,0,0,0,0,3,11,66,653,1,3,1,17,0,275,36.27777777777778,2.3659420289855073,23032.0,3,1,60+,Very High,High,4.666666666666667,0.05555555555555555,6,0.0
1357,1970,Graduation,Together,74854.0,1,2,2013-04-08,90,856,59,487,58,29,73,7,2,5,5,5,0,0,0,0,0,0,3,11,54,1562,3,5,1,12,0,447,120.15384615384616,3.486607142857143,14970.8,3,1,50-60,Very High,Very High,3.0,0.5384615384615384,6,0.0
1402,1954,Master,Married,66991.0,0,0,2012-09-11,1,496,36,460,189,60,12,3,4,8,6,3,0,0,0,0,0,0,3,11,70,1253,0,2,0,18,0,656,65.94736842105263,1.9071537290715372,33495.5,4,1,60+,High,Very High,3.6666666666666665,0.15789473684210525,6,0.0
10629,1973,2n Cycle,Married,51381.5,1,0,2012-09-14,25,25,3,43,17,4,17,3,3,0,3,8,0,0,0,0,0,0,3,11,51,109,1,3,1,6,0,653,15.571428571428571,0.16666666666666666,17127.166666666668,2,1,50-60,Medium,Medium,4.666666666666667,0.42857142857142855,6,0.0
6312,1959,Graduation,Married,65031.0,0,1,2013-03-17,29,258,107,291,84,37,86,4,10,3,13,7,0,0,0,0,0,0,3,11,65,863,1,3,1,26,0,469,31.962962962962962,1.8361702127659574,21677.0,3,1,60+,High,High,9.0,0.14814814814814814,6,0.0
8132,1975,PhD,Married,60631.0,1,1,2013-04-05,88,565,6,65,0,6,19,5,9,2,8,7,0,1,0,0,0,0,3,11,49,661,2,4,1,19,1,450,33.05,1.4656319290465631,15157.75,5,1,40-50,High,High,8.333333333333334,0.25,5,0.2
1050,1952,Graduation,Married,28332.0,0,0,2014-04-30,58,14,10,13,4,15,9,1,2,1,4,2,0,0,0,0,0,0,3,11,72,65,0,2,0,7,0,60,8.125,1.0655737704918034,14166.0,3,1,60+,Low,Low,2.0,0.125,6,0.0
1859,1972,Master,Married,75251.0,0,0,2012-08-27,34,721,111,925,97,18,18,1,7,6,5,5,0,0,0,0,0,0,3,11,52,1890,0,2,0,18,0,671,99.47368421052632,2.8125,37625.5,4,1,50-60,Very High,Very High,6.333333333333333,0.05263157894736842,6,0.0
10401,1976,2n Cycle,Together,26326.0,0,0,2013-09-04,12,1,0,5,0,3,9,1,0,0,3,3,0,0,0,0,0,1,3,11,48,18,0,2,0,3,0,298,4.5,0.06020066889632107,13163.0,2,1,40-50,Low,Low,1.0,0.25,4,0.0
1618,1965,Graduation,Together,56046.0,0,0,2013-01-02,9,577,0,64,0,0,51,2,10,1,8,8,1,0,0,0,0,0,3,11,59,692,0,2,0,19,1,543,34.6,1.2720588235294117,28023.0,3,1,50-60,High,High,9.333333333333334,0.1,3,0.2
3332,1985,Graduation,Single,29760.0,1,0,2012-08-29,87,64,4,68,7,5,17,4,3,1,4,8,0,0,0,0,0,0,3,11,39,165,1,2,1,8,0,669,18.333333333333332,0.2462686567164179,14880.0,3,0,30-40,Low,Medium,4.666666666666667,0.4444444444444444,6,0.0
2261,1969,Graduation,Married,26304.0,1,0,2013-06-23,5,4,1,5,2,0,4,1,1,0,2,7,0,0,0,0,0,0,3,11,55,16,1,3,1,3,0,371,4.0,0.043010752688172046,8768.0,3,1,50-60,Low,Low,3.0,0.25,5,0.0
5346,1973,2n Cycle,Married,23559.0,1,0,2013-07-03,87,25,5,19,7,0,23,3,3,0,3,7,0,0,0,0,0,0,3,11,51,79,1,3,1,6,0,361,11.285714285714286,0.21823204419889503,7853.0,2,1,50-60,Low,Medium,4.333333333333333,0.42857142857142855,5,0.0
4119,1963,Master,Together,38620.0,0,0,2013-05-11,56,112,17,44,34,22,89,1,2,5,3,3,0,0,0,0,0,0,3,11,61,318,0,2,0,10,0,414,28.90909090909091,0.7662650602409639,19310.0,4,1,60+,Medium,Medium,2.3333333333333335,0.09090909090909091,6,0.0
535,1987,Graduation,Divorced,81361.0,0,0,2014-02-25,18,163,23,424,27,65,76,1,3,10,13,1,0,0,0,0,0,0,3,11,37,778,0,1,0,26,0,124,28.814814814814813,6.224,81361.0,3,0,30-40,Very High,High,2.3333333333333335,0.037037037037037035,6,0.0
5268,1960,Graduation,Married,29440.0,1,1,2013-08-11,95,17,8,14,10,4,3,2,1,0,4,7,0,0,0,0,0,0,3,11,64,56,2,4,1,5,0,322,9.333333333333334,0.17337461300309598,7360.0,3,1,60+,Low,Low,3.0,0.3333333333333333,6,0.0
273,1970,Master,Married,36138.0,1,1,2013-07-16,48,130,0,16,0,0,5,5,3,1,4,7,0,1,0,0,0,0,3,11,54,151,2,4,1,8,1,348,16.77777777777778,0.4326647564469914,9034.5,4,1,50-60,Medium,Medium,4.333333333333333,0.5555555555555556,3,0.2
4452,1957,Graduation,Single,50388.0,0,1,2014-05-28,3,292,6,37,0,3,34,4,6,1,6,7,0,1,0,1,0,0,3,11,67,372,1,2,1,13,2,32,26.571428571428573,11.272727272727273,25194.0,3,0,60+,Medium,Medium,6.333333333333333,0.2857142857142857,5,0.4
8504,1973,Graduation,Married,79593.0,0,0,2014-05-12,70,350,60,568,110,133,145,1,5,6,7,2,0,0,1,0,0,0,3,11,51,1366,0,2,0,18,1,48,71.89473684210526,27.877551020408163,39796.5,3,1,50-60,Very High,Very High,4.0,0.05263157894736842,6,0.2
771,1967,Graduation,Together,54178.0,0,1,2014-01-21,79,135,9,39,4,0,7,1,2,2,5,2,0,0,0,0,0,0,3,11,57,194,1,3,1,9,0,159,19.4,1.2125,18059.333333333332,3,1,50-60,High,Medium,2.0,0.1,5,0.0
8996,1957,PhD,Married,51381.5,2,1,2012-11-19,4,230,42,192,49,37,53,12,7,2,8,9,0,0,0,0,0,0,3,11,67,603,3,5,1,17,0,587,33.5,1.0255102040816326,10276.3,5,1,60+,Medium,High,7.666666666666667,0.6666666666666666,6,0.0
9235,1957,Graduation,Single,51381.5,1,1,2014-05-27,45,7,0,8,2,0,1,1,1,0,2,7,0,0,0,0,0,0,3,11,67,18,2,3,1,3,0,33,4.5,0.5294117647058824,17127.166666666668,3,0,60+,Medium,Low,3.0,0.25,4,0.0
5798,1973,Master,Together,51381.5,0,0,2013-11-23,87,445,37,359,98,28,18,1,2,4,8,1,0,0,0,0,0,0,3,11,51,985,0,2,0,14,0,218,65.66666666666667,4.497716894977169,25690.75,4,1,50-60,Medium,High,1.6666666666666667,0.06666666666666667,6,0.0
11178,1972,Master,Single,42394.0,1,0,2014-03-23,69,15,2,10,0,1,4,1,1,0,3,7,0,0,0,0,0,0,3,11,52,32,1,2,1,4,0,98,6.4,0.32323232323232326,21197.0,4,0,50-60,Medium,Low,3.0,0.2,5,0.0
2230,1970,PhD,Married,23626.0,1,0,2014-05-24,84,27,2,14,0,0,0,3,3,1,3,5,0,0,0,0,0,0,3,11,54,43,1,3,1,7,0,36,5.375,1.162162162162162,7875.333333333333,5,1,50-60,Low,Low,3.6666666666666665,0.375,3,0.0
7516,1983,Graduation,Married,30096.0,1,0,2014-05-22,30,5,3,11,12,5,9,1,2,0,3,6,0,0,0,0,0,0,3,11,41,45,1,3,1,5,0,38,7.5,1.1538461538461537,10032.0,3,1,40-50,Low,Low,3.3333333333333335,0.16666666666666666,6,0.0
7247,1960,Graduation,Widow,47916.0,0,1,2012-11-22,72,505,0,26,0,0,75,5,7,4,6,6,0,1,0,0,0,0,3,11,64,606,1,2,1,17,1,584,33.666666666666664,1.035897435897436,23958.0,3,0,60+,Medium,High,6.666666666666667,0.2777777777777778,3,0.2
11100,1972,Graduation,Divorced,51813.0,1,1,2013-04-11,37,51,2,7,0,1,2,2,2,0,3,7,0,0,0,0,0,0,3,11,52,63,2,3,1,5,0,444,10.5,0.14157303370786517,17271.0,3,0,50-60,High,Low,3.6666666666666665,0.3333333333333333,5,0.0
4646,1951,2n Cycle,Married,78497.0,0,0,2013-12-01,44,207,26,447,75,0,223,1,5,7,12,2,0,0,0,1,0,0,3,11,73,978,0,2,0,24,1,210,39.12,4.6350710900473935,39248.5,2,1,60+,Very High,High,4.0,0.04,5,0.2
3037,1983,PhD,Married,50150.0,0,0,2013-06-20,32,135,46,92,65,61,11,2,5,2,7,5,0,0,0,0,0,0,3,11,41,410,0,2,0,14,0,374,27.333333333333332,1.0933333333333333,25075.0,5,1,40-50,Medium,High,5.0,0.13333333333333333,6,0.0
1473,1960,2n Cycle,Single,47823.0,0,1,2013-07-23,0,53,1,5,2,1,10,2,2,0,3,8,0,0,0,0,0,0,3,11,64,72,1,2,1,5,0,341,12.0,0.21052631578947367,23911.5,2,0,60+,Medium,Medium,4.0,0.3333333333333333,6,0.0
1016,1959,PhD,Single,34554.0,0,1,2014-03-30,43,41,1,6,2,0,5,2,2,0,3,6,0,0,0,0,0,0,3,11,65,55,1,2,1,5,0,91,9.166666666666666,0.5978260869565217,17277.0,5,0,60+,Low,Low,3.3333333333333335,0.3333333333333333,5,0.0
4518,1979,Graduation,Together,85693.0,0,1,2013-04-20,59,386,172,183,185,132,111,2,9,5,11,5,0,0,0,0,0,0,3,11,45,1169,1,3,1,25,0,435,44.96153846153846,2.6811926605504586,28564.333333333332,3,1,40-50,Very High,Very High,7.666666666666667,0.07692307692307693,6,0.0
9370,1945,PhD,Married,65846.0,0,0,2013-05-17,68,562,81,276,80,40,81,1,6,3,6,4,0,0,0,0,0,0,3,11,79,1120,0,2,0,15,0,408,70.0,2.73838630806846,32923.0,5,1,60+,High,Very High,5.333333333333333,0.0625,6,0.0
8908,1959,Graduation,Married,87195.0,0,0,2014-05-08,35,217,76,690,50,26,38,1,3,11,5,1,0,0,0,0,0,0,3,11,65,1097,0,2,0,19,0,52,54.85,20.69811320754717,43597.5,3,1,60+,Very High,Very High,2.3333333333333335,0.05,6,0.0
8373,1979,Basic,Together,24594.0,1,0,2013-12-10,94,1,3,6,10,0,9,1,1,0,3,5,0,0,0,0,0,0,3,11,45,29,1,3,1,4,0,201,5.8,0.14356435643564355,8198.0,1,1,40-50,Low,Low,2.3333333333333335,0.2,5,0.0
7533,1964,Graduation,Married,49096.0,1,1,2013-09-24,15,144,1,32,2,1,7,4,4,1,4,7,0,0,0,0,0,0,3,11,60,187,2,4,1,9,0,278,18.7,0.6702508960573477,12274.0,3,1,50-60,Medium,Medium,5.0,0.4,6,0.0
2683,1969,Graduation,Married,52413.0,0,2,2013-02-02,56,295,106,271,75,98,65,4,6,4,12,6,0,0,0,0,0,0,3,11,55,910,2,4,1,22,0,512,39.56521739130435,1.773879142300195,13103.25,3,1,50-60,High,High,6.0,0.17391304347826086,6,0.0
3629,1978,Graduation,Single,38557.0,1,0,2012-12-19,17,76,3,31,4,4,27,2,3,1,3,7,0,0,0,0,0,0,3,11,46,145,1,2,1,7,0,557,18.125,0.25985663082437277,19278.5,3,0,40-50,Medium,Medium,4.333333333333333,0.25,6,0.0
10991,1960,Master,Married,89058.0,0,0,2012-12-07,18,454,194,106,31,22,43,1,5,4,4,2,0,0,0,0,0,0,3,11,64,850,0,2,0,13,0,569,60.714285714285715,1.4912280701754386,44529.0,4,1,60+,Very High,High,4.0,0.07142857142857142,6,0.0
5077,1979,Graduation,Together,77298.0,0,1,2013-11-02,46,425,115,292,23,35,79,1,6,6,11,3,0,0,0,0,0,0,3,11,45,969,1,3,1,23,0,239,40.375,4.0375,25766.0,3,1,40-50,Very High,High,5.0,0.041666666666666664,6,0.0
7431,1991,PhD,Single,68126.0,0,0,2012-11-10,40,1332,17,311,23,51,86,1,7,4,5,9,0,1,0,0,0,0,3,11,33,1820,0,1,0,16,1,596,107.05882352941177,3.0485762144053603,68126.0,5,0,30-40,High,Very High,7.666666666666667,0.058823529411764705,6,0.2
3267,1963,Master,Together,57288.0,0,1,2014-06-25,27,527,0,21,0,0,60,3,8,1,8,6,0,1,0,0,0,0,3,11,61,608,1,3,1,17,1,4,33.77777777777778,121.6,19096.0,4,1,60+,High,High,7.333333333333333,0.16666666666666666,3,0.2
999,1991,Graduation,Single,86037.0,0,0,2013-01-02,95,490,44,125,29,20,22,1,6,7,11,3,0,1,1,0,0,0,3,11,33,730,0,1,0,24,2,543,29.2,1.3419117647058822,86037.0,3,0,30-40,Very High,High,5.0,0.04,6,0.4
9215,1980,PhD,Married,43974.0,1,0,2012-12-12,19,378,0,101,0,0,72,5,6,4,6,7,0,0,0,0,0,0,3,11,44,551,1,3,1,16,0,564,32.411764705882355,0.9752212389380531,14658.0,5,1,40-50,Medium,High,6.333333333333333,0.29411764705882354,3,0.0
2286,1962,Graduation,Single,50785.0,1,1,2013-09-10,27,64,1,21,0,1,27,2,2,1,3,6,0,0,0,0,0,0,3,11,62,114,2,3,1,6,0,292,16.285714285714285,0.3890784982935154,16928.333333333332,3,0,60+,Medium,Medium,3.3333333333333335,0.2857142857142857,5,0.0
1592,1970,Graduation,Married,90765.0,0,0,2014-01-24,25,547,99,812,151,82,33,0,4,6,5,1,0,0,1,1,0,0,3,11,54,1724,0,2,0,15,2,156,107.75,10.980891719745223,45382.5,3,1,50-60,Very High,Very High,3.0,0.0,6,0.4
367,1978,2n Cycle,Married,36550.0,1,0,2013-02-19,74,47,90,94,123,103,120,5,9,1,5,9,0,0,0,0,0,0,3,11,46,577,1,3,1,15,0,495,36.0625,1.1633064516129032,12183.333333333334,2,1,40-50,Medium,High,9.0,0.3125,6,0.0
5234,1967,2n Cycle,Together,30753.0,1,1,2013-07-11,85,12,5,25,0,9,30,2,1,1,3,5,0,0,0,0,0,0,3,11,57,81,2,4,1,5,0,353,13.5,0.2288135593220339,7688.25,2,1,50-60,Low,Medium,2.3333333333333335,0.3333333333333333,5,0.0
9862,1969,Graduation,Together,21918.0,1,0,2013-11-14,37,1,6,7,11,5,3,2,2,0,3,6,0,0,0,0,0,0,3,11,55,33,1,3,1,5,0,227,5.5,0.14473684210526316,7306.0,3,1,50-60,Low,Low,3.3333333333333335,0.3333333333333333,6,0.0
9805,1953,Master,Together,56129.0,0,1,2013-06-20,65,320,48,133,39,72,48,4,6,2,10,4,0,0,0,0,0,0,3,11,71,660,1,3,1,18,0,374,34.73684210526316,1.76,18709.666666666668,4,1,60+,High,High,5.333333333333333,0.21052631578947367,6,0.0
6205,1967,Master,Single,32557.0,1,0,2014-02-24,13,34,3,29,0,4,10,3,2,1,3,5,0,0,0,0,0,0,3,11,57,80,1,2,1,6,0,125,11.428571428571429,0.6349206349206349,16278.5,4,0,50-60,Low,Medium,3.0,0.42857142857142855,5,0.0
8442,1985,Master,Married,19510.0,2,0,2013-09-04,63,9,0,7,3,4,7,2,1,0,3,7,0,0,0,0,0,0,3,11,39,30,2,4,1,4,0,298,6.0,0.10033444816053512,4877.5,4,1,30-40,Low,Low,3.0,0.4,5,0.0
7386,1976,Graduation,Divorced,30992.0,1,0,2013-04-22,83,17,0,14,7,3,2,1,1,0,3,7,0,0,0,0,0,0,3,11,48,43,1,2,1,4,0,433,8.6,0.09907834101382489,15496.0,3,0,40-50,Low,Low,3.0,0.2,5,0.0
1491,1965,2n Cycle,Together,71488.0,0,0,2013-02-18,87,162,33,124,40,28,172,2,3,4,7,1,0,0,0,0,0,0,3,11,59,559,0,2,0,14,0,496,37.266666666666666,1.124748490945674,35744.0,2,1,50-60,Very High,High,2.3333333333333335,0.13333333333333333,6,0.0
11071,1984,Graduation,Single,79607.0,0,0,2013-04-21,37,450,133,951,173,0,216,1,3,6,6,1,0,0,0,0,0,0,3,11,40,1923,0,1,0,15,0,434,120.1875,4.4206896551724135,79607.0,3,0,30-40,Very High,Very High,2.3333333333333335,0.0625,5,0.0
3381,1953,Master,Married,54348.0,1,1,2014-06-08,51,70,0,16,0,0,4,2,2,0,4,6,0,0,0,0,0,0,3,11,71,90,2,4,1,6,0,21,12.857142857142858,4.090909090909091,13587.0,4,1,60+,High,Medium,3.3333333333333335,0.2857142857142857,3,0.0
8268,1961,PhD,Married,51381.5,0,1,2013-07-11,23,352,0,27,10,0,15,3,6,1,7,6,0,0,0,0,0,0,3,11,63,404,1,3,1,14,0,353,26.933333333333334,1.1412429378531073,17127.166666666668,5,1,60+,Medium,High,6.0,0.2,4,0.0
11051,1956,PhD,Together,77376.0,1,1,2014-05-10,72,492,19,110,16,12,12,4,6,3,10,4,0,0,0,0,0,0,3,11,68,661,2,4,1,19,0,50,33.05,12.96078431372549,19344.0,5,1,60+,Very High,High,5.333333333333333,0.2,6,0.0
8026,1952,Graduation,Married,62998.0,0,1,2013-09-30,10,120,58,73,65,89,58,5,5,4,5,5,0,0,0,0,0,0,3,11,72,463,1,3,1,14,0,272,30.866666666666667,1.695970695970696,20999.333333333332,3,1,60+,High,High,5.0,0.3333333333333333,6,0.0
433,1958,Master,Alone,61331.0,1,1,2013-03-10,42,534,5,47,0,5,41,5,11,1,6,8,0,0,0,0,0,0,3,11,66,632,2,3,1,18,0,476,33.26315789473684,1.3249475890985325,20443.666666666668,4,0,60+,High,High,10.0,0.2631578947368421,5,0.0
9597,1969,Graduation,Married,73448.0,0,0,2014-02-10,10,236,106,189,23,41,130,1,7,2,9,4,0,0,0,0,0,0,3,11,55,725,0,2,0,18,0,139,38.1578947368421,5.178571428571429,36724.0,3,1,50-60,Very High,High,6.0,0.05263157894736842,6,0.0
1295,1963,Graduation,Married,51381.5,0,1,2013-08-11,96,231,65,196,38,71,124,1,6,5,7,4,0,0,0,0,0,0,3,11,61,725,1,3,1,18,0,322,38.1578947368421,2.2445820433436534,17127.166666666668,3,1,60+,Medium,High,5.333333333333333,0.05263157894736842,6,0.0
5290,1964,PhD,Married,41551.0,1,1,2013-08-14,51,220,0,33,3,0,23,5,5,1,5,8,0,0,0,0,0,0,3,11,60,279,2,4,1,11,0,319,23.25,0.871875,10387.75,5,1,50-60,Medium,Medium,6.0,0.4166666666666667,4,0.0
1685,1967,PhD,Together,62981.0,0,0,2013-03-17,21,796,14,590,38,44,0,1,4,5,13,3,0,1,0,0,0,0,3,11,57,1482,0,2,0,22,1,469,64.43478260869566,3.1531914893617023,31490.5,5,1,50-60,High,Very High,3.6666666666666665,0.043478260869565216,5,0.2
5342,1976,Basic,Divorced,9548.0,1,0,2012-08-08,31,0,1,3,10,6,9,2,1,0,3,8,0,0,0,0,0,0,3,11,48,29,1,2,1,4,0,690,5.8,0.041968162083936326,4774.0,1,0,40-50,Low,Low,3.3333333333333335,0.4,5,0.0
9579,1959,PhD,Married,33762.0,2,1,2013-07-07,61,53,1,34,2,0,16,3,2,2,2,8,0,0,0,0,0,0,3,11,65,106,3,5,1,6,0,357,15.142857142857142,0.29608938547486036,6752.4,5,1,60+,Low,Medium,4.0,0.42857142857142855,5,0.0
7660,1973,PhD,Alone,35860.0,1,1,2014-05-19,37,15,0,8,4,2,20,2,1,1,2,5,1,0,0,0,0,0,3,11,51,49,2,3,1,4,1,41,9.8,1.1666666666666667,11953.333333333334,5,0,50-60,Medium,Low,2.3333333333333335,0.4,5,0.2
1461,1965,PhD,Divorced,36921.0,1,1,2013-07-28,74,17,1,12,3,1,4,2,2,0,3,7,0,0,0,0,0,0,3,11,59,38,2,3,1,5,0,336,6.333333333333333,0.11275964391691394,12307.0,5,0,50-60,Medium,Low,3.6666666666666665,0.3333333333333333,6,0.0
821,1992,Master,Single,92859.0,0,0,2012-10-19,46,962,61,921,52,61,20,1,5,4,12,2,0,0,0,0,0,0,3,11,32,2077,0,1,0,21,0,618,94.4090909090909,3.355411954765751,92859.0,4,0,30-40,Very High,Very High,4.0,0.045454545454545456,6,0.0
11084,1976,Master,Together,65104.0,0,1,2013-11-14,4,738,0,232,13,20,50,2,3,5,7,7,0,0,0,0,0,0,3,11,48,1053,1,3,1,15,0,227,65.8125,4.618421052631579,21701.333333333332,4,1,40-50,High,Very High,4.333333333333333,0.125,5,0.0
8690,1962,Graduation,Married,86111.0,0,0,2013-04-19,73,399,28,756,36,40,126,1,5,7,10,2,0,0,0,0,0,0,3,11,62,1385,0,2,0,22,0,436,60.21739130434783,3.1693363844393594,43055.5,3,1,60+,Very High,Very High,4.0,0.043478260869565216,6,0.0
2937,1974,PhD,Single,68352.0,0,1,2013-08-28,47,614,16,132,43,33,33,3,8,5,9,6,0,0,0,0,0,0,3,11,50,871,1,2,1,22,0,305,37.869565217391305,2.84640522875817,34176.0,5,0,40-50,Very High,High,7.333333333333333,0.13043478260869565,6,0.0
9701,1988,Graduation,Together,41883.0,1,0,2013-03-19,13,32,34,41,73,16,116,3,4,2,3,7,0,0,0,0,0,0,3,11,36,312,1,3,1,9,0,467,31.2,0.6666666666666666,13961.0,3,1,30-40,Medium,Medium,5.0,0.3,6,0.0
9949,1976,Graduation,Married,59809.0,0,2,2012-10-18,36,598,16,141,32,41,49,3,3,3,6,8,0,0,0,0,0,0,3,11,48,877,2,4,1,12,0,619,67.46153846153847,1.414516129032258,14952.25,3,1,40-50,High,High,4.666666666666667,0.23076923076923078,6,0.0
10837,1975,Graduation,Married,23957.0,1,0,2012-10-28,47,2,1,18,20,11,16,1,2,0,3,6,0,0,0,0,0,0,3,11,49,68,1,3,1,5,0,609,11.333333333333334,0.11147540983606558,7985.666666666667,3,1,40-50,Low,Low,3.3333333333333335,0.16666666666666666,6,0.0
3120,1981,Graduation,Together,38547.0,1,0,2013-08-28,49,6,1,10,0,1,4,1,1,0,2,8,0,0,0,0,0,1,3,11,43,22,1,3,1,3,0,305,5.5,0.0718954248366013,12849.0,3,1,40-50,Medium,Low,3.3333333333333335,0.25,5,0.0
5885,1973,2n Cycle,Married,35688.0,2,1,2012-08-22,94,73,3,90,12,1,32,7,4,1,4,8,0,0,0,0,0,0,3,11,51,211,3,5,1,9,0,676,21.1,0.31166912850812406,7137.6,2,1,50-60,Medium,Medium,5.333333333333333,0.7,6,0.0
4050,1966,Master,Married,49605.0,0,0,2014-06-21,65,42,16,29,12,20,8,1,2,1,4,3,0,0,0,0,0,0,3,11,58,127,0,2,0,7,0,8,15.875,14.11111111111111,24802.5,4,1,50-60,Medium,Medium,2.3333333333333335,0.125,6,0.0
3830,1953,Master,Married,59354.0,0,2,2014-04-24,59,295,21,78,39,13,13,1,4,4,7,3,0,0,0,0,0,0,3,11,71,459,2,4,1,15,0,66,28.6875,6.850746268656716,14838.5,4,1,60+,High,High,3.6666666666666665,0.0625,6,0.0
7987,1969,Graduation,Married,65747.0,0,1,2014-03-07,96,346,17,48,23,13,13,4,8,1,6,6,0,1,0,0,0,0,3,11,55,460,1,3,1,15,1,114,28.75,4.0,21915.666666666668,3,1,50-60,High,High,7.333333333333333,0.25,6,0.2
7798,1972,2n Cycle,Together,46344.0,0,1,2012-12-14,28,233,20,57,8,20,91,4,7,1,5,7,0,0,0,0,0,0,3,11,52,429,1,3,1,13,0,562,30.642857142857142,0.7619893428063943,15448.0,2,1,50-60,Medium,High,7.0,0.2857142857142857,6,0.0
92,1988,Graduation,Alone,34176.0,1,0,2014-05-12,12,5,7,24,19,14,20,4,3,0,4,6,0,0,0,0,0,0,3,11,36,89,1,2,1,7,0,48,11.125,1.816326530612245,17088.0,3,0,30-40,Low,Medium,4.0,0.5,6,0.0
7055,1952,PhD,Together,61010.0,0,1,2012-10-09,57,888,0,57,0,0,76,2,8,5,11,5,0,0,0,0,0,0,3,11,72,1021,1,3,1,24,0,628,40.84,1.6232114467408585,20336.666666666668,5,1,60+,High,High,7.0,0.08,3,0.0
10240,1949,Graduation,Together,69372.0,0,0,2013-02-19,10,997,26,269,34,13,42,1,10,4,6,4,0,1,1,0,0,0,3,11,75,1381,0,2,0,20,2,495,65.76190476190476,2.784274193548387,34686.0,3,1,60+,Very High,Very High,8.0,0.047619047619047616,6,0.4
3025,1958,Graduation,Single,49967.0,0,1,2013-07-08,4,212,6,69,4,12,3,3,6,1,5,7,0,0,0,0,0,0,3,11,66,306,1,2,1,12,0,356,23.53846153846154,0.8571428571428571,24983.5,3,0,60+,Medium,Medium,6.333333333333333,0.23076923076923078,6,0.0
9283,1978,Graduation,Single,60199.0,1,2,2013-09-12,49,8,1,7,2,0,0,1,0,0,3,4,0,0,0,0,0,0,3,11,46,18,3,4,1,3,0,290,4.5,0.061855670103092786,15049.75,3,0,40-50,High,Low,1.3333333333333333,0.25,4,0.0
9970,1977,Graduation,Together,55375.0,0,1,2013-10-17,3,42,11,57,10,28,14,1,1,1,6,2,0,0,0,0,0,0,3,11,47,162,1,3,1,8,0,255,18.0,0.6328125,18458.333333333332,3,1,40-50,High,Medium,1.3333333333333333,0.1111111111111111,6,0.0
2730,1955,Graduation,Single,80317.0,0,0,2013-08-20,64,536,11,387,149,91,57,1,3,4,10,1,0,0,0,0,0,0,3,11,69,1231,0,1,0,17,0,313,68.38888888888889,3.9203821656050954,80317.0,3,0,60+,Very High,Very High,2.3333333333333335,0.05555555555555555,6,0.0
9260,1945,PhD,Married,70356.0,0,0,2012-11-05,20,1349,16,249,43,16,33,2,10,6,9,6,0,0,0,0,0,0,3,11,79,1706,0,2,0,25,0,601,65.61538461538461,2.833887043189369,35178.0,5,1,60+,Very High,Very High,8.666666666666666,0.07692307692307693,6,0.0
8182,1984,Graduation,Married,23228.0,1,0,2014-01-05,91,53,3,49,7,4,5,4,3,0,4,8,0,0,0,0,0,0,3,11,40,121,1,3,1,7,0,175,15.125,0.6875,7742.666666666667,3,1,30-40,Low,Medium,4.666666666666667,0.5,6,0.0
10095,1975,PhD,Divorced,74165.0,0,0,2013-05-01,9,1001,12,240,16,12,12,1,5,4,10,2,0,0,0,0,0,0,3,11,49,1293,0,1,0,19,0,424,64.65,3.0423529411764707,74165.0,5,0,40-50,Very High,Very High,4.0,0.05,6,0.0
4370,1966,Graduation,Together,43482.0,2,1,2013-11-13,83,18,1,32,6,3,28,3,2,0,4,6,0,0,0,0,0,0,3,11,58,88,3,5,1,6,0,228,12.571428571428571,0.38427947598253276,8696.4,3,1,50-60,Medium,Medium,3.3333333333333335,0.42857142857142855,6,0.0
10573,1953,Graduation,Divorced,62551.0,0,0,2013-11-18,27,125,16,98,134,21,27,1,6,7,4,3,1,0,0,0,0,0,3,11,71,421,0,1,0,17,1,223,23.38888888888889,1.8794642857142858,62551.0,3,0,60+,High,High,5.0,0.05555555555555555,6,0.2
3712,1959,Graduation,Divorced,52332.0,0,0,2013-08-28,63,212,5,33,7,0,2,1,3,2,6,4,0,1,0,0,0,0,3,11,65,259,0,1,0,11,1,305,21.583333333333332,0.8464052287581699,52332.0,3,0,60+,High,Medium,3.3333333333333335,0.08333333333333333,5,0.2
6637,1988,Graduation,Single,66951.0,0,0,2013-11-02,46,277,162,305,173,76,124,1,3,4,7,1,0,0,0,0,0,0,3,11,36,1117,0,1,0,14,0,239,74.46666666666667,4.654166666666667,66951.0,3,0,30-40,High,Very High,2.3333333333333335,0.06666666666666667,6,0.0
3152,1957,Graduation,Together,26091.0,1,1,2014-02-25,84,15,10,19,8,17,20,3,2,1,3,5,0,0,0,0,0,0,3,11,67,89,2,4,1,6,0,124,12.714285714285714,0.712,6522.75,3,1,60+,Low,Medium,3.0,0.42857142857142855,6,0.0
5610,1965,Graduation,Together,33456.0,1,1,2014-04-21,58,7,3,10,8,1,7,2,1,0,3,7,0,0,0,0,0,0,3,11,59,36,2,4,1,4,0,69,7.2,0.5142857142857142,8364.0,3,1,50-60,Low,Low,3.0,0.4,6,0.0
6460,1982,Graduation,Married,28718.0,1,0,2013-07-13,78,12,4,6,11,8,16,2,2,0,3,8,0,0,0,0,0,0,3,11,42,57,1,3,1,5,0,351,9.5,0.16193181818181818,9572.666666666666,3,1,40-50,Low,Low,4.0,0.3333333333333333,6,0.0
1349,1970,Graduation,Married,50447.0,2,0,2014-04-21,4,85,7,24,2,3,27,1,3,1,3,6,0,0,0,0,0,0,3,11,54,148,2,4,1,7,0,69,18.5,2.1142857142857143,12611.75,3,1,50-60,Medium,Medium,4.0,0.125,6,0.0
1880,1959,PhD,Together,53537.0,1,1,2014-01-30,17,81,0,6,0,0,6,2,2,1,3,5,0,0,0,0,0,0,3,11,65,93,2,4,1,6,0,150,13.285714285714286,0.6158940397350994,13384.25,5,1,60+,High,Medium,3.0,0.2857142857142857,3,0.0
641,1967,Graduation,Single,52074.0,0,1,2014-04-04,77,59,0,12,0,0,48,1,2,2,2,4,1,0,0,0,0,0,3,11,57,119,1,2,1,6,1,86,17.0,1.367816091954023,26037.0,3,0,50-60,High,Medium,2.6666666666666665,0.14285714285714285,3,0.2
8717,1975,PhD,Married,80427.0,0,1,2012-09-12,56,1149,71,449,69,71,26,1,11,8,8,5,0,0,0,0,0,0,3,11,49,1835,1,3,1,27,0,655,65.53571428571429,2.7972560975609757,26809.0,5,1,40-50,Very High,Very High,9.0,0.03571428571428571,6,0.0
10314,1948,PhD,Married,83837.0,0,0,2012-12-16,79,847,66,119,86,89,111,1,9,10,5,4,0,1,0,1,0,0,3,11,76,1318,0,2,0,24,2,560,52.72,2.3493761140819966,41918.5,5,1,60+,Very High,Very High,7.333333333333333,0.04,6,0.4
10854,1970,PhD,Married,38853.0,1,1,2014-05-23,90,29,0,14,0,0,2,2,2,0,3,7,0,0,0,0,0,0,3,11,54,45,2,4,1,5,0,37,7.5,1.1842105263157894,9713.25,5,1,50-60,Medium,Low,3.6666666666666665,0.3333333333333333,3,0.0
6935,1951,2n Cycle,Married,78497.0,0,0,2013-12-01,44,207,26,447,75,0,223,1,5,7,12,2,0,0,0,1,0,0,3,11,73,978,0,2,0,24,1,210,39.12,4.6350710900473935,39248.5,2,1,60+,Very High,High,4.0,0.04,5,0.2
7698,1976,PhD,Married,51650.0,0,1,2014-05-11,81,152,3,22,2,5,7,1,4,1,4,5,0,0,0,0,0,0,3,11,48,191,1,3,1,9,0,49,19.1,3.82,17216.666666666668,5,1,40-50,High,Medium,4.333333333333333,0.1,6,0.0
3559,1988,2n Cycle,Married,16248.0,1,0,2014-05-10,77,12,11,10,3,12,9,3,2,1,3,6,0,0,0,0,0,0,3,11,36,57,1,3,1,6,0,50,8.142857142857142,1.1176470588235294,5416.0,2,1,30-40,Low,Low,3.3333333333333335,0.42857142857142855,6,0.0
10562,1946,Master,Married,66835.0,0,0,2013-09-28,21,620,26,195,34,17,141,1,6,4,13,2,0,0,0,0,0,0,3,11,78,1033,0,2,0,23,0,274,43.041666666666664,3.7563636363636363,33417.5,4,1,60+,High,High,4.666666666666667,0.041666666666666664,6,0.0
10796,1984,Master,Married,30477.0,1,0,2014-01-22,16,47,1,6,0,0,12,1,1,1,3,6,0,0,0,0,0,0,3,11,40,66,1,3,1,5,0,158,11.0,0.41509433962264153,10159.0,4,1,30-40,Low,Low,2.6666666666666665,0.16666666666666666,4,0.0
2563,1961,Basic,Married,28249.0,0,0,2014-06-15,80,1,9,7,2,14,10,1,2,0,3,6,0,0,0,0,0,0,3,11,63,43,0,2,0,5,0,14,7.166666666666667,2.8666666666666667,14124.5,1,1,60+,Low,Low,3.3333333333333335,0.16666666666666666,6,0.0
3518,1983,Graduation,Married,25271.0,1,0,2012-12-05,45,10,1,18,10,4,7,1,1,1,2,9,0,0,0,0,0,0,3,11,41,50,1,3,1,4,0,571,10.0,0.08741258741258741,8423.666666666666,3,1,40-50,Low,Low,3.6666666666666665,0.2,6,0.0
5823,1970,PhD,Single,32303.0,0,1,2014-03-08,63,35,0,2,0,0,2,2,1,0,4,5,0,0,0,0,0,0,3,11,54,39,1,2,1,5,0,113,6.5,0.34210526315789475,16151.5,5,0,50-60,Low,Low,2.3333333333333335,0.3333333333333333,3,0.0
3934,1966,Graduation,Married,61286.0,0,1,2013-08-02,34,356,0,107,19,9,117,2,7,1,8,5,0,0,0,0,0,0,3,11,58,608,1,3,1,16,0,331,35.76470588235294,1.8313253012048192,20428.666666666668,3,1,50-60,High,High,6.333333333333333,0.11764705882352941,5,0.0
6982,1976,Graduation,Married,74068.0,0,0,2013-03-19,14,783,30,537,140,76,15,1,4,10,9,2,0,0,0,0,0,0,3,11,48,1581,0,2,0,23,0,467,65.875,3.378205128205128,37034.0,3,1,40-50,Very High,Very High,3.3333333333333335,0.041666666666666664,6,0.0
6431,1964,PhD,Married,45759.0,1,1,2013-02-23,13,42,1,18,3,0,4,2,2,0,3,7,0,0,0,0,0,0,3,11,60,68,2,4,1,5,0,491,11.333333333333334,0.13821138211382114,11439.75,5,1,50-60,Medium,Low,3.6666666666666665,0.3333333333333333,5,0.0
9733,1978,Basic,Together,24882.0,1,0,2012-09-09,52,1,4,10,29,0,36,1,1,1,2,6,1,0,0,0,0,0,3,11,46,80,1,3,1,4,1,658,16.0,0.12139605462822459,8294.0,1,1,40-50,Low,Medium,2.6666666666666665,0.2,5,0.2
5602,1989,PhD,Together,66973.0,0,0,2013-05-17,98,466,22,432,147,113,102,1,8,7,12,3,0,0,0,0,0,0,3,11,35,1282,0,2,0,27,0,408,45.785714285714285,3.1344743276283618,33486.5,5,1,30-40,High,Very High,6.333333333333333,0.03571428571428571,6,0.0
1324,1988,Graduation,Married,38872.0,1,0,2013-05-30,93,23,3,21,3,19,22,2,3,0,3,8,0,0,0,0,0,0,3,11,36,91,1,3,1,6,0,395,13.0,0.2297979797979798,12957.333333333334,3,1,30-40,Medium,Medium,4.666666666666667,0.2857142857142857,6,0.0
326,1973,Graduation,Married,51148.0,1,1,2013-02-18,38,235,6,45,8,9,12,4,5,1,6,6,0,0,0,0,0,0,3,11,51,315,2,4,1,12,0,496,24.23076923076923,0.6338028169014085,12787.0,3,1,50-60,Medium,Medium,5.333333333333333,0.3076923076923077,6,0.0
7224,1977,Graduation,Married,31353.0,1,1,2013-12-29,24,10,0,10,3,1,7,2,1,1,2,8,0,0,0,0,0,0,3,11,47,31,2,4,1,4,0,182,6.2,0.16939890710382513,7838.25,3,1,40-50,Low,Low,3.3333333333333335,0.4,5,0.0
6999,1980,Master,Married,69661.0,0,0,2014-05-13,80,656,16,106,32,16,8,1,7,3,12,3,0,0,0,0,0,0,3,11,44,834,0,2,0,22,0,47,36.26086956521739,17.375,34830.5,4,1,40-50,Very High,High,5.666666666666667,0.043478260869565216,6,0.0
9938,1954,Graduation,Married,80067.0,0,0,2013-09-19,82,519,17,813,27,173,51,1,4,6,6,2,0,0,1,0,0,0,3,11,70,1600,0,2,0,16,1,283,94.11764705882354,5.633802816901408,40033.5,3,1,60+,Very High,Very High,3.3333333333333335,0.058823529411764705,6,0.2
6422,1954,Graduation,Married,86718.0,0,0,2013-01-17,20,344,189,482,50,33,172,1,5,6,5,2,0,0,0,0,0,0,3,11,70,1270,0,2,0,16,0,528,74.70588235294117,2.4007561436672966,43359.0,3,1,60+,Very High,Very High,4.0,0.058823529411764705,6,0.0
3182,1973,PhD,Single,46854.0,1,1,2014-03-31,81,96,1,79,7,1,79,6,5,1,3,8,1,0,0,0,0,0,3,11,51,263,2,3,1,9,1,90,26.3,2.89010989010989,15618.0,5,0,50-60,Medium,Medium,6.0,0.6,6,0.2
7300,1952,Graduation,Divorced,69142.0,0,1,2014-06-29,50,448,4,34,6,4,39,3,8,1,7,5,0,1,0,0,0,0,3,11,72,535,1,2,1,16,1,0,31.470588235294116,535.0,34571.0,3,0,60+,Very High,High,7.0,0.17647058823529413,6,0.2
10424,1968,Graduation,Single,75922.0,0,0,2013-12-09,60,265,138,553,224,23,92,1,4,4,9,1,0,0,0,0,0,0,3,11,56,1295,0,1,0,17,0,202,71.94444444444444,6.379310344827586,75922.0,3,0,50-60,Very High,Very High,3.0,0.05555555555555555,6,0.0
8727,1978,Graduation,Divorced,63693.0,0,1,2013-10-14,63,587,43,337,42,87,54,3,11,6,9,6,0,0,0,0,0,0,3,11,46,1150,1,2,1,26,0,258,42.592592592592595,4.44015444015444,31846.5,3,0,40-50,High,Very High,9.333333333333334,0.1111111111111111,6,0.0
1030,1965,PhD,Single,40637.0,1,1,2013-07-17,72,22,0,13,0,0,3,2,1,0,3,7,0,0,0,0,0,0,3,11,59,38,2,3,1,4,0,347,7.6,0.10919540229885058,13545.666666666666,5,0,50-60,Medium,Low,3.0,0.4,3,0.0
624,1984,Master,Single,18890.0,0,0,2012-11-10,5,6,4,1,7,2,15,1,0,1,2,6,1,0,0,0,0,0,3,11,40,35,0,1,0,3,1,596,8.75,0.05862646566164154,18890.0,4,0,30-40,Low,Low,2.0,0.25,6,0.2
5176,1988,Graduation,Together,29604.0,1,0,2013-12-08,88,7,6,13,7,6,14,1,1,0,3,9,1,0,0,0,0,0,3,11,36,53,1,3,1,4,1,203,10.6,0.25980392156862747,9868.0,3,1,30-40,Low,Low,3.6666666666666665,0.2,6,0.2
5552,1963,Master,Divorced,48721.0,1,1,2013-05-13,50,81,18,113,47,13,21,6,4,2,5,6,0,0,0,0,0,0,3,11,61,293,2,3,1,11,0,412,24.416666666666668,0.7094430992736077,16240.333333333334,4,0,60+,Medium,Medium,4.666666666666667,0.5,6,0.0
868,1966,Graduation,Married,44794.0,0,1,2014-06-08,99,54,0,7,0,0,4,1,2,0,3,6,0,0,0,0,0,0,3,11,58,65,1,3,1,5,0,21,10.833333333333334,2.9545454545454546,14931.333333333334,3,1,50-60,Medium,Low,3.3333333333333335,0.16666666666666666,3,0.0
380,1954,Graduation,Divorced,64497.0,0,1,2012-09-10,17,1170,48,320,42,32,192,5,11,4,9,8,1,0,0,0,0,0,3,11,70,1804,1,2,1,24,1,657,72.16,2.7416413373860182,32248.5,3,0,60+,High,Very High,10.0,0.2,6,0.2
2677,1956,Graduation,Together,46097.0,0,1,2013-03-31,11,72,24,68,65,4,8,5,3,1,6,4,0,0,0,0,0,0,3,11,68,241,1,3,1,10,0,455,21.90909090909091,0.5285087719298246,15365.666666666666,3,1,60+,Medium,Medium,3.3333333333333335,0.45454545454545453,6,0.0
6521,1954,Graduation,Together,77972.0,0,0,2014-03-18,18,613,22,319,33,102,12,1,4,6,9,1,0,0,0,0,0,0,3,11,70,1101,0,2,0,19,0,103,55.05,10.586538461538462,38986.0,3,1,60+,Very High,Very High,3.0,0.05,6,0.0
6927,1968,PhD,Married,44377.0,1,1,2012-10-05,70,224,0,30,0,0,10,8,5,1,5,8,0,0,0,0,0,0,3,11,56,264,2,4,1,11,0,632,22.0,0.41706161137440756,11094.25,5,1,50-60,Medium,Medium,6.0,0.6666666666666666,3,0.0
2877,1974,Master,Together,46014.0,1,1,2013-01-21,21,410,0,59,19,9,44,10,7,1,8,7,0,0,0,0,0,0,3,11,50,541,2,4,1,16,0,524,31.823529411764707,1.0304761904761905,11503.5,4,1,40-50,Medium,High,7.0,0.5882352941176471,5,0.0
0,1985,Graduation,Married,70951.0,0,0,2013-05-04,66,239,10,554,254,87,54,1,3,4,9,1,0,0,0,0,0,0,3,11,39,1198,0,2,0,16,0,421,70.47058823529412,2.838862559241706,35475.5,3,1,30-40,Very High,Very High,2.3333333333333335,0.058823529411764705,6,0.0
1584,1977,Graduation,Married,41443.0,1,0,2014-04-01,79,171,7,171,25,19,89,6,8,1,5,8,0,0,0,0,0,0,3,11,47,482,1,3,1,14,0,89,32.13333333333333,5.355555555555555,13814.333333333334,3,1,40-50,Medium,High,8.0,0.4,6,0.0
7264,1978,2n Cycle,Single,52195.0,2,1,2014-05-12,2,12,0,4,0,0,1,1,1,0,2,8,0,0,0,0,0,0,3,11,46,17,3,4,1,3,0,48,4.25,0.3469387755102041,13048.75,2,0,40-50,High,Low,3.3333333333333335,0.25,3,0.0
6274,1948,Master,Married,83790.0,0,0,2013-11-15,81,1076,16,417,42,48,16,1,8,10,6,3,0,1,1,0,0,0,3,11,76,1615,0,2,0,24,2,226,64.6,7.11453744493392,41895.0,4,1,60+,Very High,Very High,6.333333333333333,0.04,6,0.4
1377,1954,Master,Widow,44551.0,0,1,2013-08-31,24,182,4,33,0,0,66,2,4,1,5,7,0,0,0,0,0,0,3,11,70,285,1,2,1,10,0,302,25.90909090909091,0.9405940594059405,22275.5,4,0,60+,Medium,Medium,5.0,0.18181818181818182,4,0.0
454,1980,Graduation,Together,69508.0,1,0,2012-11-14,48,824,32,162,42,32,43,2,11,4,11,6,0,0,0,0,0,0,3,11,44,1135,1,3,1,26,0,592,42.03703703703704,1.9139966273187183,23169.333333333332,3,1,40-50,Very High,Very High,9.333333333333334,0.07407407407407407,6,0.0
1755,1988,2n Cycle,Together,45204.0,1,0,2014-04-11,93,30,11,25,29,1,18,1,1,1,4,3,0,0,0,0,0,0,3,11,36,114,1,3,1,6,0,79,16.285714285714285,1.425,15068.0,2,1,30-40,Medium,Medium,1.6666666666666667,0.14285714285714285,6,0.0
2075,1969,Graduation,Married,72460.0,0,0,2013-11-14,56,377,10,540,80,30,10,1,3,5,7,1,0,0,0,0,0,0,3,11,55,1047,0,2,0,15,0,227,65.4375,4.592105263157895,36230.0,3,1,50-60,Very High,Very High,2.3333333333333335,0.0625,6,0.0
4785,1970,PhD,Together,77622.0,0,2,2014-04-14,3,520,7,154,19,0,14,2,6,3,11,3,0,0,0,0,0,0,3,11,54,714,2,4,1,20,0,76,34.0,9.272727272727273,19405.5,5,1,50-60,Very High,High,5.0,0.09523809523809523,5,0.0
9076,1980,PhD,Married,30732.0,1,0,2013-01-05,44,155,1,25,0,1,3,4,4,1,4,8,0,0,0,0,0,0,3,11,44,185,1,3,1,9,0,540,18.5,0.3419593345656192,10244.0,5,1,40-50,Low,Medium,5.333333333333333,0.4,5,0.0
7079,1962,Graduation,Divorced,63887.0,0,1,2012-09-08,38,897,23,207,15,11,92,5,9,6,12,6,0,0,0,0,0,0,3,11,62,1245,1,2,1,27,0,659,44.464285714285715,1.8863636363636365,31943.5,3,0,60+,High,Very High,8.0,0.17857142857142858,6,0.0
4653,1978,Graduation,Together,42011.0,1,0,2013-03-26,46,131,0,16,2,1,39,4,3,1,4,8,0,0,0,0,0,0,3,11,46,189,1,3,1,8,0,460,21.0,0.40997830802603036,14003.666666666666,3,1,40-50,Medium,Medium,4.666666666666667,0.4444444444444444,5,0.0
7375,1976,Graduation,Together,51369.0,0,1,2012-10-25,84,297,7,79,0,11,182,2,8,2,4,8,0,0,0,0,0,0,3,11,48,576,1,3,1,14,0,612,38.4,0.9396411092985318,17123.0,3,1,40-50,Medium,High,8.0,0.13333333333333333,5,0.0
709,1952,Graduation,Divorced,51537.0,0,1,2012-12-09,27,787,20,204,0,0,92,3,2,2,11,8,0,0,0,0,0,0,3,11,72,1103,1,2,1,15,0,567,68.9375,1.9419014084507042,25768.5,3,0,60+,High,Very High,4.0,0.1875,4,0.0
460,1972,PhD,Married,79930.0,0,0,2012-08-08,72,792,86,740,67,51,17,1,3,5,8,2,0,0,0,0,0,0,3,11,52,1753,0,2,0,16,0,690,103.11764705882354,2.536903039073806,39965.0,5,1,50-60,Very High,Very High,2.6666666666666665,0.058823529411764705,6,0.0
3726,1986,PhD,Together,34320.0,1,0,2014-02-16,66,4,1,9,3,0,0,1,1,0,2,8,0,0,0,0,0,0,3,11,38,17,1,3,1,3,0,133,4.25,0.12686567164179105,11440.0,5,1,30-40,Low,Low,3.3333333333333335,0.25,4,0.0
6798,1966,Graduation,Single,37070.0,1,1,2013-03-20,30,231,7,137,4,15,39,9,5,1,8,7,0,0,0,0,0,0,3,11,58,433,2,3,1,14,0,466,28.866666666666667,0.9271948608137045,12356.666666666666,3,0,50-60,Medium,High,5.666666666666667,0.6,6,0.0
5341,1962,2n Cycle,Divorced,81975.0,0,1,2013-01-05,2,983,76,184,180,138,27,1,6,3,4,7,0,0,1,0,0,0,3,11,62,1588,1,2,1,13,1,540,113.42857142857143,2.9353049907578557,40987.5,2,0,60+,Very High,Very High,6.333333333333333,0.07142857142857142,6,0.2
1606,1971,Graduation,Together,38590.0,1,0,2013-05-15,65,3,1,8,4,3,3,1,1,0,2,8,0,0,0,0,0,0,3,11,53,22,1,3,1,3,0,410,5.5,0.0535279805352798,12863.333333333334,3,1,50-60,Medium,Low,3.3333333333333335,0.25,6,0.0
9617,1951,Graduation,Single,15033.0,0,0,2014-04-16,37,0,4,5,6,0,4,1,1,0,3,3,0,0,0,0,0,0,3,11,73,19,0,1,0,4,0,74,3.8,0.25333333333333335,15033.0,3,0,60+,Low,Low,1.6666666666666667,0.2,4,0.0
3233,1965,PhD,Married,62745.0,0,1,2013-03-23,89,562,21,464,28,10,32,3,7,8,11,5,0,0,0,0,0,0,3,11,59,1117,1,3,1,26,0,463,41.370370370370374,2.4073275862068964,20915.0,5,1,50-60,High,Very High,6.333333333333333,0.1111111111111111,6,0.0
89,1975,2n Cycle,Married,22212.0,1,0,2013-12-09,49,5,9,20,6,8,21,2,2,0,4,6,0,0,0,0,0,0,3,11,49,69,1,3,1,6,0,202,9.857142857142858,0.3399014778325123,7404.0,2,1,40-50,Low,Medium,3.3333333333333335,0.2857142857142857,6,0.0
2936,1982,Master,Together,23661.0,1,0,2013-12-04,46,18,0,4,0,0,1,1,1,0,3,7,0,0,0,0,0,0,3,11,42,23,1,3,1,4,0,207,4.6,0.11057692307692307,7887.0,4,1,40-50,Low,Low,3.0,0.2,3,0.0
9449,1958,PhD,Single,79761.0,0,1,2013-10-04,32,415,5,124,15,35,11,1,5,2,11,3,0,0,0,0,0,0,3,11,66,605,1,2,1,18,0,268,31.842105263157894,2.2490706319702602,39880.5,5,0,60+,Very High,High,4.333333333333333,0.05263157894736842,6,0.0
313,1968,Graduation,Widow,73455.0,0,0,2013-10-28,98,901,61,757,186,163,20,1,6,5,10,3,0,1,0,0,0,0,3,11,56,2088,0,1,0,21,1,244,94.9090909090909,8.522448979591836,73455.0,3,0,50-60,Very High,Very High,5.0,0.045454545454545456,6,0.2
9940,1958,Graduation,Together,64961.0,0,1,2012-12-23,97,382,114,276,75,124,38,2,6,4,4,3,0,0,0,0,0,0,3,11,66,1009,1,3,1,14,0,553,67.26666666666667,1.8212996389891696,21653.666666666668,3,1,60+,High,High,5.0,0.13333333333333333,6,0.0
10735,1971,Graduation,Single,22804.0,1,0,2013-07-31,75,14,1,7,2,1,1,1,2,0,2,9,0,0,0,0,0,0,3,11,53,26,1,2,1,4,0,333,5.2,0.07784431137724551,11402.0,3,0,50-60,Low,Low,4.333333333333333,0.2,6,0.0
9529,1990,Graduation,Married,73687.0,0,0,2013-11-28,8,559,153,503,218,13,181,1,3,9,9,2,0,0,0,1,0,0,3,11,34,1627,0,2,0,21,1,213,73.95454545454545,7.602803738317757,36843.5,3,1,30-40,Very High,Very High,2.6666666666666665,0.045454545454545456,6,0.2
6439,1958,Graduation,Married,61074.0,0,1,2012-08-17,37,789,0,133,0,28,152,7,11,5,8,7,0,0,0,0,0,0,3,11,66,1102,1,3,1,24,0,681,44.08,1.6158357771260996,20358.0,3,1,60+,High,Very High,9.666666666666666,0.28,4,0.0
7411,1964,PhD,Married,31686.0,1,1,2014-06-05,31,11,0,5,0,0,1,2,1,0,3,6,0,0,0,0,0,0,3,11,60,17,2,4,1,4,0,24,3.4,0.68,7921.5,5,1,50-60,Low,Low,2.6666666666666665,0.4,3,0.0
2176,1972,Graduation,Married,80134.0,1,0,2013-05-20,40,1218,16,272,104,0,80,2,5,3,6,6,0,1,1,1,0,0,3,11,52,1690,1,3,1,14,3,405,112.66666666666667,4.16256157635468,26711.333333333332,3,1,50-60,Very High,Very High,5.333333333333333,0.13333333333333333,5,0.6
9265,1953,Graduation,Married,75027.0,0,1,2013-01-09,74,925,64,179,133,12,77,2,9,4,6,5,0,0,0,0,0,0,3,11,71,1390,1,3,1,19,0,536,69.5,2.5884543761638734,25009.0,3,1,60+,Very High,Very High,7.666666666666667,0.1,6,0.0
8867,1988,PhD,Married,67546.0,0,0,2012-08-31,90,864,134,768,150,38,172,1,4,10,5,3,0,0,0,0,0,0,3,11,36,2126,0,2,0,19,0,667,106.3,3.182634730538922,33773.0,5,1,30-40,High,Very High,3.6666666666666665,0.05,6,0.0
8932,1969,Master,Together,65176.0,0,1,2012-10-29,57,960,28,183,220,70,70,4,9,6,6,6,0,0,0,0,0,0,3,11,55,1531,1,3,1,21,0,608,69.5909090909091,2.5139573070607555,21725.333333333332,4,1,50-60,High,Very High,8.0,0.18181818181818182,6,0.0
10236,1975,Master,Single,31160.0,1,0,2013-09-16,59,16,3,25,6,1,13,2,2,0,3,8,0,0,0,0,0,0,3,11,49,64,1,2,1,5,0,286,10.666666666666666,0.2229965156794425,15580.0,4,0,40-50,Low,Low,4.0,0.3333333333333333,6,0.0
6340,1985,Graduation,Single,29938.0,1,0,2013-10-27,52,3,3,7,0,2,11,2,1,0,3,6,0,0,0,0,0,0,3,11,39,26,1,2,1,4,0,245,5.2,0.10569105691056911,14969.0,3,0,30-40,Low,Low,2.6666666666666665,0.4,5,0.0
2227,1958,2n Cycle,Together,26490.0,0,0,2012-09-22,92,45,47,52,21,20,25,2,3,1,5,6,0,0,0,0,0,0,3,11,66,210,0,2,0,9,0,645,21.0,0.32507739938080493,13245.0,2,1,60+,Low,Medium,4.0,0.2,6,0.0
10992,1967,Graduation,Together,75702.0,1,1,2012-08-29,77,650,28,353,45,42,30,5,4,6,11,8,0,0,0,0,0,0,3,11,57,1148,2,4,1,21,0,669,52.18181818181818,1.7134328358208955,18925.5,3,1,50-60,Very High,Very High,5.333333333333333,0.22727272727272727,6,0.0
5304,1974,PhD,Single,30899.0,1,0,2012-10-13,35,24,0,8,0,0,1,2,1,0,3,6,0,0,0,0,0,0,3,11,50,33,1,2,1,4,0,624,6.6,0.0528,15449.5,5,0,40-50,Low,Low,2.6666666666666665,0.4,3,0.0
309,1961,PhD,Together,63342.0,0,1,2012-10-16,48,918,21,118,13,10,21,3,8,3,5,6,0,1,0,0,0,0,3,11,63,1101,1,3,1,16,1,621,64.76470588235294,1.770096463022508,21114.0,5,1,60+,High,Very High,7.333333333333333,0.17647058823529413,6,0.2
3406,1964,Graduation,Single,45989.0,0,1,2012-10-22,97,138,33,87,28,24,12,4,3,2,7,3,0,0,0,0,0,0,3,11,60,322,1,2,1,12,0,615,24.76923076923077,0.5227272727272727,22994.5,3,0,50-60,Medium,Medium,3.0,0.3076923076923077,6,0.0
2661,1964,Graduation,Single,18701.0,1,1,2013-06-04,95,12,4,2,10,6,10,4,2,0,4,5,0,0,0,0,0,0,3,11,60,44,2,3,1,6,0,390,6.285714285714286,0.11253196930946291,6233.666666666667,3,0,50-60,Low,Low,3.0,0.5714285714285714,6,0.0
3153,1957,PhD,Single,40737.0,2,1,2013-12-08,24,11,0,4,0,0,2,1,1,0,2,8,0,0,0,0,0,0,3,11,67,17,3,4,1,3,0,203,4.25,0.08333333333333333,10184.25,5,0,60+,Medium,Low,3.3333333333333335,0.25,3,0.0
10264,1979,Graduation,Divorced,15287.0,1,0,2012-10-10,60,1,2,8,4,3,13,2,1,1,2,7,1,0,0,0,0,0,3,11,45,31,1,2,1,4,1,627,6.2,0.04936305732484077,7643.5,3,0,40-50,Low,Low,3.0,0.4,6,0.2
1184,1968,PhD,Divorced,69674.0,0,2,2013-05-22,46,554,41,215,11,0,24,3,10,2,10,5,0,0,0,0,0,0,3,11,56,845,2,3,1,22,0,403,36.73913043478261,2.0915841584158414,23224.666666666668,5,0,50-60,Very High,High,8.333333333333334,0.13043478260869565,5,0.0
4200,1970,Master,Married,44159.0,1,0,2014-06-17,85,167,2,62,24,13,7,4,4,1,6,5,0,0,0,0,0,0,3,11,54,275,1,3,1,11,0,12,22.916666666666668,21.153846153846153,14719.666666666666,4,1,50-60,Medium,Medium,4.333333333333333,0.3333333333333333,6,0.0
9396,1978,PhD,Married,37717.0,1,0,2012-11-23,31,9,0,6,4,1,5,1,1,0,2,9,0,0,0,0,0,0,3,11,46,25,1,3,1,3,0,583,6.25,0.04280821917808219,12572.333333333334,5,1,40-50,Medium,Low,3.6666666666666665,0.25,5,0.0
2387,1952,Master,Together,43776.0,1,1,2013-02-03,9,177,2,71,3,2,20,6,5,2,4,8,0,0,0,0,0,0,3,11,72,275,2,4,1,11,0,511,22.916666666666668,0.537109375,10944.0,4,1,60+,Medium,Medium,6.0,0.5,6,0.0
6690,1966,Master,Married,38179.0,1,1,2013-03-14,30,38,4,22,4,2,20,4,3,1,3,7,0,0,0,0,0,0,3,11,58,90,2,4,1,7,0,472,11.25,0.19027484143763213,9544.75,4,1,50-60,Medium,Medium,4.333333333333333,0.5,6,0.0
1225,1963,Graduation,Married,80124.0,0,0,2014-06-26,47,483,84,398,205,84,241,1,3,7,8,1,1,0,0,0,0,0,3,11,61,1495,0,2,0,18,1,3,78.6842105263158,373.75,40062.0,3,1,60+,Very High,Very High,2.3333333333333335,0.05263157894736842,6,0.2
9703,1970,PhD,Married,38097.0,1,1,2012-10-15,70,77,2,35,0,1,69,4,3,2,2,7,1,0,0,0,0,0,3,11,54,184,2,4,1,7,1,622,23.0,0.2953451043338684,9524.25,5,1,50-60,Medium,Medium,4.333333333333333,0.5,5,0.2
291,1970,Graduation,Married,72940.0,0,0,2013-06-19,13,182,74,298,162,149,116,1,3,3,6,1,0,0,0,0,0,0,3,11,54,981,0,2,0,12,0,375,75.46153846153847,2.609042553191489,36470.0,3,1,50-60,Very High,High,2.3333333333333335,0.07692307692307693,6,0.0
4557,1970,Graduation,Together,22070.0,1,0,2013-10-04,11,10,7,19,8,2,21,2,2,2,2,6,0,0,0,0,0,0,3,11,54,67,1,3,1,6,0,268,9.571428571428571,0.24907063197026022,7356.666666666667,3,1,50-60,Low,Low,3.3333333333333335,0.2857142857142857,6,0.0
2379,1953,Graduation,Single,69267.0,0,0,2012-09-22,31,778,44,499,95,73,146,2,3,4,5,7,0,0,0,0,0,0,3,11,71,1635,0,1,0,12,0,645,125.76923076923077,2.5309597523219813,69267.0,3,0,60+,Very High,Very High,4.333333333333333,0.15384615384615385,6,0.0
5726,1983,Master,Single,31788.0,1,0,2014-03-20,15,16,7,23,0,8,6,3,3,0,4,5,0,0,0,0,0,1,3,11,41,60,1,2,1,7,0,101,7.5,0.5882352941176471,15894.0,4,0,40-50,Low,Low,3.6666666666666665,0.375,5,0.0
3066,1975,PhD,Together,61905.0,0,1,2014-02-04,2,167,0,43,6,2,13,2,4,2,4,5,0,0,0,0,0,0,3,11,49,231,1,3,1,10,0,145,21.0,1.582191780821918,20635.0,5,1,40-50,High,Medium,4.333333333333333,0.18181818181818182,5,0.0
6336,1960,Graduation,Married,29315.0,1,1,2014-04-06,55,13,2,14,8,7,4,4,2,0,4,6,0,0,0,0,0,0,3,11,64,48,2,4,1,6,0,84,6.857142857142857,0.5647058823529412,7328.75,3,1,60+,Low,Low,3.3333333333333335,0.5714285714285714,6,0.0
10967,1963,Graduation,Divorced,33378.0,1,1,2013-02-06,38,33,6,40,3,7,10,3,2,0,4,7,0,0,0,0,0,0,3,11,61,99,2,3,1,6,0,508,14.142857142857142,0.1944990176817289,11126.0,3,0,60+,Low,Medium,3.6666666666666665,0.42857142857142855,6,0.0
2304,1963,PhD,Together,66313.0,0,1,2013-09-16,86,625,7,99,10,22,7,2,6,3,12,4,0,0,0,0,0,0,3,11,61,770,1,3,1,21,0,286,35.0,2.682926829268293,22104.333333333332,5,1,60+,High,High,5.333333333333333,0.09090909090909091,6,0.0
3445,1956,Graduation,Single,60714.0,0,0,2013-01-17,56,216,162,224,101,92,162,2,7,4,10,5,0,0,0,0,0,0,3,11,68,957,0,1,0,21,0,528,43.5,1.8090737240075614,60714.0,3,0,60+,High,High,6.333333333333333,0.09090909090909091,6,0.0
7828,1981,Master,Together,77882.0,0,0,2014-04-30,29,68,129,396,188,22,15,1,3,3,5,1,0,0,0,0,0,0,3,11,43,818,0,2,0,11,0,60,68.16666666666667,13.40983606557377,38941.0,4,1,40-50,Very High,High,2.3333333333333335,0.08333333333333333,6,0.0
3762,1986,PhD,Single,69867.0,0,0,2013-04-02,30,196,0,512,33,130,54,1,3,5,8,1,0,0,0,1,0,0,3,11,38,925,0,1,0,16,1,453,54.411764705882355,2.037444933920705,69867.0,5,0,30-40,Very High,High,2.3333333333333335,0.058823529411764705,5,0.2
4391,1968,Master,Divorced,63841.0,0,1,2013-04-21,64,635,15,100,20,7,131,1,9,3,9,6,0,0,0,0,0,0,3,11,56,908,1,2,1,21,0,434,41.27272727272727,2.0873563218390805,31920.5,4,0,50-60,High,High,8.0,0.045454545454545456,6,0.0
4669,1981,Basic,Married,24480.0,1,0,2013-02-11,46,4,19,9,28,25,17,3,3,0,4,7,0,0,0,0,0,0,3,11,43,102,1,3,1,7,0,503,12.75,0.20238095238095238,8160.0,1,1,40-50,Low,Medium,4.333333333333333,0.375,6,0.0
10144,1976,Graduation,Together,51369.0,0,1,2012-10-25,84,297,7,79,0,11,182,2,8,2,4,8,0,0,0,0,0,0,3,11,48,576,1,3,1,14,0,612,38.4,0.9396411092985318,17123.0,3,1,40-50,Medium,High,8.0,0.13333333333333333,5,0.0
8652,1946,Graduation,Together,37760.0,0,0,2012-08-31,20,84,5,38,150,12,28,2,4,1,6,7,0,0,0,0,0,0,3,11,78,317,0,2,0,11,0,667,26.416666666666668,0.4745508982035928,18880.0,3,1,60+,Medium,Medium,5.0,0.16666666666666666,6,0.0
1672,1974,PhD,Together,65640.0,0,1,2014-03-01,74,204,7,149,20,15,66,1,5,1,8,2,0,0,0,0,0,0,3,11,50,461,1,3,1,14,0,120,30.733333333333334,3.809917355371901,21880.0,5,1,40-50,High,High,4.0,0.06666666666666667,6,0.0
8962,1975,Master,Married,44319.0,1,1,2014-04-17,18,26,0,8,0,0,3,2,2,0,3,5,0,0,0,0,0,0,3,11,49,37,2,4,1,5,0,73,6.166666666666667,0.5,11079.75,4,1,40-50,Medium,Low,3.0,0.3333333333333333,3,0.0
9974,1974,Graduation,Married,30631.0,1,0,2013-07-12,75,15,6,20,4,5,20,1,3,1,2,7,0,0,0,0,0,0,3,11,50,70,1,3,1,6,0,352,10.0,0.19830028328611898,10210.333333333334,3,1,40-50,Low,Medium,4.333333333333333,0.14285714285714285,6,0.0
10983,1952,Graduation,Together,75278.0,0,0,2013-01-29,17,304,98,230,150,74,74,1,6,3,13,3,0,0,0,0,0,0,3,11,72,930,0,2,0,22,0,516,40.43478260869565,1.7988394584139265,37639.0,3,1,60+,Very High,High,5.0,0.043478260869565216,6,0.0
8148,1956,Master,Together,50898.0,1,1,2013-01-08,88,285,28,242,55,114,135,13,6,2,12,5,0,0,0,0,0,0,3,11,68,859,2,4,1,20,0,537,40.904761904761905,1.596654275092937,12724.5,4,1,60+,Medium,High,5.666666666666667,0.6190476190476191,6,0.0
10102,1966,Graduation,Widow,79946.0,0,0,2014-05-12,19,395,183,565,166,141,28,1,5,11,5,3,0,0,0,0,0,0,3,11,58,1478,0,1,0,21,0,48,67.18181818181819,30.163265306122447,79946.0,3,0,50-60,Very High,Very High,4.333333333333333,0.045454545454545456,6,0.0
4697,1949,Master,Divorced,35416.0,0,0,2013-06-13,62,248,3,81,4,3,51,3,7,1,5,8,0,0,0,0,0,0,3,11,75,390,0,1,0,13,0,381,27.857142857142858,1.0209424083769634,35416.0,4,0,60+,Low,Medium,7.333333333333333,0.21428571428571427,6,0.0
9262,1984,2n Cycle,Together,32414.0,0,0,2013-07-04,11,20,6,5,0,9,12,1,1,0,3,7,1,0,0,0,0,0,3,11,40,52,0,2,0,4,1,360,10.4,0.1440443213296399,16207.0,2,1,30-40,Low,Low,3.0,0.2,5,0.2
7254,1969,Graduation,Together,38361.0,1,0,2013-12-27,74,39,0,56,20,8,14,3,3,1,3,7,0,0,0,0,0,0,3,11,55,137,1,3,1,7,0,184,17.125,0.7405405405405405,12787.0,3,1,50-60,Medium,Medium,4.333333333333333,0.375,5,0.0
4543,1980,Graduation,Married,82497.0,0,0,2012-10-31,32,777,129,573,216,21,203,1,2,7,9,4,0,0,1,0,0,0,3,11,44,1919,0,2,0,18,1,606,101.0,3.161449752883031,41248.5,3,1,40-50,Very High,Very High,2.6666666666666665,0.05263157894736842,6,0.2
4927,1971,Graduation,Together,16626.0,2,0,2014-01-15,76,8,3,22,21,1,13,3,3,0,3,9,0,0,0,0,0,0,3,11,53,68,2,4,1,6,0,165,9.714285714285714,0.40963855421686746,4156.5,3,1,50-60,Low,Low,5.0,0.42857142857142855,6,0.0
10451,1965,Graduation,Together,29672.0,1,1,2013-03-12,6,9,1,3,0,4,8,1,0,0,3,6,0,0,0,0,0,0,3,11,59,25,2,4,1,3,0,474,6.25,0.05263157894736842,7418.0,3,1,50-60,Low,Low,2.0,0.25,5,0.0
2926,1952,Master,Together,55951.0,0,1,2012-08-23,62,1241,0,80,0,13,40,3,3,6,11,8,0,1,0,0,1,0,3,11,72,1374,1,3,1,20,2,675,65.42857142857143,2.032544378698225,18650.333333333332,4,1,60+,High,Very High,4.666666666666667,0.14285714285714285,4,0.4
2874,1988,2n Cycle,Divorced,35388.0,1,0,2013-03-07,20,6,4,7,4,3,8,1,1,0,3,7,0,0,0,0,0,0,3,11,36,32,1,2,1,4,0,479,6.4,0.06666666666666667,17694.0,2,0,30-40,Low,Low,3.0,0.2,6,0.0
9738,1986,Master,Together,42386.0,1,0,2013-01-13,43,65,4,16,0,4,11,1,3,0,3,8,0,0,0,0,0,0,3,11,38,100,1,3,1,6,0,532,14.285714285714286,0.18761726078799248,14128.666666666666,4,1,30-40,Medium,Medium,4.666666666666667,0.14285714285714285,5,0.0
7119,1982,Graduation,Single,68627.0,0,0,2013-01-12,45,395,15,263,60,54,38,1,2,3,6,1,0,0,0,0,0,0,3,11,42,825,0,1,0,11,0,533,68.75,1.5449438202247192,68627.0,3,0,40-50,Very High,High,1.6666666666666667,0.08333333333333333,6,0.0
3924,1965,PhD,Divorced,57912.0,0,1,2014-03-17,34,801,0,80,0,0,35,5,8,3,12,5,0,1,0,0,0,0,3,11,59,916,1,2,1,23,1,104,38.166666666666664,8.723809523809523,28956.0,5,0,50-60,High,High,7.0,0.20833333333333334,3,0.2
5827,1958,Graduation,Divorced,35246.0,1,1,2014-04-16,53,36,0,12,2,2,10,4,3,1,3,5,0,0,0,0,0,0,3,11,66,62,2,3,1,7,0,74,7.75,0.8266666666666667,11748.666666666666,3,0,60+,Low,Low,3.6666666666666665,0.5,5,0.0
5596,1956,2n Cycle,Together,58821.0,0,1,2013-10-12,44,513,14,154,19,0,28,1,9,2,9,6,0,0,0,0,0,0,3,11,68,728,1,3,1,20,0,260,34.666666666666664,2.789272030651341,19607.0,2,1,60+,High,High,8.0,0.047619047619047616,5,0.0
10812,1978,PhD,Married,46377.0,1,0,2014-03-01,89,37,0,46,4,3,0,1,2,1,3,4,0,0,0,0,0,0,3,11,46,90,1,3,1,6,0,120,12.857142857142858,0.743801652892562,15459.0,5,1,40-50,Medium,Medium,2.6666666666666665,0.14285714285714285,4,0.0
1717,1988,Graduation,Single,39747.0,1,0,2014-04-13,43,80,15,93,20,13,52,3,5,1,4,8,0,0,0,0,0,0,3,11,36,273,1,2,1,10,0,77,24.818181818181817,3.5,19873.5,3,0,30-40,Medium,Medium,6.0,0.2727272727272727,6,0.0
9491,1984,Graduation,Together,23976.0,1,0,2013-12-27,68,14,1,21,2,3,25,3,3,1,3,7,0,0,0,0,0,0,3,11,40,66,1,3,1,7,0,184,8.25,0.3567567567567568,7992.0,3,1,30-40,Low,Low,4.333333333333333,0.375,6,0.0
9274,1961,Master,Married,80950.0,0,0,2013-03-28,44,525,147,112,219,147,63,1,6,7,9,2,0,0,0,1,0,0,3,11,63,1213,0,2,0,22,1,458,52.73913043478261,2.6427015250544663,40475.0,4,1,60+,Very High,Very High,4.666666666666667,0.043478260869565216,6,0.2
6609,1966,Graduation,Widow,27038.0,0,0,2012-09-18,64,1,26,25,17,23,15,1,3,0,3,9,0,0,0,0,0,0,3,11,58,107,0,1,0,6,0,649,15.285714285714286,0.1646153846153846,27038.0,3,0,50-60,Low,Medium,5.0,0.14285714285714285,6,0.0
6963,1947,Graduation,Single,77457.0,0,0,2014-03-05,85,675,11,400,15,45,11,1,2,5,10,1,0,0,1,0,0,0,3,11,77,1157,0,1,0,17,1,116,64.27777777777777,9.88888888888889,77457.0,3,0,60+,Very High,Very High,1.6666666666666667,0.05555555555555555,6,0.2
4440,1964,Master,Married,64100.0,0,1,2013-09-10,93,509,0,27,0,0,10,1,8,3,6,7,0,1,0,0,0,0,3,11,60,546,1,3,1,17,1,292,30.333333333333332,1.863481228668942,21366.666666666668,4,1,50-60,High,High,7.666666666666667,0.05555555555555555,3,0.2
1379,1992,Master,Together,42670.0,0,0,2013-04-27,12,154,2,46,20,4,15,1,4,2,4,4,0,0,0,0,0,0,3,11,32,241,0,2,0,10,0,428,21.90909090909091,0.5617715617715617,21335.0,4,1,30-40,Medium,Medium,4.0,0.09090909090909091,6,0.0
10032,1976,Graduation,Divorced,12571.0,1,0,2014-01-18,86,3,5,14,2,12,17,4,3,1,3,6,0,0,0,0,0,0,3,11,48,53,1,2,1,7,0,162,6.625,0.32515337423312884,6285.5,3,0,40-50,Low,Low,4.0,0.5,6,0.0
2826,1967,Graduation,Married,22574.0,2,1,2013-10-28,28,25,0,8,2,0,2,2,2,0,3,7,0,0,0,0,0,0,3,11,57,37,3,5,1,5,0,244,6.166666666666667,0.1510204081632653,4514.8,3,1,50-60,Low,Low,3.6666666666666665,0.3333333333333333,4,0.0
2437,1989,Graduation,Married,51381.5,0,0,2013-06-03,69,861,138,461,60,30,61,1,6,5,12,3,0,1,0,1,0,0,3,11,35,1611,0,2,0,23,2,391,67.125,4.10969387755102,25690.75,3,1,30-40,Medium,Very High,5.0,0.041666666666666664,6,0.4
6320,1976,Master,Single,70893.0,0,0,2013-02-06,42,768,44,561,77,44,14,1,6,6,10,3,0,0,0,0,0,0,3,11,48,1508,0,1,0,22,0,508,65.56521739130434,2.9626719056974458,70893.0,4,0,40-50,Very High,Very High,5.0,0.043478260869565216,6,0.0
3050,1966,Graduation,Married,54198.0,1,1,2013-12-17,13,185,0,28,3,2,17,6,3,1,6,4,0,0,0,0,0,0,3,11,58,235,2,4,1,10,0,194,21.363636363636363,1.205128205128205,13549.5,3,1,50-60,High,Medium,3.3333333333333335,0.5454545454545454,5,0.0
231,1956,Master,Together,28839.0,1,1,2014-03-11,86,24,0,7,0,0,1,2,2,0,3,5,0,0,0,0,0,0,3,11,68,32,2,4,1,5,0,110,5.333333333333333,0.2882882882882883,7209.75,4,1,60+,Low,Low,3.0,0.3333333333333333,3,0.0
2392,1972,Graduation,Married,40321.0,1,1,2013-07-29,59,44,4,21,6,0,27,2,3,0,3,7,0,0,0,0,0,0,3,11,52,102,2,4,1,6,0,335,14.571428571428571,0.30357142857142855,10080.25,3,1,50-60,Medium,Medium,4.333333333333333,0.2857142857142857,5,0.0
9478,1985,Graduation,Single,66503.0,1,0,2012-08-14,30,91,64,128,65,3,50,2,4,3,6,3,0,0,0,0,0,0,3,11,39,401,1,2,1,13,0,684,28.642857142857142,0.5854014598540146,33251.5,3,0,30-40,High,High,3.6666666666666665,0.14285714285714285,6,0.0
113,1951,Graduation,Married,30833.0,1,1,2013-07-16,33,11,0,7,3,1,6,2,1,0,3,5,0,0,0,0,0,0,3,11,73,28,2,4,1,4,0,348,5.6,0.08022922636103152,7708.25,3,1,60+,Low,Low,2.3333333333333335,0.4,5,0.0
2863,1970,Graduation,Single,51381.5,1,2,2013-08-23,67,738,20,172,52,50,20,6,2,3,10,7,0,1,0,1,0,0,3,11,54,1052,3,4,1,15,2,310,65.75,3.382636655948553,12845.375,3,0,50-60,Medium,Very High,3.6666666666666665,0.375,6,0.4
1802,1971,Graduation,Married,64795.0,0,1,2013-01-17,23,412,5,119,38,29,77,3,3,3,12,2,0,0,0,0,0,0,3,11,53,680,1,3,1,18,0,528,35.78947368421053,1.285444234404537,21598.333333333332,3,1,50-60,High,High,2.6666666666666665,0.15789473684210525,6,0.0
520,1974,Graduation,Married,34421.0,1,0,2013-07-01,81,3,3,7,6,2,9,1,1,0,2,7,0,0,0,0,0,0,3,11,50,30,1,3,1,3,0,363,7.5,0.08241758241758242,11473.666666666666,3,1,40-50,Low,Low,3.0,0.25,6,0.0
8275,1965,PhD,Divorced,47025.0,1,1,2014-02-09,6,16,0,3,0,0,1,1,1,0,2,7,0,0,0,0,0,0,3,11,59,20,2,3,1,3,0,140,5.0,0.14184397163120568,15675.0,5,0,50-60,Medium,Low,3.0,0.25,3,0.0
9750,1961,PhD,Divorced,64325.0,0,1,2013-02-07,41,731,60,353,78,12,73,5,10,3,5,7,0,0,0,0,0,0,3,11,63,1307,1,2,1,18,0,507,68.78947368421052,2.572834645669291,32162.5,5,0,60+,High,Very High,9.0,0.2631578947368421,6,0.0
2607,1953,Graduation,Single,40464.0,0,1,2013-01-11,78,424,17,118,7,23,41,6,8,2,8,8,0,0,0,0,0,0,3,11,71,630,1,2,1,18,0,534,33.1578947368421,1.1775700934579438,20232.0,3,0,60+,Medium,High,8.0,0.3157894736842105,6,0.0
7214,1957,Graduation,Married,62187.0,0,0,2013-07-05,49,792,0,275,45,45,126,1,4,8,5,3,0,0,0,0,0,0,3,11,67,1283,0,2,0,17,0,359,71.27777777777777,3.563888888888889,31093.5,3,1,60+,High,Very High,3.6666666666666665,0.05555555555555555,5,0.0
5835,1976,PhD,Divorced,14849.0,1,0,2013-07-02,39,21,2,28,3,2,9,3,2,0,4,8,0,0,0,0,0,0,3,11,48,65,1,2,1,6,0,362,9.285714285714286,0.1790633608815427,7424.5,5,0,40-50,Low,Low,4.0,0.42857142857142855,6,0.0
3896,1984,Graduation,Married,27255.0,1,0,2013-11-07,3,22,1,11,0,1,2,1,1,0,3,7,0,0,0,0,0,0,3,11,40,37,1,3,1,4,0,234,7.4,0.1574468085106383,9085.0,3,1,30-40,Low,Low,3.0,0.2,5,0.0
10350,1950,PhD,Married,54432.0,2,1,2013-05-09,37,33,0,5,0,0,0,1,1,0,3,4,0,0,0,0,0,0,3,11,74,38,3,5,1,4,0,416,7.6,0.09112709832134293,10886.4,5,1,60+,High,Low,2.0,0.2,2,0.0
7786,1986,PhD,Single,29999.0,1,0,2013-02-13,22,68,7,59,10,5,11,4,3,1,4,8,0,0,0,0,0,0,3,11,38,160,1,2,1,8,0,501,17.77777777777778,0.3187250996015936,14999.5,5,0,30-40,Low,Medium,4.666666666666667,0.4444444444444444,6,0.0
2861,1983,Graduation,Single,24072.0,1,0,2013-04-16,79,9,1,6,3,0,4,1,1,0,2,8,0,0,0,0,0,0,3,11,41,23,1,2,1,3,0,439,5.75,0.05227272727272727,12036.0,3,0,40-50,Low,Low,3.3333333333333335,0.25,5,0.0
663,1989,PhD,Single,33996.0,0,0,2013-09-11,46,40,2,15,8,0,6,1,1,1,3,4,0,0,0,0,0,0,3,11,35,71,0,1,0,5,0,291,11.833333333333334,0.24315068493150685,33996.0,5,0,30-40,Low,Medium,2.0,0.16666666666666666,5,0.0
10675,1956,PhD,Married,66334.0,0,1,2013-04-03,82,909,11,218,0,0,23,2,9,3,5,5,0,0,0,0,0,0,3,11,68,1161,1,3,1,17,0,452,64.5,2.562913907284768,22111.333333333332,5,1,60+,High,Very High,7.666666666666667,0.1111111111111111,4,0.0
2521,1971,Master,Married,35178.0,1,0,2013-01-10,10,23,1,13,2,2,18,1,1,1,2,7,1,0,0,0,0,0,3,11,53,59,1,3,1,4,1,535,11.8,0.11007462686567164,11726.0,4,1,50-60,Low,Low,3.0,0.2,6,0.2
9592,1983,Graduation,Together,22010.0,1,0,2013-06-30,51,11,2,9,3,0,8,2,2,0,3,8,0,0,0,0,0,0,3,11,41,33,1,3,1,5,0,364,5.5,0.09041095890410959,7336.666666666667,3,1,40-50,Low,Low,4.0,0.3333333333333333,5,0.0
10151,1960,Graduation,Divorced,62204.0,0,2,2012-09-12,38,317,46,247,151,46,139,1,4,5,12,3,0,0,0,0,0,0,3,11,64,946,2,3,1,21,0,655,43.0,1.4420731707317074,20734.666666666668,3,0,60+,High,High,3.6666666666666665,0.045454545454545456,6,0.0
7381,1968,Graduation,Divorced,75693.0,0,0,2012-12-06,10,797,153,293,72,97,30,1,11,4,6,4,0,1,1,1,0,0,3,11,56,1442,0,1,0,21,3,570,65.54545454545455,2.5253940455341506,75693.0,3,0,50-60,Very High,Very High,8.666666666666666,0.045454545454545456,6,0.6
4099,1972,Graduation,Married,30675.0,1,0,2012-11-12,14,10,2,16,11,2,21,1,1,0,3,8,0,0,0,0,0,0,3,11,52,62,1,3,1,4,0,594,12.4,0.10420168067226891,10225.0,3,1,50-60,Low,Low,3.3333333333333335,0.2,6,0.0
9560,1965,Graduation,Together,83003.0,0,0,2013-03-03,18,856,61,570,40,25,122,1,7,6,8,3,0,0,1,0,0,0,3,11,59,1674,0,2,0,21,1,483,76.0909090909091,3.458677685950413,41501.5,3,1,50-60,Very High,Very High,5.666666666666667,0.045454545454545456,6,0.2
10172,1988,Graduation,Single,68655.0,0,0,2012-08-10,95,456,19,832,75,118,38,1,4,5,11,3,0,0,0,0,0,0,3,11,36,1538,0,1,0,20,0,688,73.23809523809524,2.2322206095791,68655.0,3,0,30-40,Very High,Very High,3.6666666666666665,0.047619047619047616,6,0.0
11191,1986,Graduation,Divorced,41411.0,0,0,2013-12-07,11,37,32,38,11,3,18,1,2,1,4,6,0,0,0,0,0,0,3,11,38,139,0,1,0,7,0,204,17.375,0.6780487804878049,41411.0,3,0,30-40,Medium,Medium,3.3333333333333335,0.125,6,0.0
9707,1969,PhD,Married,55212.0,0,1,2012-11-23,65,1103,0,45,0,0,34,3,4,2,11,8,0,1,0,0,1,0,3,11,55,1182,1,3,1,17,2,583,65.66666666666667,2.0239726027397262,18404.0,5,1,50-60,High,Very High,5.333333333333333,0.16666666666666666,3,0.4
6245,1950,PhD,Together,59292.0,0,1,2013-06-13,71,378,14,68,19,14,14,2,3,5,8,3,0,0,0,0,0,0,3,11,74,507,1,3,1,16,0,381,29.823529411764707,1.3272251308900525,19764.0,5,1,60+,High,High,3.0,0.11764705882352941,6,0.0
8234,1973,Basic,Together,27190.0,1,0,2013-08-15,13,1,6,7,0,1,3,1,1,0,2,8,1,0,0,0,0,0,3,11,51,18,1,3,1,3,1,318,4.5,0.05642633228840126,9063.333333333334,1,1,50-60,Low,Low,3.3333333333333335,0.25,5,0.2
1411,1952,Graduation,Divorced,82623.0,0,0,2013-11-10,58,204,34,204,172,153,173,1,2,9,4,1,0,0,0,0,0,0,3,11,72,940,0,1,0,15,0,231,58.75,4.051724137931035,82623.0,3,0,60+,Very High,High,1.6666666666666667,0.0625,6,0.0
8553,1965,Graduation,Married,44300.0,1,1,2013-06-23,65,30,0,9,0,0,3,2,1,0,3,6,0,0,0,0,0,0,3,11,59,42,2,4,1,4,0,371,8.4,0.11290322580645161,11075.0,3,1,50-60,Medium,Low,2.6666666666666665,0.4,3,0.0
1826,1970,Graduation,Divorced,84835.0,0,0,2014-06-16,0,189,104,379,111,189,218,1,4,4,6,1,0,0,0,0,0,0,3,11,54,1190,0,1,0,14,0,13,79.33333333333333,85.0,84835.0,3,0,50-60,Very High,Very High,3.0,0.06666666666666667,6,0.0
8842,1971,Graduation,Widow,30372.0,1,1,2012-12-25,33,15,0,12,7,3,7,3,2,0,3,7,0,0,0,0,0,0,3,11,53,44,2,3,1,5,0,551,7.333333333333333,0.07971014492753623,10124.0,3,0,50-60,Low,Low,3.6666666666666665,0.5,5,0.0
11030,1976,Master,Married,33181.0,1,0,2014-01-03,90,9,0,3,0,0,4,1,1,0,2,6,1,0,0,0,0,0,3,11,48,16,1,3,1,3,1,177,4.0,0.0898876404494382,11060.333333333334,4,1,40-50,Low,Low,2.6666666666666665,0.25,3,0.2
2579,1957,Graduation,Married,71113.0,0,1,2013-12-17,95,495,33,255,11,33,8,4,6,7,9,4,0,0,0,0,0,0,3,11,67,835,1,3,1,22,0,194,36.30434782608695,4.282051282051282,23704.333333333332,3,1,60+,Very High,High,5.333333333333333,0.17391304347826086,6,0.0
175,1986,Graduation,Married,71952.0,1,0,2013-01-10,93,656,80,455,52,107,93,2,8,4,8,4,1,0,1,0,0,0,3,11,38,1443,1,3,1,20,2,535,68.71428571428571,2.6921641791044775,23984.0,3,1,30-40,Very High,Very High,6.666666666666667,0.09523809523809523,6,0.4
9185,1966,PhD,Single,69759.0,0,0,2013-10-28,38,452,20,514,13,30,0,3,4,6,5,3,0,0,0,0,0,0,3,11,58,1029,0,1,0,15,0,244,64.3125,4.2,69759.0,5,0,50-60,Very High,High,3.6666666666666665,0.1875,5,0.0
11056,1974,Graduation,Married,72099.0,0,0,2012-10-27,18,546,91,410,119,0,22,1,3,4,10,1,0,0,0,0,0,0,3,11,50,1188,0,2,0,17,0,610,66.0,1.944353518821604,36049.5,3,1,40-50,Very High,Very High,2.3333333333333335,0.05555555555555555,5,0.0
9365,1976,PhD,Single,60000.0,0,1,2012-12-22,57,1048,0,217,0,0,12,5,11,3,5,6,0,0,0,0,0,0,3,11,48,1277,1,2,1,19,0,554,63.85,2.300900900900901,30000.0,5,0,40-50,High,Very High,9.333333333333334,0.25,3,0.0
6201,1978,Graduation,Single,38643.0,1,1,2013-11-29,45,22,2,14,0,1,10,2,2,0,3,7,0,0,0,0,0,1,3,11,46,49,2,3,1,5,0,212,8.166666666666666,0.2300469483568075,12881.0,3,0,40-50,Medium,Low,3.6666666666666665,0.3333333333333333,5,0.0
2061,1955,Graduation,Married,50737.0,0,1,2013-05-11,61,78,0,11,0,0,10,1,2,0,4,6,0,1,0,0,0,0,3,11,69,99,1,3,1,6,1,414,14.142857142857142,0.2385542168674699,16912.333333333332,3,1,60+,Medium,Medium,3.3333333333333335,0.14285714285714285,3,0.2
6184,1969,PhD,Married,68462.0,0,0,2012-12-12,6,561,64,785,84,128,48,1,3,3,8,1,0,0,0,0,0,0,3,11,55,1670,0,2,0,14,0,564,111.33333333333333,2.9557522123893807,34231.0,5,1,50-60,Very High,Very High,2.3333333333333335,0.06666666666666667,6,0.0
6142,1943,Master,Married,65073.0,0,0,2013-08-20,65,629,17,177,69,0,8,1,5,3,5,2,0,0,0,0,0,1,3,11,81,900,0,2,0,13,0,313,64.28571428571429,2.8662420382165603,32536.5,4,1,60+,High,High,4.0,0.07142857142857142,5,0.0
4107,1948,PhD,Together,46681.0,0,2,2013-10-08,52,269,15,69,15,19,38,2,4,6,4,5,0,0,0,0,0,0,3,11,76,425,2,4,1,14,0,264,28.333333333333332,1.6037735849056605,11670.25,5,1,60+,Medium,High,4.333333333333333,0.13333333333333333,6,0.0
9336,1969,PhD,Widow,62187.0,0,1,2014-03-22,38,512,0,83,0,0,41,3,6,2,10,4,0,0,0,0,0,0,3,11,55,636,1,2,1,18,0,99,33.473684210526315,6.36,31093.5,5,0,50-60,High,High,5.333333333333333,0.15789473684210525,3,0.0
2958,1978,Graduation,Married,28442.0,2,0,2014-02-24,53,19,3,10,11,8,6,3,2,1,4,4,0,0,0,0,0,0,3,11,46,57,2,4,1,7,0,125,7.125,0.4523809523809524,7110.5,3,1,40-50,Low,Low,2.6666666666666665,0.375,6,0.0
933,1978,PhD,Married,37717.0,1,0,2012-11-23,31,9,0,6,4,1,5,1,1,0,2,9,0,0,0,0,0,0,3,11,46,25,1,3,1,3,0,583,6.25,0.04280821917808219,12572.333333333334,5,1,40-50,Medium,Low,3.6666666666666665,0.25,5,0.0
5837,1967,Graduation,Married,51479.0,1,1,2012-12-28,67,247,8,160,6,8,65,7,6,3,6,7,0,0,0,0,0,0,3,11,57,494,2,4,1,15,0,548,30.875,0.8998178506375227,12869.75,3,1,50-60,High,High,6.333333333333333,0.4375,6,0.0
10704,1969,Graduation,Single,54803.0,0,1,2012-08-21,65,404,0,92,28,27,142,2,6,2,9,4,0,0,0,0,0,0,3,11,55,693,1,2,1,17,0,677,38.5,1.0221238938053097,27401.5,3,0,50-60,High,High,5.333333333333333,0.1111111111111111,5,0.0
5125,1960,Graduation,Married,79530.0,0,0,2013-05-17,64,333,0,815,129,42,29,1,4,10,11,2,0,0,0,0,0,0,3,11,64,1348,0,2,0,25,0,408,51.84615384615385,3.295843520782396,39765.0,3,1,60+,Very High,Very High,3.3333333333333335,0.038461538461538464,5,0.0
4432,1976,Graduation,Divorced,31615.0,1,0,2013-03-16,82,2,3,20,6,11,9,2,2,0,3,7,0,0,0,0,0,0,3,11,48,51,1,2,1,5,0,470,8.5,0.10828025477707007,15807.5,3,0,40-50,Low,Low,3.6666666666666665,0.3333333333333333,6,0.0
5955,1962,Graduation,Together,72025.0,0,0,2012-11-17,27,833,33,549,151,133,233,1,4,3,8,3,0,0,0,0,0,0,3,11,62,1932,0,2,0,15,0,589,120.75,3.2745762711864406,36012.5,3,1,60+,Very High,Very High,3.6666666666666665,0.0625,6,0.0
2928,1975,PhD,Single,52614.0,0,1,2012-12-01,63,789,0,142,12,9,38,2,2,4,8,8,0,0,0,0,0,0,3,11,49,990,1,2,1,14,0,575,66.0,1.71875,26307.0,5,0,40-50,High,High,4.0,0.13333333333333333,5,0.0
5680,1984,2n Cycle,Married,35684.0,1,0,2014-04-22,66,10,4,7,0,6,3,1,1,0,3,6,0,0,0,0,0,0,3,11,40,30,1,3,1,4,0,68,6.0,0.43478260869565216,11894.666666666666,2,1,30-40,Medium,Low,2.6666666666666665,0.2,5,0.0
10313,1975,Graduation,Married,48178.0,1,1,2012-10-28,69,159,4,45,6,2,38,6,5,1,4,8,0,0,0,0,0,0,3,11,49,254,2,4,1,10,0,609,23.09090909090909,0.4163934426229508,12044.5,3,1,40-50,Medium,Medium,6.0,0.5454545454545454,6,0.0
2557,1970,Master,Single,29548.0,1,0,2013-08-29,52,7,1,6,3,1,11,1,1,1,2,4,1,0,0,0,0,0,3,11,54,29,1,2,1,4,1,304,5.8,0.09508196721311475,14774.0,4,0,50-60,Low,Low,2.0,0.2,6,0.2
1245,1966,Graduation,Single,63810.0,0,1,2012-11-11,45,977,12,253,16,12,101,4,4,3,12,8,0,1,0,0,0,0,3,11,58,1371,1,2,1,19,1,595,68.55,2.3003355704697985,31905.0,3,0,50-60,High,Very High,5.333333333333333,0.2,6,0.2
1519,1972,PhD,Single,38578.0,1,1,2013-06-22,2,38,4,22,3,3,3,3,3,0,3,8,0,0,0,0,0,0,3,11,52,73,2,3,1,6,0,372,10.428571428571429,0.19571045576407506,12859.333333333334,5,0,50-60,Medium,Medium,4.666666666666667,0.42857142857142855,6,0.0
10703,1975,Master,Single,46098.0,1,1,2012-08-18,86,57,0,27,0,0,36,4,3,2,2,8,0,0,0,0,0,0,3,11,49,120,2,3,1,7,0,680,15.0,0.1762114537444934,15366.0,4,0,40-50,Medium,Medium,4.666666666666667,0.5,3,0.0
1726,1970,Graduation,Single,22585.0,0,0,2013-03-18,23,3,9,15,13,2,39,1,1,1,2,9,1,0,0,0,0,0,3,11,54,81,0,1,0,4,1,468,16.2,0.17270788912579957,22585.0,3,0,50-60,Low,Medium,3.6666666666666665,0.2,6,0.2
4459,1989,Graduation,Single,30279.0,1,0,2012-12-30,13,10,4,14,4,4,1,1,1,0,3,8,0,0,0,0,0,0,3,11,35,37,1,2,1,4,0,546,7.4,0.06764168190127971,15139.5,3,0,30-40,Low,Low,3.3333333333333335,0.2,6,0.0
1729,1961,PhD,Together,66426.0,0,1,2013-10-02,14,1043,24,97,32,24,157,2,3,5,10,6,0,0,0,0,0,0,3,11,63,1377,1,3,1,18,0,270,72.47368421052632,5.081180811808118,22142.0,5,1,60+,High,Very High,4.0,0.10526315789473684,6,0.0
1517,1969,Graduation,Single,30822.0,1,0,2013-06-14,92,3,9,13,2,12,12,1,1,0,3,7,0,0,0,0,0,0,3,11,55,51,1,2,1,4,0,380,10.2,0.13385826771653545,15411.0,3,0,50-60,Low,Low,3.0,0.2,6,0.0
2098,1969,PhD,Married,33581.0,2,0,2013-01-08,38,11,0,5,0,0,1,1,1,0,2,8,0,0,0,0,0,0,3,11,55,17,2,4,1,3,0,537,4.25,0.031598513011152414,8395.25,5,1,50-60,Low,Low,3.3333333333333335,0.25,3,0.0
9543,1985,Graduation,Married,19986.0,1,0,2013-11-14,74,3,6,5,0,2,6,1,0,0,3,7,0,0,0,0,0,0,3,11,39,22,1,3,1,3,0,227,5.5,0.09649122807017543,6662.0,3,1,30-40,Low,Low,2.3333333333333335,0.25,5,0.0
6878,1954,Graduation,Widow,27421.0,0,0,2012-12-12,14,43,12,96,78,40,55,3,4,1,6,7,0,0,0,0,0,0,3,11,70,324,0,1,0,11,0,564,27.0,0.5734513274336284,27421.0,3,0,60+,Low,Medium,5.0,0.25,6,0.0
3310,1973,2n Cycle,Married,35688.0,2,1,2012-08-22,94,73,3,90,12,1,32,7,4,1,4,8,0,0,0,0,0,0,3,11,51,211,3,5,1,9,0,676,21.1,0.31166912850812406,7137.6,2,1,50-60,Medium,Medium,5.333333333333333,0.7,6,0.0
2724,1981,Master,Single,36143.0,1,0,2014-03-30,33,12,0,1,0,0,6,1,0,1,2,3,0,0,0,0,0,0,3,11,43,19,1,2,1,3,0,91,4.75,0.20652173913043478,18071.5,4,0,40-50,Medium,Low,1.0,0.25,3,0.0
948,1971,Graduation,Single,10245.0,1,0,2013-05-15,32,4,7,7,6,4,13,3,1,2,2,5,0,0,0,0,0,0,3,11,53,41,1,2,1,5,0,410,6.833333333333333,0.09975669099756691,5122.5,3,0,50-60,Low,Low,2.3333333333333335,0.5,6,0.0
6720,1968,Master,Together,43795.0,0,1,2013-10-16,11,314,11,53,4,3,107,3,7,3,4,7,0,1,0,0,0,0,3,11,56,492,1,3,1,14,1,256,32.8,1.9143968871595332,14598.333333333334,4,1,50-60,Medium,High,7.0,0.2,6,0.2
6202,1960,Graduation,Together,63381.0,0,1,2012-10-05,78,571,50,142,33,50,159,4,4,5,13,2,0,0,0,0,0,0,3,11,64,1005,1,3,1,22,0,632,43.69565217391305,1.5876777251184835,21127.0,3,1,60+,High,High,3.3333333333333335,0.17391304347826086,6,0.0
2066,1949,Graduation,Together,38823.0,0,1,2012-08-30,56,70,0,11,2,8,23,1,2,1,3,6,0,0,0,0,0,0,3,11,75,114,1,3,1,6,0,668,16.285714285714285,0.17040358744394618,12941.0,3,1,60+,Medium,Medium,3.3333333333333335,0.14285714285714285,5,0.0
9799,1968,PhD,Divorced,83664.0,1,1,2013-05-08,57,866,21,151,28,21,86,3,2,2,12,5,0,0,0,0,0,0,3,11,56,1173,2,3,1,16,0,417,69.0,2.8062200956937797,27888.0,5,0,50-60,Very High,Very High,3.0,0.17647058823529413,6,0.0
8318,1979,Graduation,Together,90300.0,0,0,2014-01-03,7,594,134,786,33,134,57,0,5,6,8,1,0,0,1,0,0,0,3,11,45,1738,0,2,0,19,1,177,86.9,9.764044943820224,45150.0,3,1,40-50,Very High,Very High,3.6666666666666665,0.0,6,0.2
5642,1979,Master,Together,62499.0,1,0,2013-12-09,0,140,4,61,0,13,4,2,3,1,6,4,0,0,0,0,0,0,3,11,45,222,1,3,1,10,0,202,20.181818181818183,1.0935960591133005,20833.0,4,1,40-50,High,Medium,3.3333333333333335,0.18181818181818182,5,0.0
2669,1993,Graduation,Single,74293.0,0,0,2014-05-04,66,375,152,335,93,91,81,1,5,4,6,2,0,0,0,0,0,0,3,11,31,1127,0,1,0,15,0,56,70.4375,19.771929824561404,74293.0,3,0,30-40,Very High,Very High,4.0,0.0625,6,0.0
455,1946,PhD,Married,51012.0,0,0,2013-04-18,86,102,9,63,2,9,24,1,4,1,4,6,0,0,0,0,0,0,3,11,78,209,0,2,0,9,0,437,20.9,0.4771689497716895,25506.0,5,1,60+,Medium,Medium,4.666666666666667,0.1,6,0.0
7683,1968,Master,Married,70777.0,0,1,2014-02-25,80,554,35,113,0,7,78,3,5,3,12,3,0,0,0,0,0,0,3,11,56,787,1,3,1,20,0,124,37.476190476190474,6.296,23592.333333333332,4,1,50-60,Very High,High,4.333333333333333,0.14285714285714285,5,0.0
3428,1991,PhD,Together,68682.0,0,0,2013-10-06,56,919,0,505,99,30,45,1,4,9,10,2,0,0,0,0,0,0,3,11,33,1598,0,2,0,23,0,266,66.58333333333333,5.98501872659176,34341.0,5,1,30-40,Very High,Very High,3.3333333333333335,0.041666666666666664,5,0.0
7414,1971,Graduation,Married,43824.0,1,1,2012-09-15,18,96,1,42,12,3,32,4,3,1,4,8,0,0,0,0,0,0,3,11,53,186,2,4,1,8,0,652,20.666666666666668,0.28483920367534454,10956.0,3,1,50-60,Medium,Medium,4.666666666666667,0.4444444444444444,6,0.0
6354,1984,Graduation,Together,15345.0,1,0,2012-08-31,51,5,2,16,3,2,19,2,1,1,2,8,0,0,0,0,0,0,3,11,40,47,1,3,1,4,0,667,9.4,0.07035928143712575,5115.0,3,1,30-40,Low,Low,3.3333333333333335,0.4,6,0.0
798,1987,Graduation,Single,23442.0,1,0,2012-12-24,71,2,0,6,8,6,5,1,1,0,3,7,0,0,0,0,0,0,3,11,37,27,1,2,1,4,0,552,5.4,0.048824593128390596,11721.0,3,0,30-40,Low,Low,3.0,0.2,5,0.0
8213,1980,2n Cycle,Together,14515.0,1,0,2012-11-09,71,6,4,9,6,36,35,4,2,2,3,7,0,0,0,0,0,0,3,11,44,96,1,3,1,7,0,597,12.0,0.1605351170568562,4838.333333333333,2,1,40-50,Low,Medium,3.6666666666666665,0.5,6,0.0
2488,1956,2n Cycle,Divorced,31395.0,1,1,2013-03-23,80,23,1,25,0,8,7,4,2,1,3,6,0,0,0,0,0,0,3,11,68,64,2,3,1,6,0,463,9.142857142857142,0.13793103448275862,10465.0,2,0,60+,Low,Low,3.3333333333333335,0.5714285714285714,5,0.0
9999,1965,Graduation,Together,75276.0,0,0,2012-09-27,2,610,105,125,137,42,21,1,9,4,9,5,0,0,0,0,0,0,3,11,59,1040,0,2,0,22,0,640,45.21739130434783,1.6224648985959438,37638.0,3,1,50-60,Very High,High,7.666666666666667,0.043478260869565216,6,0.0
7617,1974,Graduation,Single,42373.0,1,1,2013-08-15,83,67,5,61,3,8,19,5,2,1,5,5,0,0,0,0,0,0,3,11,50,163,2,3,1,8,0,318,18.11111111111111,0.5109717868338558,14124.333333333334,3,0,40-50,Medium,Medium,3.0,0.5555555555555556,6,0.0
615,1960,Graduation,Together,30507.0,0,0,2013-03-11,29,65,36,74,38,20,110,1,5,1,4,7,0,0,0,0,0,0,3,11,64,343,0,2,0,10,0,475,31.181818181818183,0.7205882352941176,15253.5,3,1,60+,Low,Medium,5.666666666666667,0.09090909090909091,6,0.0
2552,1955,PhD,Single,55521.0,1,2,2013-10-22,11,416,0,26,0,0,4,9,6,3,6,7,0,1,0,0,0,0,3,11,69,446,3,4,1,15,1,250,27.875,1.7768924302788844,13880.25,5,0,60+,High,High,6.333333333333333,0.5625,3,0.2
194,1965,Graduation,Married,48006.0,1,1,2014-06-09,55,23,0,11,3,2,2,1,1,0,3,6,0,0,0,0,0,0,3,11,59,41,2,4,1,4,0,20,8.2,1.9523809523809523,12001.5,3,1,50-60,Medium,Low,2.6666666666666665,0.2,5,0.0
3645,1972,PhD,Single,27213.0,1,0,2012-08-30,19,19,3,26,10,9,3,3,2,0,4,8,0,0,0,0,0,0,3,11,52,70,1,2,1,6,0,668,10.0,0.10463378176382661,13606.5,5,0,50-60,Low,Medium,4.0,0.42857142857142855,6,0.0
8890,1971,PhD,Divorced,65808.0,1,1,2014-05-30,1,155,7,80,13,7,10,3,5,1,5,6,0,0,0,0,0,0,3,11,53,272,2,3,1,11,0,30,22.666666666666668,8.774193548387096,21936.0,5,0,50-60,High,Medium,5.333333333333333,0.25,6,0.0
5049,1974,PhD,Together,30351.0,1,0,2013-06-06,19,14,0,24,3,3,2,1,3,0,2,9,0,0,0,0,0,0,3,11,50,46,1,3,1,5,0,388,7.666666666666667,0.11825192802056556,10117.0,5,1,40-50,Low,Low,5.0,0.16666666666666666,5,0.0
9973,1963,Graduation,Married,50437.0,0,2,2012-10-17,28,370,9,92,6,9,4,3,7,1,8,7,0,0,0,0,0,0,3,11,61,490,2,4,1,16,0,620,28.823529411764707,0.789049919484702,12609.25,3,1,60+,Medium,High,7.0,0.17647058823529413,6,0.0
7301,1982,2n Cycle,Single,23616.0,1,0,2012-11-17,76,4,22,11,3,7,32,2,3,0,3,8,0,0,0,0,0,0,3,11,42,79,1,2,1,6,0,589,11.285714285714286,0.13389830508474576,11808.0,2,0,40-50,Low,Medium,4.666666666666667,0.2857142857142857,6,0.0
10882,1976,Graduation,Married,53858.0,0,1,2012-11-09,50,407,53,221,58,150,26,4,4,3,6,4,0,0,0,0,0,0,3,11,48,915,1,3,1,13,0,597,65.35714285714286,1.5301003344481605,17952.666666666668,3,1,40-50,High,High,4.0,0.2857142857142857,6,0.0
7030,1955,PhD,Married,66465.0,0,1,2013-03-30,1,1200,0,204,38,29,14,3,11,9,12,6,0,0,0,1,0,0,3,11,69,1485,1,3,1,32,1,456,45.0,3.24945295404814,22155.0,5,1,60+,High,Very High,9.333333333333334,0.09090909090909091,5,0.2
7422,1987,Graduation,Single,46923.0,1,0,2012-08-22,90,85,44,54,102,78,6,3,5,1,7,7,0,0,0,0,0,0,3,11,37,369,1,2,1,13,0,676,26.357142857142858,0.5450516986706057,23461.5,3,0,30-40,Medium,Medium,5.666666666666667,0.21428571428571427,6,0.0
3523,1962,Graduation,Together,75072.0,0,1,2013-01-23,83,583,34,309,0,22,125,2,5,4,8,3,0,0,0,0,0,0,3,11,62,1073,1,3,1,17,0,522,59.611111111111114,2.051625239005736,25024.0,3,1,60+,Very High,Very High,4.333333333333333,0.1111111111111111,5,0.0
7106,1943,PhD,Married,75865.0,0,0,2014-03-31,73,483,0,591,156,0,12,1,3,5,10,1,0,0,0,0,0,0,3,11,81,1242,0,2,0,18,0,90,65.36842105263158,13.648351648351648,37932.5,5,1,60+,Very High,Very High,2.3333333333333335,0.05263157894736842,4,0.0
6504,1975,2n Cycle,Together,19789.0,1,0,2013-11-20,24,2,5,9,28,6,28,3,2,1,3,5,1,0,0,0,0,0,3,11,49,78,1,3,1,6,1,221,11.142857142857142,0.35135135135135137,6596.333333333333,2,1,40-50,Low,Medium,3.0,0.42857142857142855,6,0.2
5067,1994,Graduation,Together,80134.0,0,0,2014-02-14,11,966,26,282,52,26,26,1,2,7,11,5,0,1,1,1,1,0,3,11,30,1378,0,2,0,20,4,135,65.61904761904762,10.132352941176471,40067.0,3,1,<30,Very High,Very High,3.0,0.047619047619047616,6,0.8
4216,1981,Graduation,Single,91065.0,0,0,2013-02-22,33,822,114,108,179,137,114,1,7,9,9,3,0,0,1,1,0,0,3,11,43,1474,0,1,0,25,2,492,56.69230769230769,2.9898580121703855,91065.0,3,0,40-50,Very High,Very High,5.666666666666667,0.038461538461538464,6,0.4
8581,1971,Master,Married,49505.0,1,1,2013-03-05,4,604,0,100,19,0,28,9,10,2,8,8,0,0,0,0,0,0,3,11,53,751,2,4,1,20,0,481,35.76190476190476,1.558091286307054,12376.25,4,1,50-60,Medium,High,9.333333333333334,0.42857142857142855,4,0.0
5929,1973,PhD,Married,37401.0,1,0,2014-05-06,14,19,3,19,3,1,3,2,2,0,3,7,0,0,0,0,0,0,3,11,51,48,1,3,1,5,0,54,8.0,0.8727272727272727,12467.0,5,1,50-60,Medium,Low,3.6666666666666665,0.3333333333333333,6,0.0
3129,1983,Graduation,Married,30096.0,1,0,2014-05-22,30,5,3,11,12,5,9,1,2,0,3,6,0,0,0,0,0,0,3,11,41,45,1,3,1,5,0,38,7.5,1.1538461538461537,10032.0,3,1,40-50,Low,Low,3.3333333333333335,0.16666666666666666,6,0.0
1361,1974,Master,Married,82584.0,0,0,2013-06-04,26,1076,68,103,29,91,68,1,3,4,8,1,0,1,1,0,0,0,3,11,50,1435,0,2,0,15,2,390,89.6875,3.670076726342711,41292.0,4,1,40-50,Very High,Very High,2.3333333333333335,0.0625,6,0.4
6932,1941,PhD,Married,93027.0,0,0,2013-04-13,77,1285,42,716,55,0,21,0,7,10,5,2,0,0,1,0,0,0,3,11,83,2119,0,2,0,22,1,442,92.1304347826087,4.783295711060948,46513.5,5,1,60+,Very High,Very High,5.333333333333333,0.0,5,0.2
7284,1953,Graduation,Married,48686.0,1,2,2013-12-04,8,10,0,7,2,0,1,1,1,0,2,8,0,0,0,0,0,0,3,11,71,20,3,5,1,3,0,207,5.0,0.09615384615384616,9737.2,3,1,60+,Medium,Low,3.3333333333333335,0.25,4,0.0
1340,1986,Graduation,Married,92910.0,0,0,2014-04-24,42,551,137,792,179,103,33,1,6,7,13,1,0,1,1,1,0,0,3,11,38,1795,0,2,0,26,3,66,66.48148148148148,26.791044776119403,46455.0,3,1,30-40,Very High,Very High,4.333333333333333,0.037037037037037035,6,0.6
8746,1989,Graduation,Married,75433.0,1,0,2014-04-05,28,800,0,297,0,34,57,2,2,5,10,6,0,1,0,1,0,0,3,11,35,1188,1,3,1,17,2,85,66.0,13.813953488372093,25144.333333333332,3,1,30-40,Very High,Very High,3.3333333333333335,0.1111111111111111,4,0.4
5987,1989,2n Cycle,Together,10404.0,1,0,2014-05-04,52,2,2,11,10,6,12,2,1,0,4,5,0,0,0,0,0,0,3,11,35,43,1,3,1,5,0,56,7.166666666666667,0.7543859649122807,3468.0,2,1,30-40,Low,Low,2.3333333333333335,0.3333333333333333,6,0.0
3767,1968,Graduation,Married,61314.0,0,1,2013-04-25,1,378,0,189,97,172,172,2,5,5,12,3,0,0,0,0,0,0,3,11,56,1008,1,3,1,22,0,430,43.82608695652174,2.3387470997679816,20438.0,3,1,50-60,High,High,4.333333333333333,0.08695652173913043,5,0.0
3725,1961,PhD,Single,84865.0,0,0,2013-05-09,1,1248,16,349,43,16,16,1,2,4,9,4,0,1,1,1,1,0,3,11,63,1688,0,1,0,15,4,416,105.5,4.047961630695443,84865.0,5,0,60+,Very High,Very High,2.6666666666666665,0.0625,6,0.8
4324,1989,Graduation,Married,42387.0,1,0,2012-10-29,42,235,0,235,19,4,191,5,8,1,7,8,0,0,0,0,0,0,3,11,35,684,1,3,1,16,0,608,40.23529411764706,1.1231527093596059,14129.0,3,1,30-40,Medium,High,8.0,0.29411764705882354,5,0.0
238,1967,2n Cycle,Together,67309.0,1,1,2013-01-23,76,515,47,181,149,95,95,15,9,6,9,7,0,0,0,0,0,0,3,11,57,1082,2,4,1,24,0,522,43.28,2.068833652007648,16827.25,2,1,50-60,High,Very High,8.333333333333334,0.6,6,0.0
6694,1964,Graduation,Married,75236.0,0,1,2013-11-25,27,438,66,400,12,38,114,1,8,3,13,4,0,0,0,0,0,0,3,11,60,1068,1,3,1,24,0,216,42.72,4.921658986175115,25078.666666666668,3,1,50-60,Very High,Very High,6.666666666666667,0.04,6,0.0
498,1970,Graduation,Single,30015.0,1,0,2014-02-02,28,25,0,22,2,3,5,2,1,0,4,5,0,0,0,0,0,0,3,11,54,57,1,2,1,5,0,147,9.5,0.38513513513513514,15007.5,3,0,50-60,Low,Low,2.3333333333333335,0.3333333333333333,5,0.0
9347,1956,Master,Together,50943.0,0,1,2013-06-21,49,31,0,7,2,0,6,1,1,0,3,5,0,0,0,0,0,0,3,11,68,46,1,3,1,4,0,373,9.2,0.12299465240641712,16981.0,4,1,60+,Medium,Low,2.3333333333333335,0.2,4,0.0
9699,1966,Graduation,Divorced,67272.0,0,1,2013-12-21,12,357,35,271,28,28,14,3,6,2,12,5,0,0,0,0,0,0,3,11,58,733,1,2,1,20,0,190,34.904761904761905,3.837696335078534,33636.0,3,0,50-60,High,High,5.666666666666667,0.14285714285714285,6,0.0
10664,1949,Master,Widow,51529.0,0,1,2013-09-07,14,400,4,35,6,0,22,2,9,1,5,8,0,0,0,0,0,0,3,11,75,467,1,2,1,15,0,295,29.1875,1.5777027027027026,25764.5,4,0,60+,High,High,8.666666666666666,0.125,5,0.0
5455,1971,PhD,Married,32011.0,1,0,2013-08-22,89,99,0,15,2,1,5,3,2,1,4,7,0,0,0,0,0,0,3,11,53,122,1,3,1,7,0,311,15.25,0.391025641025641,10670.333333333334,5,1,50-60,Low,Medium,3.6666666666666665,0.375,5,0.0
5012,1989,Graduation,Married,28691.0,1,0,2013-07-04,56,5,4,13,8,0,4,1,1,0,3,8,0,0,0,0,0,0,3,11,35,34,1,3,1,4,0,360,6.8,0.09418282548476455,9563.666666666666,3,1,30-40,Low,Low,3.3333333333333335,0.2,5,0.0
7495,1948,PhD,Married,56223.0,0,1,2013-12-20,72,77,28,31,16,0,4,2,2,1,5,4,0,0,0,0,0,0,3,11,76,156,1,3,1,8,0,191,17.333333333333332,0.8125,18741.0,5,1,60+,High,Medium,2.6666666666666665,0.2222222222222222,5,0.0
5029,1946,Graduation,Married,18100.0,0,0,2013-08-06,14,3,1,2,4,3,1,1,0,0,3,5,0,0,0,0,0,0,3,11,78,14,0,2,0,3,0,327,3.5,0.042682926829268296,9050.0,3,1,60+,Low,Low,1.6666666666666667,0.25,6,0.0
10642,1989,Graduation,Single,30279.0,1,0,2012-12-30,13,10,4,14,4,4,1,1,1,0,3,8,0,0,0,0,0,0,3,11,35,37,1,2,1,4,0,546,7.4,0.06764168190127971,15139.5,3,0,30-40,Low,Low,3.3333333333333335,0.2,6,0.0
2106,1974,2n Cycle,Married,20130.0,0,0,2014-03-17,99,0,6,3,7,6,12,1,1,0,3,8,0,0,0,0,0,0,3,11,50,34,0,2,0,4,0,104,6.8,0.3238095238095238,10065.0,2,1,40-50,Low,Low,3.3333333333333335,0.2,5,0.0
10364,1959,Graduation,Divorced,23295.0,0,0,2013-07-13,72,0,0,1,2,12,5,1,1,0,2,8,0,0,0,0,0,0,3,11,65,20,0,1,0,3,0,351,5.0,0.056818181818181816,23295.0,3,0,60+,Low,Low,3.3333333333333335,0.25,4,0.0
5954,1972,Master,Divorced,42618.0,1,0,2013-10-09,92,76,14,74,13,5,10,2,5,0,4,8,0,0,0,0,0,0,3,11,52,192,1,2,1,9,0,263,19.2,0.7272727272727273,21309.0,4,0,50-60,Medium,Medium,6.0,0.2,6,0.0
1137,1964,Graduation,Single,81246.0,0,0,2013-12-29,87,398,190,537,61,156,37,1,4,5,7,1,1,0,0,1,0,0,3,11,60,1379,0,1,0,16,2,182,81.11764705882354,7.53551912568306,81246.0,3,0,50-60,Very High,Very High,3.0,0.058823529411764705,6,0.4
2541,1976,Graduation,Married,24027.0,1,0,2013-06-09,7,14,7,11,11,0,5,2,2,0,3,8,0,0,0,0,0,0,3,11,48,48,1,3,1,5,0,385,8.0,0.12435233160621761,8009.0,3,1,40-50,Low,Low,4.0,0.3333333333333333,5,0.0
1142,1953,PhD,Married,55707.0,0,1,2013-12-22,91,208,7,82,30,66,35,2,3,2,9,3,0,0,0,0,0,0,3,11,71,428,1,3,1,14,0,189,28.533333333333335,2.2526315789473683,18569.0,5,1,60+,High,High,3.0,0.13333333333333333,6,0.0
2276,1955,Graduation,Single,57959.0,0,1,2013-05-02,71,430,16,322,43,24,33,5,4,7,11,3,0,0,0,0,0,0,3,11,69,868,1,2,1,22,0,423,37.73913043478261,2.047169811320755,28979.5,3,0,60+,High,High,3.6666666666666665,0.21739130434782608,6,0.0
2807,1969,Graduation,Married,56796.0,0,1,2013-02-16,24,656,38,161,62,47,37,3,8,9,7,7,0,0,0,0,0,0,3,11,55,1001,1,3,1,24,0,498,40.04,2.006012024048096,18932.0,3,1,50-60,High,High,7.666666666666667,0.12,6,0.0
6471,1971,Master,Single,36230.0,1,0,2013-10-17,17,14,2,30,8,2,3,1,2,0,4,5,0,0,0,0,0,0,3,11,53,59,1,2,1,6,0,255,8.428571428571429,0.23046875,18115.0,4,0,50-60,Medium,Low,3.0,0.14285714285714285,6,0.0
6131,1980,2n Cycle,Married,70829.0,1,1,2013-12-01,87,141,70,106,72,19,23,2,4,2,8,3,0,0,0,0,0,0,3,11,44,431,2,4,1,14,0,210,28.733333333333334,2.042654028436019,17707.25,2,1,40-50,Very High,High,3.6666666666666665,0.13333333333333333,6,0.0
6233,1976,Graduation,Married,65991.0,0,1,2012-09-07,21,507,19,364,25,47,9,3,9,5,10,7,0,0,0,0,0,0,3,11,48,971,1,3,1,24,0,660,38.84,1.4689863842662632,21997.0,3,1,40-50,High,High,8.333333333333334,0.12,6,0.0
4148,1972,Graduation,Married,38988.0,1,2,2012-08-20,90,164,24,103,12,3,42,7,5,1,6,8,0,0,0,0,0,0,3,11,52,348,3,5,1,12,0,678,26.76923076923077,0.5125184094256259,7797.6,3,1,50-60,Medium,Medium,6.0,0.5384615384615384,6,0.0
4947,1966,2n Cycle,Single,89572.0,0,0,2012-09-15,44,606,24,974,197,194,64,1,7,7,9,4,0,1,0,1,0,0,3,11,58,2059,0,1,0,23,2,652,85.79166666666667,3.1531393568147013,89572.0,2,0,50-60,Very High,Very High,6.0,0.041666666666666664,6,0.4
3225,1984,Master,Married,42207.0,1,0,2013-04-01,71,116,11,72,3,17,46,4,4,1,5,6,1,0,0,0,0,0,3,11,40,265,1,3,1,10,1,454,24.09090909090909,0.5824175824175825,14069.0,4,1,30-40,Medium,Medium,4.666666666666667,0.36363636363636365,6,0.2
7540,1952,Graduation,Married,50300.0,0,1,2014-05-25,52,143,15,60,24,23,5,2,2,1,8,2,0,0,0,0,0,0,3,11,72,270,1,3,1,11,0,35,22.5,7.5,16766.666666666668,3,1,60+,Medium,Medium,2.0,0.16666666666666666,6,0.0
10648,1982,2n Cycle,Together,66664.0,0,0,2012-09-25,78,398,96,447,220,96,32,1,5,7,6,3,0,0,0,0,0,0,3,11,42,1289,0,2,0,18,0,642,67.84210526315789,2.004665629860031,33332.0,2,1,40-50,High,Very High,4.333333333333333,0.05263157894736842,6,0.0
1992,1964,Graduation,Married,60597.0,0,1,2014-01-01,2,522,0,257,32,16,66,4,2,2,8,7,0,0,0,1,0,0,3,11,60,893,1,3,1,12,1,179,68.6923076923077,4.961111111111111,20199.0,3,1,50-60,High,High,3.6666666666666665,0.3076923076923077,5,0.2
7851,1949,Graduation,Widow,70165.0,0,0,2013-09-22,60,161,0,253,199,191,122,1,3,7,11,1,0,0,0,0,0,0,3,11,75,926,0,1,0,21,0,280,42.09090909090909,3.295373665480427,70165.0,3,0,60+,Very High,High,2.3333333333333335,0.045454545454545456,5,0.0
8594,1958,PhD,Widow,50520.0,0,1,2014-01-28,25,112,0,6,2,1,14,2,3,1,3,6,0,0,0,0,0,0,3,11,66,135,1,2,1,7,0,152,16.875,0.8823529411764706,25260.0,5,0,60+,Medium,Medium,4.0,0.25,5,0.0
7059,1963,Graduation,Married,80124.0,0,0,2014-06-26,47,483,84,398,205,84,241,1,3,7,8,1,1,0,0,0,0,0,3,11,61,1495,0,2,0,18,1,3,78.6842105263158,373.75,40062.0,3,1,60+,Very High,Very High,2.3333333333333335,0.05263157894736842,6,0.2
2815,1975,Graduation,Married,33183.0,1,0,2014-02-24,46,7,5,39,17,15,37,2,4,0,3,7,0,0,0,0,0,0,3,11,49,120,1,3,1,7,0,125,15.0,0.9523809523809523,11061.0,3,1,40-50,Low,Medium,5.0,0.25,6,0.0
2416,1969,PhD,Single,66582.0,0,0,2014-03-03,83,789,25,420,16,38,0,1,2,8,9,1,0,0,0,0,0,0,3,11,55,1288,0,1,0,19,0,118,64.4,10.823529411764707,66582.0,5,0,50-60,High,Very High,1.6666666666666667,0.05,5,0.0
7999,1955,PhD,Together,75261.0,0,0,2013-04-23,17,1239,17,413,23,34,17,1,5,6,5,2,0,1,1,0,0,0,3,11,69,1743,0,2,0,16,2,432,102.52941176470588,4.02540415704388,37630.5,5,1,60+,Very High,Very High,4.0,0.058823529411764705,6,0.4
9213,1970,Graduation,Widow,31880.0,1,0,2012-10-31,13,4,1,5,2,0,3,1,1,0,2,8,0,0,0,0,0,0,3,11,54,15,1,2,1,3,0,606,3.75,0.02471169686985173,15940.0,3,0,50-60,Low,Low,3.3333333333333335,0.25,5,0.0
9697,1951,Graduation,Married,53790.0,0,2,2014-03-06,86,335,42,127,28,5,5,3,7,2,8,6,0,0,0,0,0,0,3,11,73,542,2,4,1,17,0,115,30.11111111111111,4.672413793103448,13447.5,3,1,60+,High,High,6.666666666666667,0.16666666666666666,6,0.0
3916,1971,PhD,Together,49269.0,1,0,2012-08-15,92,639,8,166,11,8,58,3,7,3,12,7,0,0,0,0,0,0,3,11,53,890,1,3,1,22,0,683,38.69565217391305,1.3011695906432748,16423.0,5,1,50-60,Medium,High,7.0,0.13043478260869565,6,0.0
2021,1975,Graduation,Married,61456.0,0,1,2013-03-27,47,563,76,384,84,192,89,4,6,10,13,4,0,0,0,0,0,0,3,11,49,1388,1,3,1,29,0,459,46.266666666666666,3.017391304347826,20485.333333333332,3,1,40-50,High,Very High,5.333333333333333,0.13333333333333333,6,0.0
1581,1980,Graduation,Married,37406.0,1,0,2013-10-10,18,2,0,8,2,2,3,1,1,0,2,8,0,0,0,0,0,0,3,11,44,17,1,3,1,3,0,262,4.25,0.06463878326996197,12468.666666666666,3,1,40-50,Medium,Low,3.3333333333333335,0.25,5,0.0
564,1981,PhD,Together,56937.0,1,0,2012-08-04,81,746,8,125,11,8,8,7,8,6,9,6,0,1,0,0,0,0,3,11,43,906,1,3,1,23,1,694,37.75,1.3035971223021583,18979.0,5,1,40-50,High,High,7.333333333333333,0.2916666666666667,6,0.2
6619,1978,Graduation,Married,38415.0,1,1,2013-01-02,91,22,1,13,4,0,4,2,1,0,3,7,0,0,0,0,0,0,3,11,46,44,2,4,1,4,0,543,8.8,0.08088235294117647,9603.75,3,1,40-50,Medium,Low,3.0,0.4,5,0.0
9081,1988,Graduation,Single,20518.0,1,0,2014-05-18,58,4,1,6,4,1,9,1,1,1,2,5,0,0,0,0,0,0,3,11,36,25,1,2,1,4,0,42,5.0,0.5813953488372093,10259.0,3,0,30-40,Low,Low,2.3333333333333335,0.2,6,0.0
178,1956,Graduation,Married,62503.0,0,1,2013-02-18,40,478,0,193,110,75,117,4,8,3,11,5,0,0,0,0,0,0,3,11,68,973,1,3,1,22,0,496,42.30434782608695,1.9577464788732395,20834.333333333332,3,1,60+,High,High,7.0,0.17391304347826086,5,0.0
916,1972,PhD,Single,41644.0,1,1,2014-05-09,67,20,3,4,2,0,2,2,1,0,3,3,0,0,0,0,0,0,3,11,52,31,2,3,1,4,0,51,6.2,0.5961538461538461,13881.333333333334,5,0,50-60,Medium,Low,1.6666666666666667,0.4,5,0.0
5512,1977,Master,Married,55842.0,0,1,2014-05-23,19,451,0,39,0,4,24,1,7,1,8,5,0,0,0,0,0,0,3,11,47,518,1,3,1,16,0,37,30.470588235294116,13.631578947368421,18614.0,4,1,40-50,High,High,6.333333333333333,0.058823529411764705,4,0.0
8970,1972,PhD,Married,62010.0,0,1,2012-10-23,93,371,22,39,6,0,92,4,6,2,7,5,0,0,0,0,0,0,3,11,52,530,1,3,1,15,0,614,33.125,0.8617886178861789,20670.0,5,1,50-60,High,High,5.666666666666667,0.25,5,0.0
10581,1977,Graduation,Married,41124.0,1,0,2012-10-31,41,281,7,84,15,0,119,7,7,3,4,8,0,0,0,0,0,0,3,11,47,506,1,3,1,14,0,606,33.733333333333334,0.8336079077429983,13708.0,3,1,40-50,Medium,High,7.333333333333333,0.4666666666666667,5,0.0
5300,1973,Master,Married,38961.0,1,0,2013-12-30,60,19,7,19,0,1,24,1,2,1,2,7,0,0,0,0,0,0,3,11,51,70,1,3,1,5,0,181,11.666666666666666,0.38461538461538464,12987.0,4,1,50-60,Medium,Medium,3.6666666666666665,0.16666666666666666,5,0.0
5154,1972,Master,Divorced,37760.0,1,0,2013-08-11,54,26,3,13,2,10,0,1,2,0,3,6,0,0,0,0,0,0,3,11,52,54,1,2,1,5,0,322,9.0,0.16718266253869968,18880.0,4,0,50-60,Medium,Low,3.3333333333333335,0.16666666666666666,5,0.0
8346,1974,Graduation,Single,32233.0,1,0,2012-08-19,26,138,15,35,25,11,72,2,6,2,2,9,1,0,0,0,0,0,3,11,50,296,1,2,1,10,1,679,26.90909090909091,0.43529411764705883,16116.5,3,0,40-50,Low,Medium,7.0,0.18181818181818182,6,0.2
1676,1975,Graduation,Married,43057.0,0,1,2013-10-30,30,213,2,44,0,2,5,4,4,2,5,5,0,0,0,0,0,0,3,11,49,266,1,3,1,11,0,242,22.166666666666668,1.0946502057613168,14352.333333333334,3,1,40-50,Medium,Medium,4.333333333333333,0.3333333333333333,5,0.0
9286,1960,Master,Together,83151.0,0,0,2012-10-10,93,407,28,100,120,74,18,1,5,9,4,3,0,0,0,0,0,0,3,11,64,747,0,2,0,18,0,627,39.31578947368421,1.1894904458598725,41575.5,4,1,60+,Very High,High,4.333333333333333,0.05263157894736842,6,0.0
2426,1964,PhD,Divorced,78825.0,0,0,2012-09-14,35,483,74,114,169,37,18,1,5,10,13,3,0,0,0,0,0,0,3,11,60,895,0,1,0,28,0,653,30.862068965517242,1.3685015290519877,78825.0,5,0,50-60,Very High,High,4.333333333333333,0.034482758620689655,6,0.0
5172,1976,Master,Together,65104.0,0,1,2013-11-14,4,738,0,232,13,20,50,2,3,5,7,7,0,0,0,0,0,0,3,11,48,1053,1,3,1,15,0,227,65.8125,4.618421052631579,21701.333333333332,4,1,40-50,High,Very High,4.333333333333333,0.125,5,0.0
5562,1974,Graduation,Married,60093.0,0,1,2013-06-26,92,502,12,109,16,6,90,2,7,2,10,6,0,0,0,0,0,0,3,11,50,735,1,3,1,19,0,368,36.75,1.991869918699187,20031.0,3,1,40-50,High,High,6.666666666666667,0.1,6,0.0
3436,1969,Graduation,Married,14045.0,1,0,2014-01-26,24,11,0,5,2,1,1,1,1,0,3,7,0,0,0,0,0,0,3,11,55,20,1,3,1,4,0,154,4.0,0.12903225806451613,4681.666666666667,3,1,50-60,Low,Low,3.0,0.2,5,0.0
3921,1952,2n Cycle,Widow,28457.0,0,0,2012-10-28,96,24,1,108,29,29,14,1,4,1,4,8,0,0,0,0,0,0,3,11,72,205,0,1,0,9,0,609,20.5,0.3360655737704918,28457.0,2,0,60+,Low,Medium,5.333333333333333,0.1,6,0.0
3403,1958,PhD,Together,78952.0,0,1,2012-09-24,11,1170,19,594,99,76,134,2,2,5,12,6,0,0,0,0,0,0,3,11,66,2092,1,3,1,19,0,643,104.6,3.248447204968944,26317.333333333332,5,1,60+,Very High,Very High,3.3333333333333335,0.1,6,0.0
22,1976,Graduation,Divorced,46310.0,1,0,2012-12-03,99,185,2,88,15,5,14,2,6,1,5,8,0,0,0,0,0,0,3,11,48,309,1,2,1,12,0,573,23.76923076923077,0.5383275261324042,23155.0,3,0,40-50,Medium,Medium,6.666666666666667,0.15384615384615385,6,0.0
10965,1955,Graduation,Together,76005.0,0,0,2013-02-22,72,983,20,389,240,50,40,1,3,5,13,6,0,0,0,1,0,0,3,11,69,1722,0,2,0,21,1,492,78.27272727272727,3.4929006085192698,38002.5,3,1,60+,Very High,Very High,4.0,0.045454545454545456,6,0.2
9426,1964,Master,Single,58308.0,0,1,2013-01-12,77,691,0,69,10,0,130,4,2,6,3,8,0,0,0,0,0,0,3,11,60,900,1,2,1,11,0,533,75.0,1.6853932584269662,29154.0,4,0,50-60,High,High,4.0,0.3333333333333333,4,0.0
6605,1944,PhD,Divorced,55614.0,0,0,2013-11-27,85,504,13,131,8,0,26,1,9,4,6,7,0,1,0,0,0,0,3,11,80,682,0,1,0,19,1,214,34.1,3.172093023255814,55614.0,5,0,60+,High,High,8.333333333333334,0.05,5,0.2
3136,1962,Master,Divorced,59432.0,0,1,2013-04-13,88,317,25,265,25,19,12,3,5,3,11,5,0,0,0,0,0,0,3,11,62,663,1,2,1,19,0,442,33.15,1.4966139954853273,29716.0,4,0,60+,High,High,5.0,0.15,6,0.0
8737,1978,Graduation,Divorced,55563.0,0,1,2014-04-05,22,29,1,9,2,0,2,1,2,0,3,3,0,0,0,0,0,0,3,11,46,43,1,2,1,5,0,85,7.166666666666667,0.5,27781.5,3,0,40-50,High,Low,2.3333333333333335,0.16666666666666666,5,0.0
11088,1971,PhD,Together,78642.0,0,1,2013-04-21,83,1396,0,322,46,35,17,1,4,9,4,6,0,0,0,0,0,0,3,11,53,1816,1,3,1,17,0,434,100.88888888888889,4.174712643678161,26214.0,5,1,50-60,Very High,Very High,4.666666666666667,0.05555555555555555,5,0.0
716,1949,PhD,Together,67911.0,0,1,2014-05-22,63,529,0,356,63,28,0,3,6,7,11,3,0,0,0,0,0,0,3,11,75,976,1,3,1,24,0,38,39.04,25.025641025641026,22637.0,5,1,60+,High,High,5.0,0.12,4,0.0
466,1944,Graduation,Married,65275.0,0,0,2013-04-03,9,388,14,218,91,14,21,1,4,3,13,2,0,0,0,0,0,0,3,11,80,746,0,2,0,20,0,452,35.523809523809526,1.6467991169977925,32637.5,3,1,60+,High,High,3.3333333333333335,0.047619047619047616,6,0.0
9135,1950,Graduation,Together,27203.0,1,1,2012-08-06,92,13,2,21,4,0,24,2,1,1,2,8,0,0,0,0,0,0,3,11,74,64,2,4,1,4,0,692,12.8,0.09235209235209235,6800.75,3,1,60+,Low,Low,3.3333333333333335,0.4,5,0.0
10623,1961,Master,Together,48330.0,0,1,2013-11-15,2,28,0,4,0,0,0,1,1,0,3,5,0,0,0,0,0,0,3,11,63,32,1,3,1,4,0,226,6.4,0.14096916299559473,16110.0,4,1,60+,Medium,Low,2.3333333333333335,0.2,2,0.0
8151,1990,Basic,Married,24279.0,0,0,2012-12-29,6,16,36,21,20,62,108,1,4,1,3,8,0,0,0,0,0,0,3,11,34,263,0,2,0,8,0,547,29.22222222222222,0.47992700729927007,12139.5,1,1,30-40,Low,Medium,5.333333333333333,0.1111111111111111,6,0.0
5140,1985,PhD,Married,64355.0,1,0,2012-08-24,66,1047,0,140,67,38,153,2,4,3,12,8,0,0,0,0,0,0,3,11,39,1445,1,3,1,19,0,674,72.25,2.140740740740741,21451.666666666668,5,1,30-40,High,Very High,5.333333333333333,0.1,5,0.0
10160,1956,Master,Together,50943.0,0,1,2013-06-21,49,31,0,7,2,0,6,1,1,0,3,5,0,0,0,0,0,0,3,11,68,46,1,3,1,4,0,373,9.2,0.12299465240641712,16981.0,4,1,60+,Medium,Low,2.3333333333333335,0.2,4,0.0
4945,1953,Graduation,Widow,53653.0,0,0,2012-11-07,29,815,10,239,28,10,108,2,10,4,12,6,0,0,0,0,0,0,3,11,71,1210,0,1,0,26,0,599,44.81481481481482,2.0166666666666666,53653.0,3,0,60+,High,Very High,8.666666666666666,0.07407407407407407,6,0.0
10584,1976,Graduation,Married,65665.0,0,1,2013-12-02,77,225,162,387,106,36,29,1,5,10,8,3,0,0,0,0,0,0,3,11,48,945,1,3,1,23,0,209,39.375,4.5,21888.333333333332,3,1,40-50,High,High,4.333333333333333,0.041666666666666664,6,0.0
6071,1989,Graduation,Single,81217.0,0,0,2013-07-19,77,493,70,324,146,40,84,1,3,7,11,1,0,0,0,0,0,0,3,11,35,1157,0,1,0,21,0,345,52.59090909090909,3.3439306358381504,81217.0,3,0,30-40,Very High,Very High,2.3333333333333335,0.045454545454545456,6,0.0
3386,1992,Graduation,Married,34935.0,0,0,2013-06-21,71,34,4,66,3,10,20,1,2,1,4,7,0,0,0,0,0,0,3,11,32,137,0,2,0,7,0,373,17.125,0.3663101604278075,17467.5,3,1,30-40,Low,Medium,3.6666666666666665,0.125,6,0.0
8939,1959,Graduation,Divorced,61250.0,0,1,2012-12-16,49,382,138,65,60,26,59,6,5,2,12,5,0,0,0,0,0,0,3,11,65,730,1,2,1,19,0,560,36.5,1.3012477718360071,30625.0,3,0,60+,High,High,5.0,0.3,6,0.0
9925,1981,PhD,Together,39665.0,1,0,2013-05-25,97,127,1,56,0,1,31,3,4,2,3,7,1,0,0,0,0,0,3,11,43,216,1,3,1,9,1,400,21.6,0.5386533665835411,13221.666666666666,5,1,40-50,Medium,Medium,5.0,0.3,5,0.2
4320,1979,Graduation,Single,60152.0,0,1,2013-03-28,6,325,83,300,86,58,91,1,6,4,12,3,0,0,0,0,0,0,3,11,45,943,1,2,1,22,0,458,41.0,2.054466230936819,30076.0,3,0,40-50,High,High,5.0,0.043478260869565216,6,0.0
5389,1964,Graduation,Married,48920.0,0,2,2013-10-20,93,238,17,68,8,10,6,3,6,2,5,7,0,1,0,0,0,0,3,11,60,347,2,4,1,13,1,252,24.785714285714285,1.3715415019762847,12230.0,3,1,50-60,Medium,Medium,6.333333333333333,0.21428571428571427,6,0.2
6036,1959,Master,Together,89120.0,0,0,2014-03-17,78,1168,92,408,72,129,55,1,5,6,7,1,0,0,1,0,0,0,3,11,65,1924,0,2,0,18,1,104,101.26315789473684,18.323809523809523,44560.0,4,1,60+,Very High,Very High,3.6666666666666665,0.05263157894736842,6,0.2
182,1946,PhD,Together,44124.0,0,1,2013-05-11,62,284,0,55,0,6,52,4,6,2,5,8,0,0,0,0,0,0,3,11,78,397,1,3,1,13,0,414,28.357142857142858,0.9566265060240964,14708.0,5,1,60+,Medium,High,6.666666666666667,0.2857142857142857,4,0.0
203,1975,Master,Single,81169.0,0,0,2013-04-14,47,1288,20,613,80,61,27,1,5,7,9,2,0,0,0,0,0,0,3,11,49,2089,0,1,0,21,0,441,94.95454545454545,4.726244343891403,81169.0,4,0,40-50,Very High,Very High,4.0,0.045454545454545456,6,0.0
11025,1961,Graduation,Married,36443.0,1,1,2013-02-03,9,65,0,46,4,3,20,4,3,1,3,8,0,0,0,0,0,0,3,11,63,138,2,4,1,7,0,511,17.25,0.26953125,9110.75,3,1,60+,Medium,Medium,4.666666666666667,0.5,5,0.0
10203,1990,Graduation,Single,26095.0,1,0,2013-06-30,77,11,7,9,3,1,11,1,1,0,3,7,0,0,0,0,0,0,3,11,34,42,1,2,1,4,0,364,8.4,0.11506849315068493,13047.5,3,0,30-40,Low,Low,3.0,0.2,6,0.0
4607,1959,Graduation,Together,71367.0,0,0,2013-08-23,24,227,23,389,42,21,75,1,4,5,7,2,0,0,0,0,0,0,3,11,65,777,0,2,0,16,0,310,45.705882352941174,2.4983922829581995,35683.5,3,1,60+,Very High,High,3.3333333333333335,0.058823529411764705,6,0.0
3711,1944,Master,Married,80184.0,0,0,2014-03-01,19,1035,134,670,25,38,0,1,6,3,10,3,0,0,1,1,0,0,3,11,80,1902,0,2,0,19,2,120,95.1,15.71900826446281,40092.0,4,1,60+,Very High,Very High,5.0,0.05,5,0.4
3696,1965,Graduation,Divorced,30630.0,1,1,2014-01-27,67,27,1,12,2,0,10,2,2,0,3,7,0,0,0,0,0,0,3,11,59,52,2,3,1,5,0,153,8.666666666666666,0.33766233766233766,10210.0,3,0,50-60,Low,Low,3.6666666666666665,0.3333333333333333,5,0.0
2532,1987,Master,Single,73454.0,0,0,2014-03-01,95,982,73,351,56,14,175,1,2,4,6,5,1,0,0,0,0,0,3,11,37,1651,0,1,0,12,1,120,127.0,13.644628099173554,73454.0,4,0,30-40,Very High,Very High,3.0,0.07692307692307693,6,0.2
9214,1991,Graduation,Married,42691.0,0,0,2013-08-16,48,179,2,64,38,17,58,1,5,1,6,5,0,0,0,0,0,0,3,11,33,358,0,2,0,12,0,317,27.53846153846154,1.1257861635220126,21345.5,3,1,30-40,Medium,Medium,5.0,0.07692307692307693,6,0.0
4943,1953,Graduation,Married,70503.0,0,0,2012-09-30,73,1379,33,216,0,33,66,1,2,4,9,6,0,1,1,0,0,0,3,11,71,1727,0,2,0,15,2,637,107.9375,2.706896551724138,35251.5,3,1,60+,Very High,Very High,3.3333333333333335,0.0625,5,0.4
35,1987,Graduation,Married,25545.0,1,0,2012-09-08,35,32,1,64,16,12,85,3,2,2,3,6,0,0,0,0,0,0,3,11,37,210,1,3,1,7,0,659,26.25,0.3181818181818182,8515.0,3,1,30-40,Low,Medium,3.3333333333333335,0.375,6,0.0
2258,1986,Graduation,Married,32880.0,1,0,2012-12-04,76,8,4,15,7,6,2,1,1,0,3,8,0,0,0,0,0,0,3,11,38,42,1,3,1,4,0,572,8.4,0.07329842931937172,10960.0,3,1,30-40,Low,Low,3.3333333333333335,0.2,6,0.0
4322,1958,PhD,Together,77863.0,0,0,2013-11-27,20,881,38,319,16,25,12,1,4,5,10,2,0,0,0,0,0,0,3,11,66,1291,0,2,0,19,0,214,64.55,6.004651162790697,38931.5,5,1,60+,Very High,Very High,3.3333333333333335,0.05,6,0.0
713,1977,Master,Married,50353.0,0,0,2014-06-08,72,141,15,153,67,31,35,1,4,4,6,3,0,0,0,0,0,0,3,11,47,442,0,2,0,14,0,21,29.466666666666665,20.09090909090909,25176.5,4,1,40-50,Medium,High,3.6666666666666665,0.06666666666666667,6,0.0
4702,1964,Graduation,Single,61839.0,0,0,2012-08-12,20,1000,155,379,224,17,120,1,4,8,4,8,0,0,0,0,0,0,3,11,60,1895,0,1,0,16,0,686,111.47058823529412,2.7583697234352256,61839.0,3,0,50-60,High,Very High,5.333333333333333,0.058823529411764705,6,0.0
3281,1960,PhD,Married,49154.0,1,1,2013-11-03,69,206,10,67,30,27,71,6,4,1,8,6,0,0,0,0,0,0,3,11,64,411,2,4,1,13,0,238,29.357142857142858,1.7196652719665273,12288.5,5,1,60+,Medium,High,4.666666666666667,0.42857142857142855,6,0.0
702,1975,2n Cycle,Widow,47682.0,0,1,2013-02-15,80,162,61,83,97,57,61,4,4,3,8,5,0,0,0,0,0,0,3,11,49,521,1,2,1,15,0,499,32.5625,1.042,23841.0,2,0,40-50,Medium,High,4.333333333333333,0.25,6,0.0
2004,1969,Graduation,Single,72679.0,0,1,2013-09-18,65,619,54,260,127,54,54,1,4,7,5,1,0,0,0,0,0,0,3,11,55,1168,1,2,1,16,0,284,68.70588235294117,4.098245614035088,36339.5,3,0,50-60,Very High,Very High,3.0,0.058823529411764705,6,0.0
4769,1977,Master,Together,57954.0,1,1,2014-06-18,52,456,4,24,0,0,9,7,8,2,6,7,0,1,0,0,0,0,3,11,47,493,2,4,1,16,1,11,29.0,41.083333333333336,14488.5,4,1,40-50,High,High,7.666666666666667,0.4117647058823529,4,0.2
4437,1962,Graduation,Married,65316.0,1,1,2013-04-24,65,112,6,92,3,9,38,2,3,2,5,4,0,0,0,0,0,0,3,11,62,260,2,4,1,10,0,431,23.636363636363637,0.6018518518518519,16329.0,3,1,60+,High,Medium,3.3333333333333335,0.18181818181818182,6,0.0
8724,1982,Graduation,Single,28567.0,1,0,2013-06-17,57,11,3,22,2,2,6,2,2,0,3,6,0,0,0,0,0,0,3,11,42,46,1,2,1,5,0,377,7.666666666666667,0.12169312169312169,14283.5,3,0,40-50,Low,Low,3.3333333333333335,0.3333333333333333,6,0.0
10741,1951,Master,Together,47352.0,0,1,2013-04-11,70,172,12,112,8,0,15,4,6,1,5,7,0,0,0,0,0,0,3,11,73,319,1,3,1,12,0,444,24.53846153846154,0.7168539325842697,15784.0,4,1,60+,Medium,Medium,6.333333333333333,0.3076923076923077,5,0.0
1991,1967,Graduation,Together,44931.0,0,1,2014-01-18,0,78,0,11,0,0,7,1,2,1,3,5,0,0,0,0,0,0,3,11,57,96,1,3,1,6,0,162,13.714285714285714,0.588957055214724,14977.0,3,1,50-60,Medium,Medium,3.0,0.14285714285714285,3,0.0
6931,1967,Graduation,Divorced,76982.0,0,0,2014-02-15,19,464,151,292,65,60,30,1,8,3,4,4,0,0,1,0,0,0,3,11,57,1062,0,1,0,15,1,134,66.375,7.866666666666666,76982.0,3,0,50-60,Very High,Very High,6.666666666666667,0.0625,6,0.2
11096,1952,2n Cycle,Together,57247.0,0,1,2013-08-08,50,99,4,32,37,54,6,2,2,1,7,2,0,0,0,0,0,0,3,11,72,232,1,3,1,10,0,325,21.09090909090909,0.7116564417177914,19082.333333333332,2,1,60+,High,Medium,2.0,0.18181818181818182,6,0.0
304,1981,Master,Single,22944.0,1,0,2013-12-23,67,19,3,19,4,5,26,3,3,0,3,7,0,0,0,0,0,0,3,11,43,76,1,2,1,6,0,188,10.857142857142858,0.4021164021164021,11472.0,4,0,40-50,Low,Medium,4.333333333333333,0.42857142857142855,6,0.0
3665,1977,2n Cycle,Together,25315.0,1,0,2013-11-07,46,1,9,8,11,3,22,3,3,0,3,8,0,0,0,0,0,0,3,11,47,54,1,3,1,6,0,234,7.714285714285714,0.2297872340425532,8438.333333333334,2,1,40-50,Low,Low,4.666666666666667,0.42857142857142855,6,0.0
10591,1969,Graduation,Widow,43638.0,0,1,2012-08-06,37,63,10,83,7,19,19,2,4,1,4,7,0,0,0,0,0,0,3,11,55,201,1,2,1,9,0,692,20.1,0.29004329004329005,21819.0,3,0,50-60,Medium,Medium,5.0,0.2,6,0.0
5036,1984,PhD,Single,42710.0,1,0,2012-11-28,38,252,3,42,4,3,102,2,4,5,3,6,0,0,0,0,0,0,3,11,40,406,1,2,1,12,0,578,31.23076923076923,0.7012089810017271,21355.0,5,0,30-40,Medium,High,4.666666666666667,0.15384615384615385,6,0.0
5547,1982,PhD,Married,84169.0,0,0,2013-08-07,9,1478,19,403,0,19,0,1,7,6,6,3,0,1,1,0,0,0,3,11,42,1919,0,2,0,19,2,326,95.95,5.868501529051988,42084.5,5,1,40-50,Very High,Very High,5.666666666666667,0.05,4,0.4
7822,1976,Graduation,Together,54058.0,0,1,2013-06-04,56,198,18,252,32,108,54,2,4,6,8,3,0,0,0,0,0,0,3,11,48,662,1,3,1,18,0,390,34.8421052631579,1.6930946291560103,18019.333333333332,3,1,40-50,High,High,3.6666666666666665,0.10526315789473684,6,0.0
8541,1990,2n Cycle,Married,24683.0,1,0,2014-03-08,98,8,4,10,6,7,6,2,2,0,4,5,0,0,0,0,0,0,3,11,34,41,1,3,1,6,0,113,5.857142857142857,0.35964912280701755,8227.666666666666,2,1,30-40,Low,Low,3.0,0.2857142857142857,6,0.0
10955,1964,Graduation,Widow,85620.0,0,0,2014-01-07,68,416,46,925,60,107,46,1,3,6,4,1,0,0,0,0,0,0,3,11,60,1600,0,1,0,13,0,173,114.28571428571429,9.195402298850574,85620.0,3,0,50-60,Very High,Very High,2.3333333333333335,0.07142857142857142,6,0.0
4368,1980,Graduation,Married,47850.0,1,0,2013-12-03,72,42,7,43,20,12,10,1,3,0,4,6,0,0,0,0,0,0,3,11,44,134,1,3,1,7,0,208,16.75,0.6411483253588517,15950.0,3,1,40-50,Medium,Medium,4.0,0.125,6,0.0
9671,1968,Graduation,Married,19514.0,1,1,2014-01-26,47,14,3,21,2,1,28,4,3,1,2,8,1,0,0,0,0,0,3,11,56,69,2,4,1,6,1,154,9.857142857142858,0.44516129032258067,4878.5,3,1,50-60,Low,Medium,4.666666666666667,0.5714285714285714,6,0.2
2256,1973,Master,Married,27159.0,1,1,2014-03-29,33,17,0,3,0,0,1,2,1,0,3,6,0,0,0,0,0,0,3,11,51,21,2,4,1,4,0,92,4.2,0.22580645161290322,6789.75,4,1,50-60,Low,Low,2.6666666666666665,0.4,3,0.0
4279,1963,2n Cycle,Single,39548.0,1,1,2014-03-31,87,15,4,10,3,4,18,2,1,1,3,3,0,0,0,0,0,0,3,11,61,54,2,3,1,5,0,90,9.0,0.5934065934065934,13182.666666666666,2,0,60+,Medium,Low,1.6666666666666667,0.3333333333333333,6,0.0
5371,1989,Graduation,Single,21474.0,1,0,2014-04-08,0,6,16,24,11,0,34,2,3,1,2,7,1,0,0,0,0,0,3,11,35,91,1,2,1,6,1,82,13.0,1.0963855421686748,10737.0,3,0,30-40,Low,Medium,4.333333333333333,0.2857142857142857,5,0.2
9240,1971,PhD,Single,60504.0,0,1,2014-02-07,73,458,0,24,6,4,34,2,6,2,8,6,0,0,0,0,0,0,3,11,53,526,1,2,1,16,0,142,30.941176470588236,3.6783216783216783,30252.0,5,0,50-60,High,High,6.0,0.11764705882352941,5,0.0
9460,1963,Graduation,Married,22419.0,0,0,2013-04-18,74,30,3,47,19,21,42,1,3,2,2,8,0,0,0,0,0,0,3,11,61,162,0,2,0,7,0,437,20.25,0.3698630136986301,11209.5,3,1,60+,Low,Medium,4.666666666666667,0.125,6,0.0
9504,1949,Master,Married,81698.0,0,0,2013-11-06,4,179,28,520,111,123,47,1,3,8,13,1,0,0,0,0,0,0,3,11,75,1008,0,2,0,24,0,235,40.32,4.271186440677966,40849.0,4,1,60+,Very High,High,2.3333333333333335,0.04,6,0.0
8692,1952,Graduation,Together,43462.0,1,1,2012-09-12,50,90,17,97,15,6,15,6,4,1,5,8,0,0,0,0,0,0,3,11,72,240,2,4,1,10,0,655,21.818181818181817,0.36585365853658536,10865.5,3,1,60+,Medium,Medium,5.333333333333333,0.5454545454545454,6,0.0
448,1978,PhD,Single,54880.0,1,0,2013-03-01,57,308,85,137,102,45,118,2,6,2,11,5,0,0,0,0,0,0,3,11,46,795,1,2,1,19,0,485,39.75,1.6358024691358024,27440.0,5,0,40-50,High,High,5.666666666666667,0.1,6,0.0
8314,1982,Graduation,Married,79908.0,0,0,2013-04-05,30,557,129,761,29,185,111,1,5,6,7,2,0,0,1,0,0,0,3,11,42,1772,0,2,0,18,1,450,93.26315789473684,3.929046563192905,39954.0,3,1,40-50,Very High,Very High,4.0,0.05263157894736842,6,0.2
8420,1970,2n Cycle,Married,15315.0,0,0,2013-08-03,27,7,4,13,15,8,17,2,2,0,4,5,0,0,0,0,0,0,3,11,54,64,0,2,0,6,0,330,9.142857142857142,0.1933534743202417,7657.5,2,1,50-60,Low,Low,3.0,0.2857142857142857,6,0.0
3174,1959,Graduation,Together,87771.0,0,1,2013-05-22,61,1492,38,287,50,57,33,1,5,10,4,6,0,1,1,1,1,0,3,11,65,1957,1,3,1,19,4,403,97.85,4.844059405940594,29257.0,3,1,60+,Very High,Very High,5.333333333333333,0.05,6,0.8
7685,1978,Graduation,Married,33039.0,1,0,2013-09-09,4,30,8,12,8,8,12,1,2,0,4,5,0,0,0,0,0,0,3,11,46,78,1,3,1,6,0,293,11.142857142857142,0.2653061224489796,11013.0,3,1,40-50,Low,Medium,3.0,0.14285714285714285,6,0.0
3179,1980,Graduation,Single,81741.0,0,0,2013-06-16,75,249,153,940,58,134,38,0,6,6,7,2,0,0,0,0,0,0,3,11,44,1572,0,1,0,19,0,378,78.6,4.147757255936676,81741.0,3,0,40-50,Very High,Very High,4.666666666666667,0.0,6,0.0
9780,1971,Master,Together,71499.0,0,1,2013-06-25,12,465,25,132,136,0,37,2,8,3,13,4,0,0,0,0,0,0,3,11,53,795,1,3,1,24,0,369,31.8,2.1486486486486487,23833.0,4,1,50-60,Very High,High,6.666666666666667,0.08,5,0.0
10681,1970,2n Cycle,Married,62466.0,0,1,2014-01-15,13,129,129,259,168,121,83,5,6,3,12,4,0,0,0,0,0,0,3,11,54,889,1,3,1,21,0,165,40.40909090909091,5.355421686746988,20822.0,2,1,50-60,High,High,5.333333333333333,0.22727272727272727,6,0.0
10232,1963,PhD,Divorced,48799.0,0,1,2013-11-05,9,174,18,81,28,6,24,3,3,2,7,3,0,0,0,0,0,0,3,11,61,331,1,2,1,12,0,236,25.46153846153846,1.3966244725738397,24399.5,5,0,60+,Medium,Medium,3.0,0.23076923076923078,6,0.0
4184,1950,PhD,Together,52157.0,0,1,2014-06-07,48,189,2,29,3,2,40,2,3,2,5,4,0,0,0,0,0,0,3,11,74,265,1,3,1,10,0,22,24.09090909090909,11.521739130434783,17385.666666666668,5,1,60+,High,Medium,3.3333333333333335,0.18181818181818182,6,0.0
9120,1962,Graduation,Single,66565.0,0,1,2012-12-05,80,747,10,161,65,40,42,4,4,2,9,8,0,0,0,0,0,0,3,11,62,1065,1,2,1,15,0,571,66.5625,1.8618881118881119,33282.5,3,0,60+,High,Very High,5.333333333333333,0.25,6,0.0
10381,1979,Graduation,Single,47691.0,0,1,2013-07-05,43,14,0,3,0,0,4,1,1,0,2,6,0,0,0,0,0,0,3,11,45,21,1,2,1,3,0,359,5.25,0.058333333333333334,23845.5,3,0,40-50,Medium,Low,2.6666666666666665,0.25,3,0.0
3525,1970,Graduation,Together,38200.0,1,1,2012-12-07,19,12,0,4,0,0,1,1,1,0,2,7,0,0,0,0,0,0,3,11,54,17,2,4,1,3,0,569,4.25,0.02982456140350877,9550.0,3,1,50-60,Medium,Low,3.0,0.25,3,0.0
6818,1974,Graduation,Married,44989.0,0,1,2012-09-12,26,98,0,106,49,10,106,5,5,1,5,6,0,0,0,0,0,0,3,11,50,369,1,3,1,11,0,655,30.75,0.5625,14996.333333333334,3,1,40-50,Medium,Medium,5.333333333333333,0.4166666666666667,5,0.0
3526,1968,PhD,Married,38443.0,1,1,2014-01-27,58,32,0,5,0,0,1,2,1,0,3,7,0,0,0,0,0,0,3,11,56,38,2,4,1,4,0,153,7.6,0.24675324675324675,9610.75,5,1,50-60,Medium,Low,3.0,0.4,3,0.0
8181,1978,2n Cycle,Single,38593.0,1,0,2013-09-13,42,51,12,49,17,24,24,3,4,1,3,8,0,0,0,0,0,0,3,11,46,177,1,2,1,8,0,289,19.666666666666668,0.6103448275862069,19296.5,2,0,40-50,Medium,Medium,5.333333333333333,0.3333333333333333,6,0.0
1029,1970,PhD,Together,64413.0,0,1,2013-08-01,27,200,5,44,0,10,20,1,5,1,5,5,0,0,0,0,0,0,3,11,54,279,1,3,1,11,0,332,23.25,0.8378378378378378,21471.0,5,1,50-60,High,Medium,5.0,0.08333333333333333,5,0.0
7369,1981,Master,Married,36959.0,1,0,2013-10-02,56,25,6,25,6,0,0,2,2,0,3,8,0,0,0,0,0,0,3,11,43,62,1,3,1,5,0,270,10.333333333333334,0.22878228782287824,12319.666666666666,4,1,40-50,Medium,Low,4.0,0.3333333333333333,4,0.0
2574,1977,PhD,Married,61996.0,0,1,2013-01-31,27,1050,12,144,0,0,24,3,6,4,8,5,0,1,0,1,1,0,3,11,47,1230,1,3,1,18,3,514,64.73684210526316,2.3883495145631066,20665.333333333332,5,1,40-50,High,Very High,5.666666666666667,0.15789473684210525,4,0.6
8159,1968,Graduation,Married,51287.0,1,1,2014-04-01,10,117,0,22,13,0,30,3,4,1,3,7,0,0,0,0,0,0,3,11,56,182,2,4,1,8,0,89,20.22222222222222,2.022222222222222,12821.75,3,1,50-60,Medium,Medium,5.0,0.3333333333333333,4,0.0
1160,1970,Graduation,Married,13260.0,1,1,2013-08-23,48,9,4,17,10,2,7,4,3,0,3,8,0,0,0,0,0,0,3,11,54,49,2,4,1,6,0,310,7.0,0.15755627009646303,3315.0,3,1,50-60,Low,Low,4.666666666666667,0.5714285714285714,6,0.0
10242,1966,PhD,Together,47472.0,1,1,2013-09-16,39,56,0,11,0,0,8,2,2,0,4,5,0,0,0,0,0,0,3,11,58,75,2,4,1,6,0,286,10.714285714285714,0.2613240418118467,11868.0,5,1,50-60,Medium,Medium,3.0,0.2857142857142857,3,0.0
5253,1956,Master,Together,54603.0,1,1,2013-07-09,85,145,13,46,17,2,4,6,4,2,4,7,0,0,0,0,0,0,3,11,68,227,2,4,1,10,0,355,20.636363636363637,0.6376404494382022,13650.75,4,1,60+,High,Medium,5.0,0.5454545454545454,6,0.0
5966,1974,PhD,Married,45207.0,1,1,2012-11-10,64,203,0,10,0,0,2,5,3,1,6,6,0,1,0,0,0,0,3,11,50,215,2,4,1,10,1,596,19.545454545454547,0.3601340033500838,11301.75,5,1,40-50,Medium,Medium,4.0,0.45454545454545453,3,0.2
5314,1951,Graduation,Together,40689.0,0,1,2013-03-18,69,270,3,27,39,6,99,7,7,1,5,8,0,0,0,0,0,0,3,11,73,444,1,3,1,13,0,468,31.714285714285715,0.9466950959488273,13563.0,3,1,60+,Medium,High,7.333333333333333,0.5,6,0.0
5081,1967,2n Cycle,Together,47821.0,1,1,2013-10-20,54,9,0,16,6,6,10,1,1,0,3,8,0,0,0,0,0,0,3,11,57,47,2,4,1,4,0,252,9.4,0.1857707509881423,11955.25,2,1,50-60,Medium,Low,3.3333333333333335,0.2,5,0.0
5123,1951,Master,Married,27450.0,0,0,2013-04-15,57,37,12,23,8,11,52,1,2,1,3,7,0,0,0,0,0,0,3,11,73,143,0,2,0,6,0,440,20.428571428571427,0.3242630385487528,13725.0,4,1,60+,Low,Medium,3.6666666666666665,0.14285714285714285,6,0.0
5756,1983,Graduation,Together,39453.0,1,0,2014-04-03,64,46,0,7,0,0,2,2,2,0,3,6,0,0,0,0,0,0,3,11,41,55,1,3,1,5,0,87,9.166666666666666,0.625,13151.0,3,1,40-50,Medium,Low,3.3333333333333335,0.3333333333333333,3,0.0
8036,1971,2n Cycle,Together,26850.0,1,1,2014-04-18,10,31,1,13,7,2,9,4,2,1,4,4,0,0,0,0,0,0,3,11,53,63,2,4,1,7,0,72,7.875,0.863013698630137,6712.5,2,1,50-60,Low,Low,2.6666666666666665,0.5,6,0.0
9058,1955,Graduation,Widow,79800.0,0,0,2012-09-23,65,1060,21,530,32,0,224,1,5,11,5,3,1,0,1,1,0,0,3,11,69,1867,0,1,0,21,3,644,84.86363636363636,2.894573643410853,79800.0,3,0,60+,Very High,Very High,4.333333333333333,0.045454545454545456,5,0.6
5057,1961,Master,Married,61794.0,0,1,2013-09-14,74,264,47,188,54,47,11,2,4,4,10,2,0,0,0,0,0,0,3,11,63,611,1,3,1,18,0,288,32.1578947368421,2.114186851211073,20598.0,4,1,60+,High,High,3.3333333333333335,0.10526315789473684,6,0.0
254,1955,Graduation,Together,53863.0,0,1,2014-05-17,4,399,4,30,6,4,30,3,7,1,7,7,0,1,0,0,0,0,3,11,69,473,1,3,1,15,1,43,29.5625,10.75,17954.333333333332,3,1,60+,High,High,7.0,0.1875,6,0.2
4179,1959,Graduation,Together,24221.0,0,0,2013-08-20,94,8,9,9,2,5,22,1,1,1,3,4,0,0,0,0,0,0,3,11,65,55,0,2,0,5,0,313,9.166666666666666,0.1751592356687898,12110.5,3,1,60+,Low,Low,2.0,0.16666666666666666,6,0.0
3710,1984,PhD,Single,39684.0,1,0,2012-10-12,41,19,0,35,6,4,17,2,2,1,2,7,0,0,0,0,0,1,3,11,40,81,1,2,1,5,0,625,13.5,0.12939297124600638,19842.0,5,0,30-40,Medium,Medium,3.6666666666666665,0.3333333333333333,5,0.0
7627,1975,Master,Married,92163.0,0,0,2012-12-12,25,817,183,797,106,163,20,0,5,11,5,2,0,0,1,1,0,0,3,11,49,2086,0,2,0,21,2,564,94.81818181818181,3.6920353982300886,46081.5,4,1,40-50,Very High,Very High,4.0,0.0,6,0.4
4501,1965,Master,Single,69882.0,0,0,2013-11-10,94,292,127,635,132,127,165,1,3,7,9,1,0,0,0,0,0,0,3,11,59,1478,0,1,0,19,0,231,73.9,6.370689655172414,69882.0,4,0,50-60,Very High,Very High,2.3333333333333335,0.05,6,0.0
6424,1977,Graduation,Together,33178.0,1,0,2014-01-30,9,12,6,2,11,2,16,1,1,0,3,4,0,0,0,0,0,0,3,11,47,49,1,3,1,4,0,150,9.8,0.32450331125827814,11059.333333333334,3,1,40-50,Low,Low,2.0,0.2,6,0.0
3075,1972,PhD,Married,59973.0,0,0,2013-09-11,47,130,30,168,20,34,0,1,3,4,7,1,0,0,0,0,0,0,3,11,52,382,0,2,0,14,0,291,25.466666666666665,1.3082191780821917,29986.5,5,1,50-60,High,Medium,2.3333333333333335,0.06666666666666667,5,0.0
4992,1975,Master,Together,17459.0,1,0,2013-09-19,12,6,4,16,3,10,30,3,3,1,2,7,0,0,0,0,0,0,3,11,49,69,1,3,1,6,0,283,9.857142857142858,0.24295774647887325,5819.666666666667,4,1,40-50,Low,Medium,4.333333333333333,0.42857142857142855,6,0.0
5252,1969,Graduation,Divorced,23910.0,1,0,2012-10-26,80,16,12,18,7,1,13,1,2,0,3,7,0,0,0,0,0,0,3,11,55,67,1,2,1,5,0,611,11.166666666666666,0.10947712418300654,11955.0,3,0,50-60,Low,Low,3.6666666666666665,0.16666666666666666,6,0.0
7444,1969,Master,Married,42169.0,1,1,2013-10-19,20,19,0,9,0,0,2,2,1,0,3,8,0,0,0,0,0,0,3,11,55,30,2,4,1,4,0,253,6.0,0.11811023622047244,10542.25,4,1,50-60,Medium,Low,3.3333333333333335,0.4,3,0.0
6919,1978,2n Cycle,Married,26224.0,1,0,2013-06-04,39,4,7,15,13,9,15,3,2,1,3,6,0,0,0,0,0,0,3,11,46,63,1,3,1,6,0,390,9.0,0.16112531969309463,8741.333333333334,2,1,40-50,Low,Low,3.3333333333333335,0.42857142857142855,6,0.0
3537,1981,Graduation,Together,31089.0,1,0,2012-08-17,57,31,3,31,2,8,4,3,3,0,4,8,0,0,0,0,0,0,3,11,43,79,1,3,1,7,0,681,9.875,0.1158357771260997,10363.0,3,1,40-50,Low,Medium,4.666666666666667,0.375,6,0.0
10277,1961,Graduation,Single,30081.0,0,1,2013-02-21,27,36,0,2,0,0,4,1,1,0,3,7,0,0,0,0,0,0,3,11,63,42,1,2,1,4,0,493,8.4,0.08502024291497975,15040.5,3,0,60+,Low,Low,3.0,0.2,3,0.0
2453,1960,Graduation,Together,62807.0,0,1,2012-08-31,83,526,28,135,10,21,99,3,5,3,12,5,0,0,0,0,0,0,3,11,64,819,1,3,1,20,0,667,39.0,1.2260479041916168,20935.666666666668,3,1,60+,High,High,5.0,0.14285714285714285,6,0.0
7972,1955,Graduation,Single,72906.0,0,0,2013-09-17,79,400,32,519,71,75,54,1,3,4,9,1,0,0,0,0,0,0,3,11,69,1151,0,1,0,16,0,285,67.70588235294117,4.024475524475524,72906.0,3,0,60+,Very High,Very High,2.3333333333333335,0.058823529411764705,6,0.0
895,1948,PhD,Married,61467.0,0,2,2012-12-09,69,410,16,114,0,5,49,3,5,2,10,5,0,0,0,0,0,0,3,11,76,594,2,4,1,17,0,567,33.0,1.045774647887324,15366.75,5,1,60+,High,High,5.0,0.16666666666666666,5,0.0
1177,1966,Master,Together,49618.0,1,1,2013-01-26,77,80,3,26,4,2,14,4,3,1,3,7,0,0,0,0,0,0,3,11,58,129,2,4,1,7,0,519,16.125,0.24807692307692308,12404.5,4,1,50-60,Medium,Medium,4.333333333333333,0.5,6,0.0
7141,1986,Master,Single,21888.0,1,0,2012-12-29,15,88,10,46,2,3,64,4,5,1,2,10,0,0,0,0,0,0,3,11,38,213,1,2,1,8,0,547,23.666666666666668,0.3886861313868613,10944.0,4,0,30-40,Low,Medium,6.666666666666667,0.4444444444444444,6,0.0
7232,1973,Graduation,Widow,42429.0,0,1,2014-02-11,99,55,0,6,2,0,4,2,1,1,3,5,0,0,0,0,0,0,3,11,51,67,1,2,1,5,0,138,11.166666666666666,0.48201438848920863,21214.5,3,0,50-60,Medium,Low,2.3333333333333335,0.3333333333333333,4,0.0
8477,1956,Graduation,Divorced,26150.0,2,1,2013-03-11,61,5,1,13,3,5,1,1,1,0,3,7,0,0,0,0,0,0,3,11,68,28,3,4,1,4,0,475,5.6,0.058823529411764705,6537.5,3,0,60+,Low,Low,3.0,0.2,6,0.0
2457,1975,Basic,Married,30801.0,0,1,2012-10-26,23,8,4,5,15,2,11,2,1,0,3,7,0,0,0,0,0,0,3,11,49,45,1,3,1,4,0,611,9.0,0.07352941176470588,10267.0,1,1,40-50,Low,Low,3.0,0.4,6,0.0
988,1965,Graduation,Married,81168.0,0,0,2014-05-07,84,410,0,592,147,22,22,1,6,4,7,3,0,0,0,1,0,0,3,11,59,1193,0,2,0,17,1,53,66.27777777777777,22.09259259259259,40584.0,3,1,50-60,Very High,Very High,5.0,0.05555555555555555,5,0.2
7930,1969,Master,Single,26877.0,0,0,2013-08-19,74,101,13,76,20,18,40,2,3,1,6,6,0,0,0,0,0,0,3,11,55,268,0,1,0,10,0,314,24.363636363636363,0.8507936507936508,26877.0,4,0,50-60,Low,Medium,4.0,0.18181818181818182,6,0.0
4587,1944,Master,Widow,45006.0,0,0,2013-07-18,90,162,25,53,16,0,10,1,3,1,7,3,0,0,0,0,0,0,3,11,80,266,0,1,0,11,0,346,22.166666666666668,0.7665706051873199,45006.0,4,0,60+,Medium,Medium,3.0,0.08333333333333333,5,0.0
6682,1973,Basic,Married,18978.0,1,0,2012-12-11,41,2,8,1,4,7,15,1,1,0,3,8,0,0,0,0,0,0,3,11,51,37,1,3,1,4,0,565,7.4,0.06537102473498234,6326.0,1,1,50-60,Low,Low,3.3333333333333335,0.2,6,0.0
6222,1967,Graduation,Married,22574.0,2,1,2013-10-28,28,25,0,8,2,0,2,2,2,0,3,7,0,0,0,0,0,0,3,11,57,37,3,5,1,5,0,244,6.166666666666667,0.1510204081632653,4514.8,3,1,50-60,Low,Low,3.6666666666666665,0.3333333333333333,4,0.0
10299,1969,PhD,Single,48240.0,0,0,2012-11-09,73,389,91,248,64,49,41,3,6,3,13,5,0,0,0,0,0,0,3,11,55,882,0,1,0,22,0,597,38.34782608695652,1.4749163879598661,48240.0,5,0,50-60,Medium,High,5.666666666666667,0.13043478260869565,6,0.0
3083,1974,Graduation,Married,45837.0,1,1,2013-07-26,88,215,13,87,17,17,24,5,6,2,5,7,0,0,0,0,0,0,3,11,50,373,2,4,1,13,0,338,26.642857142857142,1.1002949852507375,11459.25,3,1,40-50,Medium,Medium,6.333333333333333,0.35714285714285715,6,0.0
8953,1965,Master,Single,35791.0,2,1,2013-05-06,94,27,0,5,0,0,3,2,1,0,3,8,0,0,0,0,0,0,3,11,59,35,3,4,1,4,0,419,7.0,0.08333333333333333,8947.75,4,0,50-60,Medium,Low,3.3333333333333335,0.4,3,0.0
8650,1978,Graduation,Widow,54162.0,1,1,2013-03-18,31,5,6,10,6,5,10,1,1,0,3,4,0,0,0,0,0,0,3,11,46,42,2,3,1,4,0,468,8.4,0.08955223880597014,18054.0,3,0,40-50,High,Low,2.0,0.2,6,0.0
10862,1960,Master,Married,30522.0,0,1,2012-08-17,6,179,8,83,19,11,26,5,1,2,9,2,0,0,0,0,0,0,3,11,64,326,1,3,1,12,0,681,25.076923076923077,0.4780058651026393,10174.0,4,1,60+,Low,Medium,1.3333333333333333,0.38461538461538464,6,0.0
2782,1961,PhD,Married,54456.0,0,1,2013-07-11,23,352,0,27,10,0,15,3,6,1,7,6,0,0,0,0,0,0,3,11,63,404,1,3,1,14,0,353,26.933333333333334,1.1412429378531073,18152.0,5,1,60+,High,High,6.0,0.2,4,0.0
6941,1971,Graduation,Single,31632.0,0,0,2013-07-14,92,17,8,12,11,15,32,1,2,1,2,7,0,0,0,0,0,0,3,11,53,95,0,1,0,5,0,350,15.833333333333334,0.2706552706552707,31632.0,3,0,50-60,Low,Medium,3.6666666666666665,0.16666666666666666,6,0.0
10972,1949,Graduation,Widow,72298.0,0,0,2014-03-10,52,625,35,169,58,17,35,1,4,3,6,1,0,1,1,0,0,0,3,11,75,939,0,1,0,13,2,111,67.07142857142857,8.383928571428571,72298.0,3,0,60+,Very High,High,3.0,0.07142857142857142,6,0.4
10708,1978,2n Cycle,Single,36975.0,1,0,2013-12-28,50,10,6,11,0,4,2,1,1,0,3,7,0,0,0,0,0,0,3,11,46,33,1,2,1,4,0,183,6.6,0.1793478260869565,18487.5,2,0,40-50,Medium,Low,3.0,0.2,5,0.0
6583,1955,2n Cycle,Married,72635.0,0,0,2013-06-03,54,390,22,323,104,35,107,1,6,8,6,3,0,0,0,1,0,0,3,11,69,981,0,2,0,20,1,391,46.714285714285715,2.502551020408163,36317.5,2,1,60+,Very High,High,5.0,0.047619047619047616,6,0.2
3641,1976,Graduation,Married,13624.0,1,0,2013-01-20,93,10,2,15,2,1,6,2,2,0,3,6,0,0,0,0,0,0,3,11,48,36,1,3,1,5,0,525,6.0,0.06844106463878327,4541.333333333333,3,1,40-50,Low,Low,3.3333333333333335,0.3333333333333333,6,0.0
10156,1975,Graduation,Single,84196.0,0,1,2013-06-03,56,215,63,507,231,31,190,1,8,4,7,3,0,0,0,0,0,0,3,11,49,1237,1,2,1,19,0,391,61.85,3.1556122448979593,42098.0,3,0,40-50,Very High,Very High,6.333333333333333,0.05,6,0.0
4299,1960,Graduation,Together,70971.0,0,1,2012-09-21,28,1001,17,572,93,125,17,7,11,11,5,7,0,0,0,0,0,0,3,11,64,1825,1,3,1,27,0,646,65.17857142857143,2.820710973724884,23657.0,3,1,60+,Very High,Very High,9.666666666666666,0.25,6,0.0
3469,1977,PhD,Divorced,34487.0,1,1,2012-09-06,94,19,18,33,24,1,8,3,3,0,3,9,0,0,0,0,0,0,3,11,47,103,2,3,1,6,0,661,14.714285714285714,0.1555891238670695,11495.666666666666,5,0,40-50,Low,Medium,5.0,0.42857142857142855,6,0.0
5063,1977,Graduation,Single,28769.0,1,0,2012-12-18,76,41,5,129,10,3,3,3,4,1,4,9,0,0,0,0,0,0,3,11,47,191,1,2,1,9,0,558,19.1,0.3416815742397138,14384.5,3,0,40-50,Low,Medium,5.666666666666667,0.3,6,0.0
10727,1970,PhD,Married,69084.0,1,0,2013-11-19,43,1181,107,199,39,30,30,2,7,3,13,8,0,0,0,0,0,0,3,11,54,1586,1,3,1,23,0,222,66.08333333333333,7.112107623318385,23028.0,5,1,50-60,Very High,Very High,7.333333333333333,0.08333333333333333,6,0.0
9624,1958,PhD,Together,65488.0,0,0,2014-06-13,46,603,45,207,36,18,54,1,3,4,6,1,0,0,0,0,0,0,3,11,66,963,0,2,0,13,0,16,68.78571428571429,56.64705882352941,32744.0,5,1,60+,High,High,2.3333333333333335,0.07142857142857142,6,0.0
5156,1970,2n Cycle,Married,62466.0,0,1,2014-01-15,13,129,129,259,168,121,83,5,6,3,12,4,0,0,0,0,0,0,3,11,54,889,1,3,1,21,0,165,40.40909090909091,5.355421686746988,20822.0,2,1,50-60,High,High,5.333333333333333,0.22727272727272727,6,0.0
4376,1960,2n Cycle,Single,32218.0,0,0,2014-02-15,27,10,24,15,13,1,30,1,2,1,3,7,1,0,0,0,0,0,3,11,64,93,0,1,0,6,1,134,13.285714285714286,0.6888888888888889,32218.0,2,0,60+,Low,Medium,3.6666666666666665,0.14285714285714285,6,0.2
8923,1973,Graduation,Single,83917.0,0,0,2013-04-18,12,514,22,732,42,198,79,1,6,7,7,3,0,0,0,0,0,0,3,11,51,1587,0,1,0,20,0,437,75.57142857142857,3.6232876712328768,83917.0,3,0,50-60,Very High,Very High,5.0,0.047619047619047616,6,0.0
8461,1962,Graduation,Divorced,46102.0,2,1,2014-03-10,3,14,0,1,0,0,1,1,1,0,2,7,0,0,0,0,0,0,3,11,62,16,3,4,1,3,0,111,4.0,0.14285714285714285,11525.5,3,0,60+,Medium,Low,3.0,0.25,3,0.0
6945,1952,Graduation,Single,84574.0,0,0,2013-06-04,72,387,20,713,38,54,163,1,9,11,11,5,0,0,0,0,0,0,3,11,72,1375,0,1,0,31,0,390,42.96875,3.516624040920716,84574.0,3,0,60+,Very High,Very High,7.666666666666667,0.03125,6,0.0
944,1962,Graduation,Married,56181.0,0,1,2013-01-08,6,121,103,69,8,44,48,1,4,2,7,4,0,0,0,0,0,0,3,11,62,393,1,3,1,13,0,537,28.071428571428573,0.7304832713754646,18727.0,3,1,60+,High,Medium,4.0,0.07142857142857142,6,0.0
1907,1950,Master,Divorced,63120.0,0,1,2012-09-28,53,965,69,279,54,41,69,5,8,4,9,7,0,0,0,0,0,0,3,11,74,1477,1,2,1,21,0,639,67.13636363636364,2.3078125,31560.0,4,0,60+,High,Very High,7.666666666666667,0.22727272727272727,6,0.0
701,1971,Graduation,Married,73691.0,0,1,2013-11-06,58,707,21,250,85,43,73,2,6,2,8,2,1,0,0,0,0,0,3,11,53,1179,1,3,1,16,1,235,69.3529411764706,4.995762711864407,24563.666666666668,3,1,50-60,Very High,Very High,4.666666666666667,0.11764705882352941,6,0.2
3856,1960,Graduation,Together,63381.0,0,1,2012-10-05,78,571,50,142,33,50,159,4,4,5,13,2,0,0,0,0,0,0,3,11,64,1005,1,3,1,22,0,632,43.69565217391305,1.5876777251184835,21127.0,3,1,60+,High,High,3.3333333333333335,0.17391304347826086,6,0.0
4149,1948,PhD,Together,76140.0,0,0,2014-05-13,57,586,66,653,17,0,26,1,5,9,6,2,0,0,0,0,0,0,3,11,76,1348,0,2,0,20,0,47,64.19047619047619,28.083333333333332,38070.0,5,1,60+,Very High,Very High,4.0,0.047619047619047616,5,0.0
2131,1959,PhD,Divorced,62859.0,0,1,2012-12-30,37,1063,89,102,16,12,25,4,9,4,6,6,0,0,0,0,0,0,3,11,65,1307,1,2,1,19,0,546,65.35,2.389396709323583,31429.5,5,0,60+,High,Very High,8.0,0.2,6,0.0
2942,1964,Graduation,Single,45906.0,0,1,2013-05-07,20,305,3,27,4,3,144,2,5,4,4,5,1,0,0,0,0,0,3,11,60,486,1,2,1,13,1,418,34.714285714285715,1.1599045346062054,22953.0,3,0,50-60,Medium,High,5.0,0.14285714285714285,6,0.2
4381,1971,PhD,Married,46463.0,1,1,2013-08-18,56,163,2,40,8,11,11,7,3,1,6,6,0,0,0,0,0,0,3,11,53,235,2,4,1,10,0,315,21.363636363636363,0.7436708860759493,11615.75,5,1,50-60,Medium,Medium,4.0,0.6363636363636364,6,0.0
3376,1970,Master,Divorced,55282.0,1,0,2013-12-13,9,125,6,73,8,4,19,1,3,1,6,4,0,0,0,0,0,0,3,11,54,235,1,2,1,10,0,198,21.363636363636363,1.1809045226130652,27641.0,4,0,50-60,High,Medium,3.3333333333333335,0.09090909090909091,6,0.0
4679,1977,Master,Married,78710.0,0,1,2014-05-23,42,721,0,152,119,50,50,3,7,6,12,4,0,0,0,0,0,0,3,11,47,1092,1,3,1,25,0,37,42.0,28.736842105263158,26236.666666666668,4,1,40-50,Very High,Very High,6.0,0.11538461538461539,5,0.0
10928,1958,Graduation,Together,66886.0,0,1,2013-09-16,28,315,4,62,41,31,146,2,7,1,7,5,0,0,0,0,0,0,3,11,66,599,1,3,1,15,0,286,37.4375,2.087108013937282,22295.333333333332,3,1,60+,High,High,6.333333333333333,0.125,6,0.0
6728,1985,Graduation,Together,29103.0,1,0,2012-08-27,38,16,0,17,6,3,6,2,1,0,3,9,0,0,0,0,0,0,3,11,39,48,1,3,1,4,0,671,9.6,0.07142857142857142,9701.0,3,1,30-40,Low,Low,3.6666666666666665,0.4,5,0.0
6661,1974,Graduation,Married,67445.0,0,1,2012-08-12,63,757,80,217,29,80,11,5,9,6,12,6,0,0,0,0,0,0,3,11,50,1174,1,3,1,27,0,686,41.92857142857143,1.7088791848617175,22481.666666666668,3,1,40-50,High,Very High,8.0,0.17857142857142858,6,0.0
4725,1950,PhD,Together,50616.0,0,1,2014-04-13,71,30,2,25,0,1,9,1,1,1,4,2,0,0,0,0,0,0,3,11,74,67,1,3,1,6,0,77,9.571428571428571,0.8589743589743589,16872.0,5,1,60+,Medium,Low,1.3333333333333333,0.14285714285714285,5,0.0
3277,1955,Graduation,Divorced,49431.0,0,1,2012-08-03,9,219,3,100,26,0,17,2,7,1,5,8,0,0,0,0,0,0,3,11,69,365,1,2,1,13,0,695,26.071428571428573,0.5244252873563219,24715.5,3,0,60+,Medium,Medium,7.333333333333333,0.14285714285714285,5,0.0
2564,1953,Graduation,Together,61278.0,0,1,2014-01-04,87,111,3,28,2,6,15,2,3,1,4,6,0,0,0,0,0,0,3,11,71,165,1,3,1,8,0,176,18.333333333333332,0.9322033898305084,20426.0,3,1,60+,High,Medium,4.0,0.2222222222222222,6,0.0
946,1958,2n Cycle,Together,26490.0,0,0,2012-09-22,92,45,47,52,21,20,25,2,3,1,5,6,0,0,0,0,0,0,3,11,66,210,0,2,0,9,0,645,21.0,0.32507739938080493,13245.0,2,1,60+,Low,Medium,4.0,0.2,6,0.0
3867,1947,PhD,Together,73059.0,0,1,2013-08-31,36,410,112,420,0,82,71,1,9,3,13,4,0,0,0,0,0,0,3,11,77,1095,1,3,1,25,0,302,42.11538461538461,3.613861386138614,24353.0,5,1,60+,Very High,Very High,7.333333333333333,0.038461538461538464,5,0.0
6940,1966,PhD,Single,46734.0,1,2,2013-10-21,86,100,1,39,6,1,76,4,3,2,3,6,1,0,0,0,0,0,3,11,58,223,3,4,1,8,1,251,24.77777777777778,0.8849206349206349,11683.5,5,0,50-60,Medium,Medium,4.0,0.4444444444444444,6,0.2
55,1963,Graduation,Together,56253.0,0,1,2012-12-07,83,509,0,65,7,11,5,4,7,2,9,6,0,0,0,0,0,0,3,11,61,597,1,3,1,18,0,569,31.42105263157895,1.0473684210526315,18751.0,3,1,60+,High,High,6.666666666666667,0.21052631578947367,5,0.0
7093,1985,Graduation,Married,19986.0,1,0,2013-11-14,74,3,6,5,0,2,6,1,0,0,3,7,0,0,0,0,0,0,3,11,39,22,1,3,1,3,0,227,5.5,0.09649122807017543,6662.0,3,1,30-40,Low,Low,2.3333333333333335,0.25,5,0.0
5084,1975,Graduation,Widow,58330.0,0,1,2013-12-25,87,445,53,213,104,98,151,1,6,4,13,4,0,0,0,0,0,0,3,11,49,1064,1,2,1,23,0,186,44.333333333333336,5.689839572192513,29165.0,3,0,40-50,High,Very High,5.333333333333333,0.041666666666666664,6,0.0
1777,1980,Basic,Married,25965.0,0,0,2012-09-07,29,2,2,11,41,7,11,1,2,0,3,8,0,0,0,0,0,0,3,11,44,74,0,2,0,5,0,660,12.333333333333334,0.11195158850226929,12982.5,1,1,40-50,Low,Medium,4.0,0.16666666666666666,6,0.0
8162,1956,Master,Together,14661.0,0,0,2013-01-01,88,4,1,11,6,2,2,1,1,0,3,6,0,0,0,0,0,0,3,11,68,26,0,2,0,4,0,544,5.2,0.047706422018348627,7330.5,4,1,60+,Low,Low,2.6666666666666665,0.2,6,0.0
10826,1959,Graduation,Married,18690.0,0,0,2012-12-28,77,6,1,7,23,4,19,1,1,1,2,8,0,0,0,0,0,0,3,11,65,60,0,2,0,4,0,548,12.0,0.1092896174863388,9345.0,3,1,60+,Low,Low,3.3333333333333335,0.2,6,0.0
8754,1974,PhD,Together,45068.0,0,1,2013-05-16,25,14,0,3,0,0,3,1,1,0,2,7,0,0,0,0,0,0,3,11,50,20,1,3,1,3,0,409,5.0,0.04878048780487805,15022.666666666666,5,1,40-50,Medium,Low,3.0,0.25,3,0.0
1987,1987,Basic,Single,21063.0,1,0,2013-09-25,34,1,10,11,19,3,15,2,2,0,3,6,0,0,0,0,0,0,3,11,37,59,1,2,1,5,0,277,9.833333333333334,0.21223021582733814,10531.5,1,0,30-40,Low,Low,3.3333333333333335,0.3333333333333333,6,0.0
11007,1968,PhD,Married,29187.0,1,0,2013-05-09,43,26,0,6,0,0,2,1,1,0,3,8,0,0,0,0,0,0,3,11,56,34,1,3,1,4,0,416,6.8,0.0815347721822542,9729.0,5,1,50-60,Low,Low,3.3333333333333335,0.2,3,0.0
7426,1971,2n Cycle,Married,54690.0,1,1,2013-11-07,76,111,16,37,7,9,18,3,3,1,5,3,0,0,0,0,0,0,3,11,53,198,2,4,1,9,0,234,19.8,0.8425531914893617,13672.5,2,1,50-60,High,Medium,3.0,0.3,6,0.0
9153,1964,PhD,Married,59304.0,0,1,2013-07-29,81,418,61,428,80,51,10,3,7,8,10,5,0,0,0,0,0,0,3,11,60,1048,1,3,1,25,0,335,40.30769230769231,3.119047619047619,19768.0,5,1,50-60,High,Very High,6.333333333333333,0.11538461538461539,6,0.0
10379,1962,Master,Single,59247.0,0,2,2013-11-08,87,327,9,122,19,14,83,5,5,2,9,6,0,0,0,0,0,0,3,11,62,574,2,3,1,16,0,233,33.76470588235294,2.452991452991453,19749.0,4,0,60+,High,High,5.333333333333333,0.29411764705882354,6,0.0
9204,1970,Graduation,Widow,66731.0,0,1,2012-09-12,33,371,159,194,58,106,141,4,4,3,6,3,0,0,0,0,0,0,3,11,54,1029,1,2,1,13,0,655,73.5,1.5685975609756098,33365.5,3,0,50-60,High,High,3.6666666666666665,0.2857142857142857,6,0.0
3197,1980,Graduation,Married,77353.0,0,1,2013-12-16,38,275,59,107,69,101,59,2,6,4,8,4,0,0,0,0,0,0,3,11,44,670,1,3,1,18,0,195,35.26315789473684,3.4183673469387754,25784.333333333332,3,1,40-50,Very High,High,5.333333333333333,0.10526315789473684,6,0.0
2920,1975,PhD,Single,52614.0,0,1,2012-12-01,63,789,0,142,12,9,38,2,2,4,8,8,0,0,0,0,0,0,3,11,49,990,1,2,1,14,0,575,66.0,1.71875,26307.0,5,0,40-50,High,High,4.0,0.13333333333333333,5,0.0
4673,1963,PhD,Married,81300.0,0,1,2012-10-30,17,1004,12,145,32,12,36,3,10,3,5,5,0,0,0,1,0,0,3,11,61,1241,1,3,1,18,1,607,65.3157894736842,2.0411184210526314,27100.0,5,1,60+,Very High,Very High,8.333333333333334,0.15789473684210525,6,0.2
9937,1979,Graduation,Single,70337.0,0,0,2014-01-02,75,187,81,149,25,43,91,1,2,2,12,1,0,0,0,0,0,0,3,11,45,576,0,1,0,16,0,178,33.88235294117647,3.217877094972067,70337.0,3,0,40-50,Very High,High,1.6666666666666667,0.058823529411764705,6,0.0
8779,1985,2n Cycle,Married,36145.0,1,0,2013-06-16,13,56,4,76,17,1,18,4,4,1,3,9,1,0,0,0,0,0,3,11,39,172,1,3,1,8,1,378,19.11111111111111,0.45382585751978893,12048.333333333334,2,1,30-40,Medium,Medium,5.666666666666667,0.4444444444444444,6,0.2
9596,1980,PhD,Single,65295.0,0,0,2013-12-23,19,365,32,117,34,110,6,1,3,3,13,2,0,0,0,0,0,0,3,11,44,664,0,1,0,19,0,188,33.2,3.513227513227513,65295.0,5,0,40-50,High,High,2.6666666666666665,0.05,6,0.0
2891,1963,Graduation,Divorced,68118.0,0,1,2013-10-18,51,595,23,123,10,23,154,2,8,9,4,6,0,0,0,0,0,0,3,11,61,928,1,2,1,21,0,254,42.18181818181818,3.6392156862745098,34059.0,3,0,60+,High,High,7.333333333333333,0.09090909090909091,6,0.0
4910,1967,Graduation,Divorced,68743.0,0,0,2012-08-30,81,1132,134,384,175,134,115,1,11,5,13,7,0,0,0,0,0,0,3,11,57,2074,0,1,0,29,0,668,69.13333333333334,3.100149476831091,68743.0,3,0,50-60,Very High,Very High,9.666666666666666,0.03333333333333333,6,0.0
75,1982,2n Cycle,Together,41039.0,0,0,2013-07-25,32,34,11,137,179,61,45,1,8,1,5,8,0,0,0,0,0,0,3,11,42,467,0,2,0,14,0,339,31.133333333333333,1.3735294117647059,20519.5,2,1,40-50,Medium,High,8.0,0.06666666666666667,6,0.0
10120,1955,Graduation,Together,38946.0,0,1,2013-10-24,84,116,6,82,6,6,41,2,3,1,6,5,0,0,0,0,0,0,3,11,69,257,1,3,1,10,0,248,23.363636363636363,1.0321285140562249,12982.0,3,1,60+,Medium,Medium,3.6666666666666665,0.18181818181818182,6,0.0
6327,1967,Graduation,Together,65777.0,0,0,2013-12-19,87,565,32,435,28,32,54,1,2,8,6,1,0,0,0,0,0,0,3,11,57,1146,0,2,0,16,0,192,67.41176470588235,5.937823834196891,32888.5,3,1,50-60,High,Very High,1.6666666666666667,0.058823529411764705,6,0.0
10142,1976,PhD,Divorced,66476.0,0,1,2013-03-07,99,372,18,126,47,48,78,2,5,2,11,4,0,0,0,0,0,0,3,11,48,689,1,2,1,18,0,479,36.26315789473684,1.4354166666666666,33238.0,5,0,40-50,High,High,4.666666666666667,0.10526315789473684,6,0.0
9826,1972,PhD,Single,86857.0,0,0,2012-09-12,96,899,102,838,133,102,40,1,5,6,10,2,0,0,0,0,0,0,3,11,52,2114,0,1,0,21,0,655,96.0909090909091,3.222560975609756,86857.0,5,0,50-60,Very High,Very High,4.0,0.045454545454545456,6,0.0
10767,1989,PhD,Together,77845.0,0,0,2014-05-16,40,760,40,480,0,40,26,1,3,5,12,1,0,0,1,1,0,0,3,11,35,1346,0,2,0,20,2,44,64.0952380952381,29.91111111111111,38922.5,5,1,30-40,Very High,Very High,2.3333333333333335,0.047619047619047616,5,0.4
7279,1969,PhD,Together,69476.0,0,0,2013-09-30,3,260,86,559,63,9,67,1,4,6,4,2,0,0,0,0,0,0,3,11,55,1044,0,2,0,14,0,272,69.6,3.8241758241758244,34738.0,5,1,50-60,Very High,High,3.3333333333333335,0.06666666666666667,6,0.0
7230,1960,PhD,Divorced,50611.0,0,1,2012-10-04,98,459,0,24,6,0,4,6,4,5,7,6,0,1,0,0,0,0,3,11,64,493,1,2,1,16,1,633,29.0,0.777602523659306,25305.5,5,0,60+,Medium,High,4.666666666666667,0.35294117647058826,4,0.2
143,1970,Graduation,Single,61209.0,0,0,2013-08-25,73,466,0,224,119,49,99,1,5,3,4,2,0,0,0,0,0,0,3,11,54,957,0,1,0,12,0,308,73.61538461538461,3.0970873786407767,61209.0,3,0,50-60,High,High,4.0,0.07692307692307693,5,0.0
450,1958,Master,Together,42315.0,0,1,2013-07-12,90,67,15,80,17,11,80,3,1,4,4,3,0,0,0,0,0,0,3,11,66,270,1,3,1,9,0,352,27.0,0.7648725212464589,14105.0,4,1,60+,Medium,Medium,1.6666666666666667,0.3,6,0.0
9316,1952,Basic,Together,13084.0,0,0,2013-11-02,29,2,0,7,3,7,10,1,1,0,3,6,0,0,0,0,0,0,3,11,72,29,0,2,0,4,0,239,5.8,0.12083333333333333,6542.0,1,1,60+,Low,Low,2.6666666666666665,0.2,5,0.0
6379,1949,Master,Widow,47570.0,1,1,2013-05-29,3,67,1,20,0,2,31,3,2,2,2,7,0,0,0,0,0,0,3,11,75,121,2,3,1,6,0,396,17.285714285714285,0.3047858942065491,15856.666666666666,4,0,60+,Medium,Medium,3.6666666666666665,0.42857142857142855,5,0.0
9239,1961,Master,Married,61923.0,0,2,2013-07-26,94,92,4,18,3,3,6,1,2,1,4,3,0,0,0,0,0,0,3,11,63,126,2,4,1,7,0,338,15.75,0.37168141592920356,15480.75,4,1,60+,High,Medium,2.3333333333333335,0.125,6,0.0
8315,1995,Graduation,Single,34824.0,0,0,2014-03-26,65,4,2,11,2,0,4,1,1,0,2,6,0,0,0,0,0,0,3,11,29,23,0,1,0,3,0,95,5.75,0.23958333333333334,34824.0,3,0,<30,Low,Low,2.6666666666666665,0.25,5,0.0
2868,1949,PhD,Single,26518.0,1,1,2013-04-08,33,20,1,28,3,3,2,3,2,0,3,8,0,0,0,0,0,0,3,11,75,57,2,3,1,5,0,447,9.5,0.12723214285714285,8839.333333333334,5,0,60+,Low,Low,4.0,0.5,6,0.0
10888,1961,Graduation,Single,45938.0,0,0,2013-11-03,46,273,11,178,62,83,29,2,8,4,6,6,0,0,0,0,0,0,3,11,63,636,0,1,0,18,0,238,33.473684210526315,2.6610878661087867,45938.0,3,0,60+,Medium,High,7.333333333333333,0.10526315789473684,6,0.0
1277,1960,Graduation,Together,78468.0,0,0,2014-04-09,29,434,22,388,104,22,34,1,10,7,10,4,0,0,0,1,0,0,3,11,64,1004,0,2,0,27,1,81,35.857142857142854,12.24390243902439,39234.0,3,1,60+,Very High,High,8.0,0.03571428571428571,6,0.2
9977,1973,Graduation,Divorced,78901.0,0,1,2013-09-17,99,321,11,309,33,26,34,3,9,3,5,4,0,0,0,0,0,0,3,11,51,734,1,2,1,17,0,285,40.77777777777778,2.5664335664335662,39450.5,3,0,50-60,Very High,High,7.333333333333333,0.16666666666666666,6,0.0
10196,1978,Graduation,Married,71427.0,2,0,2014-03-12,26,212,123,177,15,64,23,2,8,2,8,4,0,0,0,0,0,0,3,11,46,614,2,4,1,18,0,109,32.31578947368421,5.581818181818182,17856.75,3,1,40-50,Very High,High,6.666666666666667,0.10526315789473684,6,0.0
6384,1978,Graduation,Divorced,71022.0,0,1,2014-02-11,30,909,12,278,0,12,242,3,5,2,11,8,1,0,0,0,0,0,3,11,46,1453,1,2,1,18,1,138,76.47368421052632,10.453237410071942,35511.0,3,0,40-50,Very High,Very High,6.0,0.15789473684210525,5,0.2
8029,1988,Master,Single,90247.0,0,0,2014-04-29,27,1184,32,352,21,16,16,1,3,4,7,1,0,1,1,1,0,0,3,11,36,1621,0,1,0,14,3,61,108.06666666666666,26.14516129032258,90247.0,4,0,30-40,Very High,Very High,2.3333333333333335,0.06666666666666667,6,0.6
968,1968,Master,Divorced,41335.0,1,0,2013-12-26,24,112,19,21,16,14,5,3,4,1,4,7,0,0,0,0,0,0,3,11,56,187,1,2,1,9,0,185,18.7,1.0053763440860215,20667.5,4,0,50-60,Medium,Medium,5.0,0.3,6,0.0
6988,1986,Graduation,Married,71952.0,1,0,2013-01-10,93,656,80,455,52,107,93,2,8,4,8,4,1,0,1,0,0,0,3,11,38,1443,1,3,1,20,2,535,68.71428571428571,2.6921641791044775,23984.0,3,1,30-40,Very High,Very High,6.666666666666667,0.09523809523809523,6,0.4
4472,1970,PhD,Divorced,35682.0,1,0,2014-06-27,34,23,0,8,6,2,18,1,1,1,3,2,0,0,0,0,0,0,3,11,54,57,1,2,1,5,0,2,9.5,19.0,17841.0,5,0,50-60,Medium,Low,1.3333333333333333,0.16666666666666666,5,0.0
6991,1951,Graduation,Divorced,43185.0,0,1,2013-04-10,88,537,6,42,16,6,30,2,9,3,6,8,0,0,0,0,0,0,3,11,73,637,1,2,1,18,0,445,33.526315789473685,1.4282511210762332,21592.5,3,0,60+,Medium,High,8.666666666666666,0.10526315789473684,6,0.0
3336,1948,PhD,Together,66375.0,0,1,2013-11-21,96,712,0,45,0,0,191,3,2,4,5,7,1,0,0,0,0,0,3,11,76,948,1,3,1,11,1,220,79.0,4.289592760180995,22125.0,5,1,60+,High,High,3.6666666666666665,0.25,3,0.2
4301,1971,Master,Married,35178.0,1,0,2013-01-10,10,23,1,13,2,2,18,1,1,1,2,7,1,0,0,0,0,0,3,11,53,59,1,3,1,4,1,535,11.8,0.11007462686567164,11726.0,4,1,50-60,Low,Low,3.0,0.2,6,0.2
1940,1986,Graduation,Married,25252.0,1,0,2013-07-12,26,1,3,4,2,2,6,1,1,0,2,8,0,0,0,0,0,0,3,11,38,18,1,3,1,3,0,352,4.5,0.05099150141643059,8417.333333333334,3,1,30-40,Low,Low,3.3333333333333335,0.25,6,0.0
1272,1965,Master,Single,55250.0,0,1,2012-10-21,49,664,58,83,32,0,66,4,7,5,10,5,0,0,0,0,0,0,3,11,59,903,1,2,1,22,0,616,39.26086956521739,1.4635332252836304,27625.0,4,0,50-60,High,High,6.333333333333333,0.17391304347826086,5,0.0
1388,1975,Graduation,Single,33249.0,1,0,2013-02-20,11,6,10,21,19,14,42,2,2,1,3,6,0,0,0,0,0,0,3,11,49,112,1,2,1,6,0,494,16.0,0.22626262626262628,16624.5,3,0,40-50,Low,Medium,3.3333333333333335,0.2857142857142857,6,0.0
1044,1953,Graduation,Together,58398.0,0,0,2013-05-14,44,299,5,201,21,21,49,3,5,4,8,4,0,0,0,0,0,0,3,11,71,596,0,2,0,17,0,411,33.111111111111114,1.4466019417475728,29199.0,3,1,60+,High,High,4.666666666666667,0.16666666666666666,6,0.0
6969,1982,Graduation,Together,50272.0,1,0,2013-08-07,75,99,13,66,43,8,4,3,4,1,5,7,0,0,0,0,0,0,3,11,42,233,1,3,1,10,0,326,21.181818181818183,0.7125382262996942,16757.333333333332,3,1,40-50,Medium,Medium,5.0,0.2727272727272727,6,0.0
10479,1975,PhD,Married,76618.0,0,0,2012-12-07,64,749,40,294,121,160,147,1,3,2,5,1,0,0,0,0,0,0,3,11,49,1511,0,2,0,10,0,569,137.36363636363637,2.650877192982456,38309.0,5,1,40-50,Very High,Very High,2.3333333333333335,0.09090909090909091,6,0.0
3619,1960,2n Cycle,Divorced,87305.0,0,0,2012-09-23,19,345,25,501,63,138,80,1,5,3,8,2,0,0,1,0,0,0,3,11,64,1152,0,1,0,16,1,644,67.76470588235294,1.786046511627907,87305.0,2,0,60+,Very High,Very High,4.0,0.058823529411764705,6,0.2
1715,1978,Graduation,Together,25851.0,1,0,2013-02-11,45,9,4,18,7,5,5,2,2,0,3,7,0,0,0,0,0,0,3,11,46,48,1,3,1,5,0,503,8.0,0.09523809523809523,8617.0,3,1,40-50,Low,Low,3.6666666666666665,0.3333333333333333,6,0.0
10159,1970,Graduation,Divorced,58710.0,0,1,2013-03-31,77,440,81,368,0,122,174,6,11,5,9,6,0,0,0,0,0,0,3,11,54,1185,1,2,1,25,0,455,45.57692307692308,2.598684210526316,29355.0,3,0,50-60,High,Very High,9.333333333333334,0.23076923076923078,5,0.0
1463,1958,Graduation,Single,45160.0,1,1,2014-03-29,9,8,2,5,3,0,3,1,1,0,2,7,0,0,0,0,0,0,3,11,66,21,2,3,1,3,0,92,5.25,0.22580645161290322,15053.333333333334,3,0,60+,Medium,Low,3.0,0.25,5,0.0
5114,1965,Master,Married,74806.0,0,1,2012-12-19,1,670,9,249,0,28,9,2,5,4,5,4,0,0,0,0,0,0,3,11,59,965,1,3,1,14,0,557,64.33333333333333,1.7293906810035842,24935.333333333332,4,1,50-60,Very High,High,4.666666666666667,0.13333333333333333,5,0.0
4990,1954,Graduation,Married,59111.0,0,0,2013-05-02,90,524,0,134,28,28,155,1,11,1,8,7,0,0,0,0,0,0,3,11,70,869,0,2,0,20,0,423,41.38095238095238,2.0495283018867925,29555.5,3,1,60+,High,High,9.666666666666666,0.047619047619047616,5,0.0
4329,1984,PhD,Married,18988.0,1,0,2014-05-23,43,6,0,6,2,1,1,2,1,0,3,7,0,0,0,0,0,0,3,11,40,16,1,3,1,4,0,37,3.2,0.42105263157894735,6329.333333333333,5,1,30-40,Low,Low,3.0,0.4,5,0.0
10936,1965,Graduation,Married,72190.0,0,0,2013-02-13,79,597,166,597,172,166,249,1,5,6,4,3,0,0,0,0,0,0,3,11,59,1947,0,2,0,15,0,501,121.6875,3.8784860557768925,36095.0,3,1,50-60,Very High,Very High,4.333333333333333,0.0625,6,0.0
7212,1966,Graduation,Married,44794.0,0,1,2014-06-08,99,54,0,7,0,0,4,1,2,0,3,6,0,0,0,0,0,0,3,11,58,65,1,3,1,5,0,21,10.833333333333334,2.9545454545454546,14931.333333333334,3,1,50-60,Medium,Low,3.3333333333333335,0.16666666666666666,3,0.0
6086,1955,Graduation,Married,80395.0,0,0,2013-11-23,62,445,25,706,80,76,48,1,6,5,12,2,0,0,0,1,0,0,3,11,69,1380,0,2,0,23,1,218,57.5,6.301369863013699,40197.5,3,1,60+,Very High,Very High,4.666666666666667,0.041666666666666664,6,0.2
437,1976,Master,Divorced,75012.0,0,0,2014-01-25,41,294,142,218,164,58,151,1,3,8,11,1,0,0,0,0,0,0,3,11,48,1027,0,1,0,22,0,155,44.65217391304348,6.583333333333333,75012.0,4,0,40-50,Very High,High,2.3333333333333335,0.043478260869565216,6,0.0
11171,1965,Master,Married,56962.0,2,1,2013-10-11,60,292,3,77,10,3,26,7,6,3,5,7,0,0,0,0,0,0,3,11,59,411,3,5,1,14,0,261,27.4,1.5687022900763359,11392.4,4,1,50-60,High,High,6.333333333333333,0.4666666666666667,6,0.0
11101,1991,Graduation,Together,89891.0,0,0,2013-04-15,17,412,22,132,59,28,183,1,11,6,8,4,0,0,1,0,0,0,3,11,33,836,0,2,0,25,1,440,32.15384615384615,1.8956916099773242,44945.5,3,1,30-40,Very High,High,8.666666666666666,0.038461538461538464,6,0.2
610,1953,PhD,Together,53593.0,1,1,2012-08-07,60,349,4,78,6,0,43,8,7,2,6,8,0,0,0,0,0,0,3,11,71,480,2,4,1,15,0,691,30.0,0.6936416184971098,13398.25,5,1,60+,High,High,7.333333333333333,0.5,5,0.0
9384,1978,Graduation,Married,66373.0,1,1,2013-06-12,57,328,9,124,12,24,109,7,4,2,10,3,0,0,0,0,0,0,3,11,46,606,2,4,1,16,0,382,35.64705882352941,1.5822454308093994,16593.25,3,1,40-50,High,High,3.6666666666666665,0.4117647058823529,6,0.0
5956,1948,PhD,Divorced,45072.0,1,2,2013-10-16,74,144,2,99,7,2,30,5,6,1,4,8,0,0,0,0,0,0,3,11,76,284,3,4,1,11,0,256,23.666666666666668,1.105058365758755,11268.0,5,0,60+,Medium,Medium,6.666666666666667,0.4166666666666667,6,0.0
10430,1973,Graduation,Divorced,89694.0,1,1,2013-10-09,22,1126,28,211,37,28,42,3,4,3,4,5,0,1,1,1,0,0,3,11,51,1472,2,3,1,11,3,263,122.66666666666667,5.575757575757576,29898.0,3,0,50-60,Very High,Very High,4.333333333333333,0.25,6,0.6
7875,1949,Graduation,Married,72025.0,0,0,2014-04-29,46,967,0,617,43,50,0,1,4,8,13,2,0,1,1,1,0,0,3,11,75,1677,0,2,0,25,3,61,64.5,27.048387096774192,36012.5,3,1,60+,Very High,Very High,3.3333333333333335,0.038461538461538464,4,0.6
7072,1973,Graduation,Married,67432.0,0,1,2013-03-29,69,432,79,341,177,136,170,2,8,5,4,4,0,0,0,0,0,0,3,11,51,1335,1,3,1,17,0,457,74.16666666666667,2.9148471615720526,22477.333333333332,3,1,50-60,High,Very High,6.666666666666667,0.1111111111111111,6,0.0
6255,1952,Master,Together,70545.0,0,1,2014-06-03,29,138,39,63,55,18,21,1,4,1,7,2,0,0,0,0,0,0,3,11,72,334,1,3,1,12,0,26,25.692307692307693,12.37037037037037,23515.0,4,1,60+,Very High,Medium,3.3333333333333335,0.07692307692307693,6,0.0
6516,1989,Basic,Married,17487.0,1,0,2013-03-18,37,0,0,1,7,4,6,1,1,0,2,7,0,0,0,0,0,0,3,11,35,18,1,3,1,3,0,468,4.5,0.03837953091684435,5829.0,1,1,30-40,Low,Low,3.0,0.25,4,0.0
5564,1969,Graduation,Together,62882.0,0,1,2012-08-09,26,509,133,497,78,24,97,2,7,5,6,4,0,0,0,0,0,0,3,11,55,1338,1,3,1,18,0,689,70.42105263157895,1.9391304347826086,20960.666666666668,3,1,50-60,High,Very High,6.0,0.10526315789473684,6,0.0
5682,1953,PhD,Single,64108.0,0,1,2013-03-23,8,948,10,86,13,21,21,4,6,9,11,5,0,0,0,0,0,0,3,11,71,1099,1,2,1,26,0,463,40.7037037037037,2.3685344827586206,32054.0,5,0,60+,High,Very High,5.666666666666667,0.14814814814814814,6,0.0
7458,1956,Master,Together,34941.0,1,1,2013-03-06,26,39,2,25,4,3,24,2,3,0,3,8,0,0,0,0,0,0,3,11,68,97,2,4,1,6,0,480,13.857142857142858,0.20166320166320167,8735.25,4,1,60+,Low,Medium,4.666666666666667,0.2857142857142857,6,0.0
5237,1950,PhD,Single,48767.0,1,2,2014-01-01,79,28,1,21,3,0,10,3,2,1,3,5,0,0,0,0,0,0,3,11,74,63,3,4,1,6,0,179,9.0,0.35,12191.75,5,0,60+,Medium,Low,3.0,0.42857142857142855,5,0.0
7761,1978,2n Cycle,Together,38702.0,1,0,2013-08-01,71,13,11,24,13,8,40,2,3,0,4,6,0,0,0,0,0,0,3,11,46,109,1,3,1,7,0,332,13.625,0.32732732732732733,12900.666666666666,2,1,40-50,Medium,Medium,4.0,0.25,6,0.0
5278,1964,Graduation,Married,82224.0,0,0,2014-01-25,83,307,26,360,138,31,40,1,6,9,5,3,0,0,0,1,0,0,3,11,60,902,0,2,0,20,1,155,42.95238095238095,5.782051282051282,41112.0,3,1,50-60,Very High,High,5.0,0.047619047619047616,6,0.2
3560,1952,Graduation,Together,83844.0,0,0,2013-05-12,57,901,31,345,75,31,191,1,4,4,11,1,0,0,1,0,0,0,3,11,72,1574,0,2,0,19,1,413,78.7,3.8019323671497585,41922.0,3,1,60+,Very High,Very High,3.0,0.05,6,0.2
7235,1975,2n Cycle,Married,17003.0,1,0,2013-12-09,37,2,5,12,4,8,7,3,2,0,4,5,0,0,0,0,0,0,3,11,49,38,1,3,1,6,0,202,5.428571428571429,0.18719211822660098,5667.666666666667,2,1,40-50,Low,Low,3.0,0.42857142857142855,6,0.0
10548,1995,Graduation,Single,71163.0,0,0,2014-03-09,30,283,17,372,138,106,44,1,3,8,12,1,0,0,0,0,0,0,3,11,29,960,0,1,0,23,0,112,40.0,8.495575221238939,71163.0,3,0,<30,Very High,High,2.3333333333333335,0.041666666666666664,6,0.0
2281,1970,Graduation,Single,33697.0,1,0,2013-09-15,34,4,3,7,0,3,11,1,1,0,2,7,1,0,0,0,0,0,3,11,54,28,1,2,1,3,1,287,7.0,0.09722222222222222,16848.5,3,0,50-60,Low,Low,3.0,0.25,5,0.2
4073,1954,2n Cycle,Married,63564.0,0,0,2014-01-29,0,769,80,252,15,34,65,1,10,10,7,6,1,0,0,0,0,0,3,11,70,1215,0,2,0,27,1,151,43.392857142857146,7.993421052631579,31782.0,2,1,60+,High,Very High,8.666666666666666,0.03571428571428571,6,0.2
6974,1972,PhD,Together,83443.0,0,0,2013-12-31,89,518,42,742,55,56,84,1,6,10,5,2,0,0,0,0,0,0,3,11,52,1497,0,2,0,21,0,180,68.04545454545455,8.2707182320442,41721.5,5,1,50-60,Very High,Very High,4.666666666666667,0.045454545454545456,6,0.0
7938,1958,PhD,Together,51518.0,0,1,2013-10-03,92,350,8,66,17,4,4,2,3,2,10,3,0,0,0,0,0,0,3,11,66,449,1,3,1,15,0,269,28.0625,1.662962962962963,17172.666666666668,5,1,60+,High,High,3.0,0.125,6,0.0
7094,1975,Graduation,Widow,58330.0,0,1,2013-12-25,87,445,53,213,104,98,151,1,6,4,13,4,0,0,0,0,0,0,3,11,49,1064,1,2,1,23,0,186,44.333333333333336,5.689839572192513,29165.0,3,0,40-50,High,Very High,5.333333333333333,0.041666666666666664,6,0.0
3667,1969,Graduation,Married,80952.0,0,0,2013-02-28,20,778,178,689,41,27,44,1,8,5,11,8,0,1,1,1,0,0,3,11,55,1757,0,2,0,24,3,486,70.28,3.6078028747433266,40476.0,3,1,50-60,Very High,Very High,8.0,0.04,6,0.6
7723,1979,Graduation,Together,75507.0,0,0,2014-05-02,56,709,93,374,104,80,80,1,8,6,6,3,0,0,0,0,0,0,3,11,45,1440,0,2,0,20,0,58,68.57142857142857,24.406779661016948,37753.5,3,1,40-50,Very High,Very High,6.333333333333333,0.047619047619047616,6,0.0
3870,1978,2n Cycle,Together,63855.0,0,0,2013-02-09,28,359,35,314,93,116,89,1,7,3,13,4,0,0,0,0,0,0,3,11,46,1006,0,2,0,23,0,505,41.916666666666664,1.9881422924901186,31927.5,2,1,40-50,High,High,6.0,0.041666666666666664,6,0.0
4012,1972,PhD,Together,62220.0,0,1,2012-08-11,55,799,12,375,16,12,12,5,7,6,5,6,0,0,0,0,0,0,3,11,52,1226,1,3,1,18,0,687,64.52631578947368,1.7819767441860466,20740.0,5,1,50-60,High,Very High,6.666666666666667,0.2631578947368421,6,0.0
5909,1964,Graduation,Married,58512.0,0,1,2013-09-19,25,895,10,101,13,0,152,5,3,4,8,8,0,0,0,0,0,0,3,11,60,1171,1,3,1,15,0,283,73.1875,4.123239436619718,19504.0,3,1,50-60,High,Very High,4.666666666666667,0.3125,5,0.0
10470,1979,Master,Married,40662.0,1,0,2013-03-15,0,40,2,23,0,4,23,2,2,1,3,4,0,0,0,0,0,0,3,11,45,92,1,3,1,6,0,471,13.142857142857142,0.19491525423728814,13554.0,4,1,40-50,Medium,Medium,2.6666666666666665,0.2857142857142857,5,0.0
6488,1959,PhD,Married,38829.0,0,1,2014-04-06,86,76,0,7,0,0,16,1,3,2,2,5,0,0,0,0,0,0,3,11,65,99,1,3,1,7,0,84,12.375,1.1647058823529413,12943.0,5,1,60+,Medium,Medium,3.6666666666666665,0.125,3,0.0
10270,1981,2n Cycle,Married,35523.0,1,0,2013-10-03,8,11,5,22,12,5,11,2,3,0,3,7,0,0,0,0,0,0,3,11,43,66,1,3,1,6,0,269,9.428571428571429,0.24444444444444444,11841.0,2,1,40-50,Low,Low,4.333333333333333,0.2857142857142857,6,0.0
6887,1967,Graduation,Single,79146.0,1,1,2014-04-24,33,245,16,223,21,43,16,2,8,1,8,6,0,0,0,0,0,0,3,11,57,564,2,3,1,17,0,66,31.333333333333332,8.417910447761194,26382.0,3,0,50-60,Very High,High,7.333333333333333,0.1111111111111111,6,0.0
6406,1988,Master,Married,78285.0,0,0,2013-10-28,13,647,107,391,175,67,40,1,6,4,10,3,0,0,0,0,0,0,3,11,36,1427,0,2,0,20,0,244,67.95238095238095,5.8244897959183675,39142.5,4,1,30-40,Very High,Very High,5.0,0.047619047619047616,6,0.0
7573,1978,PhD,Single,31626.0,1,0,2013-05-10,12,39,1,9,2,1,34,1,2,1,2,7,1,0,0,0,0,0,3,11,46,86,1,2,1,5,1,415,14.333333333333334,0.20673076923076922,15813.0,5,0,40-50,Low,Medium,3.6666666666666665,0.16666666666666666,6,0.2
4508,1952,Graduation,Single,75127.0,0,0,2014-05-22,92,203,35,305,46,17,227,1,2,11,5,1,0,0,0,0,0,0,3,11,72,833,0,1,0,18,0,38,43.8421052631579,21.358974358974358,75127.0,3,0,60+,Very High,High,1.6666666666666667,0.05263157894736842,6,0.0
221,1955,Graduation,Married,48726.0,0,1,2013-04-27,90,138,3,38,4,0,59,3,3,2,4,6,0,0,0,0,0,0,3,11,69,242,1,3,1,9,0,428,24.2,0.5641025641025641,16242.0,3,1,60+,Medium,Medium,4.0,0.3,5,0.0
5331,1977,Graduation,Married,74985.0,0,0,2012-09-11,8,587,51,898,247,0,86,1,3,6,7,2,0,0,0,0,0,0,3,11,47,1869,0,2,0,16,0,656,109.94117647058823,2.8447488584474887,37492.5,3,1,40-50,Very High,Very High,2.6666666666666665,0.058823529411764705,5,0.0
1911,1987,Graduation,Together,67430.0,0,0,2012-09-05,6,595,97,291,127,133,121,1,11,5,12,6,0,0,0,0,0,0,3,11,37,1364,0,2,0,28,0,662,47.03448275862069,2.057315233785822,33715.0,3,1,30-40,High,Very High,9.333333333333334,0.034482758620689655,6,0.0
20,1965,2n Cycle,Married,46891.0,0,1,2013-09-01,91,43,12,23,29,15,61,1,2,1,4,4,0,0,0,0,0,0,3,11,59,183,1,3,1,7,0,301,22.875,0.6059602649006622,15630.333333333334,2,1,50-60,Medium,Medium,2.6666666666666665,0.125,6,0.0
8786,1956,Master,Married,62058.0,0,1,2013-05-26,52,301,7,74,10,0,58,4,6,1,7,6,0,0,0,0,0,0,3,11,68,450,1,3,1,14,0,399,30.0,1.125,20686.0,4,1,60+,High,High,6.0,0.26666666666666666,5,0.0
10582,1979,Graduation,Married,72063.0,0,1,2013-07-03,3,180,32,348,76,32,90,2,5,2,12,2,0,0,0,0,0,0,3,11,45,758,1,3,1,19,0,361,37.9,2.0939226519337018,24021.0,3,1,40-50,Very High,High,4.0,0.1,6,0.0
1915,1951,PhD,Married,78939.0,0,0,2013-12-12,57,794,115,243,150,0,205,1,8,5,6,3,0,0,0,0,0,0,3,11,73,1507,0,2,0,19,0,199,75.35,7.535,39469.5,5,1,60+,Very High,Very High,6.333333333333333,0.05,5,0.0
8897,1965,Graduation,Single,42720.0,1,1,2013-04-24,9,392,5,91,28,26,112,8,7,3,7,8,0,0,0,0,0,0,3,11,59,654,2,3,1,17,0,431,36.333333333333336,1.5138888888888888,14240.0,3,0,50-60,Medium,High,7.333333333333333,0.4444444444444444,6,0.0
2371,1972,Graduation,Married,33622.0,1,1,2013-04-13,22,39,1,22,3,4,12,3,2,0,4,7,0,0,0,0,0,0,3,11,52,81,2,4,1,6,0,442,11.571428571428571,0.18284424379232506,8405.5,3,1,50-60,Low,Medium,3.6666666666666665,0.42857142857142855,6,0.0
6825,1953,Graduation,Together,41452.0,1,1,2013-03-06,86,13,0,3,0,0,0,1,1,0,2,7,0,0,0,0,0,0,3,11,71,16,2,4,1,3,0,480,4.0,0.033264033264033266,10363.0,3,1,60+,Medium,Low,3.0,0.25,2,0.0
1072,1965,PhD,Single,40760.0,0,1,2013-08-30,64,70,0,17,0,0,6,2,2,1,3,6,0,0,0,0,0,0,3,11,59,93,1,2,1,6,0,303,13.285714285714286,0.3059210526315789,20380.0,5,0,50-60,Medium,Medium,3.3333333333333335,0.2857142857142857,3,0.0
4964,1958,PhD,Together,74250.0,0,0,2014-01-26,90,680,11,392,75,0,0,1,2,11,4,1,0,0,0,0,0,0,3,11,66,1158,0,2,0,17,0,154,64.33333333333333,7.470967741935484,37125.0,5,1,60+,Very High,Very High,1.6666666666666667,0.05555555555555555,4,0.0
2461,1955,Master,Single,51124.0,1,1,2013-12-18,79,26,1,11,0,1,4,2,1,0,3,3,0,0,0,0,0,0,3,11,69,43,2,3,1,4,0,193,8.6,0.22164948453608246,17041.333333333332,4,0,60+,Medium,Low,1.6666666666666667,0.4,5,0.0
10736,1971,Graduation,Single,72258.0,0,1,2013-09-12,28,522,0,522,227,120,134,2,6,9,5,2,0,0,0,0,0,0,3,11,53,1525,1,2,1,20,0,290,72.61904761904762,5.240549828178694,36129.0,3,0,50-60,Very High,Very High,4.666666666666667,0.09523809523809523,5,0.0
3194,1974,PhD,Single,71466.0,0,0,2014-04-05,86,412,12,546,78,182,0,1,4,4,10,1,0,0,0,0,0,0,3,11,50,1230,0,1,0,18,0,85,64.73684210526316,14.30232558139535,71466.0,5,0,40-50,Very High,Very High,3.0,0.05263157894736842,5,0.0
10839,1976,Graduation,Together,36283.0,1,1,2014-04-14,42,6,5,5,8,0,5,2,1,0,3,4,0,0,0,0,0,0,3,11,48,29,2,4,1,4,0,76,5.8,0.37662337662337664,9070.75,3,1,40-50,Medium,Low,2.0,0.4,5,0.0
49,1970,Graduation,Single,20587.0,1,0,2014-05-11,39,2,3,6,4,1,9,1,1,1,2,7,0,0,0,0,0,0,3,11,54,25,1,2,1,4,0,49,5.0,0.5,10293.5,3,0,50-60,Low,Low,3.0,0.2,6,0.0
4290,1972,Graduation,Married,30467.0,1,0,2014-03-19,8,1,3,8,2,5,5,1,1,0,2,7,0,0,0,0,0,0,3,11,52,24,1,3,1,3,0,102,6.0,0.23300970873786409,10155.666666666666,3,1,50-60,Low,Low,3.0,0.25,6,0.0
10219,1972,Graduation,Together,31590.0,1,0,2013-06-18,40,6,2,15,6,6,3,1,1,0,3,8,0,0,0,0,0,0,3,11,52,38,1,3,1,4,0,376,7.6,0.10079575596816977,10530.0,3,1,50-60,Low,Low,3.3333333333333335,0.2,6,0.0
4211,1986,Basic,Married,20425.0,1,0,2012-10-29,5,4,12,5,3,16,17,2,2,0,3,7,0,0,0,0,0,0,3,11,38,57,1,3,1,5,0,608,9.5,0.09359605911330049,6808.333333333333,1,1,30-40,Low,Low,3.6666666666666665,0.3333333333333333,6,0.0
1135,1960,Master,Together,17144.0,1,1,2014-02-15,96,18,2,19,0,2,6,5,3,0,4,7,0,0,0,0,0,0,3,11,64,47,2,4,1,7,0,134,5.875,0.34814814814814815,4286.0,4,1,60+,Low,Low,4.333333333333333,0.625,5,0.0
6299,1968,PhD,Divorced,42564.0,0,1,2013-01-02,28,324,48,186,39,18,198,6,6,8,4,7,1,0,0,0,0,0,3,11,56,813,1,2,1,18,1,543,42.78947368421053,1.494485294117647,21282.0,5,0,50-60,Medium,High,6.333333333333333,0.3157894736842105,6,0.2
10846,1978,Master,Married,43783.0,1,0,2014-05-29,22,327,9,125,25,4,139,6,7,1,8,7,1,0,0,0,0,0,3,11,46,629,1,3,1,16,1,31,37.0,19.65625,14594.333333333334,4,1,40-50,Medium,High,7.0,0.35294117647058826,6,0.2
347,1976,Graduation,Divorced,40780.0,0,1,2012-09-08,30,229,27,71,13,3,34,4,7,1,5,9,0,0,0,0,0,0,3,11,48,377,1,2,1,13,0,659,26.928571428571427,0.5712121212121212,20390.0,3,0,40-50,Medium,Medium,7.666666666666667,0.2857142857142857,6,0.0
6543,1945,Master,Together,62847.0,0,0,2013-01-15,45,521,168,706,80,76,61,1,3,6,4,2,0,0,0,0,0,0,3,11,79,1612,0,2,0,13,0,530,115.14285714285714,3.0357815442561207,31423.5,4,1,60+,High,Very High,2.6666666666666665,0.07142857142857142,6,0.0
10446,1957,PhD,Married,82017.0,0,0,2012-11-07,58,184,23,446,30,23,23,1,5,4,7,2,0,1,1,1,0,0,3,11,67,729,0,2,0,16,3,599,42.88235294117647,1.215,41008.5,5,1,60+,Very High,High,4.0,0.058823529411764705,6,0.6
3479,1950,Graduation,Single,16813.0,0,0,2013-07-19,49,4,8,11,12,2,13,1,2,0,3,7,1,0,0,0,0,0,3,11,74,50,0,1,0,5,1,345,8.333333333333334,0.14450867052023122,16813.0,3,0,60+,Low,Low,3.6666666666666665,0.16666666666666666,6,0.2
11075,1978,Graduation,Married,51267.0,1,1,2013-10-29,37,183,2,64,7,2,12,4,3,3,5,4,0,0,0,0,0,0,3,11,46,270,2,4,1,11,0,243,22.5,1.1065573770491803,12816.75,3,1,40-50,Medium,Medium,3.3333333333333335,0.3333333333333333,6,0.0
4442,1961,Graduation,Single,46524.0,0,1,2013-04-05,70,31,19,35,26,14,52,2,1,1,5,3,0,0,0,0,0,0,3,11,63,177,1,2,1,7,0,450,22.125,0.3924611973392461,23262.0,3,0,60+,Medium,Medium,1.6666666666666667,0.25,6,0.0
199,1962,Master,Single,45183.0,0,0,2013-01-20,33,219,3,60,12,9,12,1,4,1,7,7,0,1,0,0,0,0,3,11,62,315,0,1,0,12,1,525,24.23076923076923,0.5988593155893536,45183.0,4,0,60+,Medium,Medium,5.0,0.07692307692307693,6,0.2
6722,1954,PhD,Married,70421.0,0,1,2014-06-28,98,479,28,136,75,14,35,3,10,3,7,6,0,0,0,0,0,0,3,11,70,767,1,3,1,20,0,1,36.523809523809526,383.5,23473.666666666668,5,1,60+,Very High,High,8.666666666666666,0.14285714285714285,6,0.0
796,1965,2n Cycle,Divorced,60161.0,0,1,2012-10-23,17,584,44,212,46,8,177,3,11,4,8,8,0,0,0,0,0,0,3,11,59,1071,1,2,1,23,0,614,44.625,1.7414634146341463,30080.5,2,0,50-60,High,Very High,10.0,0.125,6,0.0
3749,1973,Graduation,Together,73926.0,0,0,2013-03-02,54,627,91,597,159,91,15,1,6,5,12,3,0,0,0,0,0,0,3,11,51,1580,0,2,0,23,0,484,65.83333333333333,3.2577319587628866,36963.0,3,1,50-60,Very High,Very High,5.0,0.041666666666666664,6,0.0
8523,1968,Graduation,Married,19329.0,1,0,2013-12-14,39,24,1,16,12,2,5,3,4,0,3,8,0,0,0,0,0,0,3,11,56,60,1,3,1,7,0,197,7.5,0.30303030303030304,6443.0,3,1,50-60,Low,Low,5.333333333333333,0.375,6,0.0
310,1970,Master,Married,61872.0,0,1,2013-12-13,81,330,5,159,36,27,16,4,4,4,9,4,0,0,0,0,0,0,3,11,54,573,1,3,1,17,0,198,31.833333333333332,2.879396984924623,20624.0,4,1,50-60,High,High,4.0,0.2222222222222222,6,0.0
8629,1956,Graduation,Widow,46984.0,1,1,2013-03-26,71,19,1,10,2,1,8,1,1,0,3,5,0,0,0,0,0,0,3,11,68,41,2,3,1,4,0,460,8.2,0.08893709327548807,15661.333333333334,3,0,60+,Medium,Low,2.3333333333333335,0.2,6,0.0
236,1951,Graduation,Married,34838.0,1,1,2013-01-19,62,28,23,29,29,14,47,3,2,1,4,6,0,0,0,0,0,0,3,11,73,170,2,4,1,7,0,526,21.25,0.3225806451612903,8709.5,3,1,60+,Low,Medium,3.3333333333333335,0.375,6,0.0
9930,1944,PhD,Single,82716.0,0,0,2013-11-05,8,606,148,228,15,148,22,1,6,8,13,2,0,0,0,0,0,0,3,11,80,1167,0,1,0,27,0,236,41.67857142857143,4.924050632911392,82716.0,5,0,60+,Very High,Very High,4.666666666666667,0.03571428571428571,6,0.0
3483,1958,Graduation,Married,48192.0,0,0,2013-04-06,76,1039,43,204,153,58,29,3,2,8,12,8,0,1,0,1,1,0,3,11,66,1526,0,2,0,22,3,449,66.34782608695652,3.391111111111111,24096.0,3,1,60+,Medium,Very High,4.0,0.13043478260869565,6,0.6
4599,1976,Master,Married,49681.0,0,2,2013-11-04,66,411,0,26,0,0,21,6,7,1,7,7,0,0,0,0,0,0,3,11,48,458,2,4,1,15,0,237,28.625,1.9243697478991597,12420.25,4,1,40-50,Medium,High,7.0,0.375,3,0.0
7326,1971,Master,Married,56850.0,0,1,2014-03-23,83,34,1,19,2,7,0,1,1,1,3,2,0,0,0,0,0,0,3,11,53,63,1,3,1,5,0,98,10.5,0.6363636363636364,18950.0,4,1,50-60,High,Low,1.3333333333333333,0.16666666666666666,5,0.0
7352,1957,Graduation,Married,55267.0,0,1,2013-10-21,28,161,28,136,32,3,45,4,3,4,6,3,0,0,0,0,0,0,3,11,67,405,1,3,1,13,0,251,28.928571428571427,1.6071428571428572,18422.333333333332,3,1,60+,High,High,3.0,0.2857142857142857,6,0.0
2350,1972,Graduation,Married,59666.0,1,1,2013-03-22,87,623,53,178,23,17,133,7,3,2,8,8,0,1,0,0,0,0,3,11,52,1027,2,4,1,13,1,464,73.35714285714286,2.2086021505376343,14916.5,3,1,50-60,High,High,4.666666666666667,0.5,6,0.2
9145,1972,Graduation,Single,72504.0,0,1,2013-04-06,43,604,26,470,123,161,94,2,5,9,6,2,0,0,0,0,0,0,3,11,52,1478,1,2,1,20,0,449,70.38095238095238,3.2844444444444445,36252.0,3,0,50-60,Very High,Very High,4.0,0.09523809523809523,6,0.0
2964,1981,Graduation,Married,26872.0,0,0,2013-10-16,0,3,10,8,3,16,32,1,1,1,2,6,0,0,0,0,0,0,3,11,43,72,0,2,0,4,0,256,14.4,0.2801556420233463,13436.0,3,1,40-50,Low,Medium,2.6666666666666665,0.2,6,0.0
5585,1972,Graduation,Single,21359.0,1,0,2013-04-20,1,12,2,17,6,1,10,2,2,0,3,8,0,0,0,0,0,0,3,11,52,48,1,2,1,5,0,435,8.0,0.11009174311926606,10679.5,3,0,50-60,Low,Low,4.0,0.3333333333333333,6,0.0
9687,1975,Graduation,Single,73170.0,0,0,2014-05-31,1,184,174,256,50,30,32,1,5,4,6,2,0,0,0,0,0,0,3,11,49,726,0,1,0,15,0,29,45.375,24.2,73170.0,3,0,40-50,Very High,High,4.0,0.0625,6,0.0
3732,1955,Master,Married,52750.0,0,1,2013-02-04,72,393,0,239,90,69,69,6,5,7,9,4,0,0,0,0,0,0,3,11,69,860,1,3,1,21,0,510,39.09090909090909,1.6829745596868884,17583.333333333332,4,1,60+,High,High,4.666666666666667,0.2727272727272727,5,0.0
6303,1986,PhD,Together,91820.0,0,0,2013-11-23,72,410,73,747,76,161,30,0,5,5,12,1,0,0,0,0,0,0,3,11,38,1497,0,2,0,22,0,218,65.08695652173913,6.835616438356165,45910.0,5,1,30-40,Very High,Very High,3.6666666666666665,0.0,6,0.0
11176,1970,PhD,Together,65968.0,0,1,2014-05-12,12,376,9,83,19,4,4,2,5,4,7,3,0,0,0,0,0,0,3,11,54,495,1,3,1,16,0,48,29.11764705882353,10.10204081632653,21989.333333333332,5,1,50-60,High,High,4.333333333333333,0.11764705882352941,6,0.0
2986,1976,Graduation,Married,30772.0,1,1,2014-03-12,89,7,2,4,2,1,4,1,1,0,2,6,0,0,0,0,0,0,3,11,48,20,2,4,1,3,0,109,5.0,0.18181818181818182,7693.0,3,1,40-50,Low,Low,2.6666666666666665,0.25,6,0.0
7462,1954,Graduation,Single,22507.0,0,0,2012-11-24,67,68,0,226,51,157,68,3,10,2,4,9,0,0,0,0,0,0,3,11,70,570,0,1,0,16,0,582,33.529411764705884,0.9777015437392796,22507.0,3,0,60+,Low,High,9.666666666666666,0.17647058823529413,5,0.0
3900,1972,Graduation,Married,65685.0,0,1,2014-03-29,54,642,14,49,0,7,57,1,9,2,9,5,0,0,0,0,0,0,3,11,52,769,1,3,1,20,0,92,36.61904761904762,8.268817204301076,21895.0,3,1,50-60,High,High,7.666666666666667,0.047619047619047616,5,0.0
7034,1978,2n Cycle,Married,25804.0,1,0,2013-09-01,34,8,7,9,13,6,12,2,2,0,3,8,0,0,0,0,0,0,3,11,46,55,1,3,1,5,0,301,9.166666666666666,0.18211920529801323,8601.333333333334,2,1,40-50,Low,Low,4.0,0.3333333333333333,6,0.0
9493,1980,PhD,Single,76412.0,0,0,2013-05-05,15,840,53,804,23,71,17,1,5,4,8,3,0,0,1,1,0,0,3,11,44,1808,0,1,0,17,2,420,100.44444444444444,4.294536817102138,76412.0,5,0,40-50,Very High,Very High,4.333333333333333,0.05555555555555555,6,0.4
1143,1972,Graduation,Married,22063.0,1,0,2013-08-08,43,7,10,13,3,11,11,2,2,0,3,7,0,0,0,0,0,0,3,11,52,55,1,3,1,5,0,325,9.166666666666666,0.1687116564417178,7354.333333333333,3,1,50-60,Low,Low,3.6666666666666665,0.3333333333333333,6,0.0
1,1961,Graduation,Single,57091.0,0,0,2014-06-15,0,464,5,64,7,0,37,1,7,3,7,5,0,0,0,0,1,0,3,11,63,577,0,1,0,17,1,14,32.05555555555556,38.46666666666667,57091.0,3,0,60+,High,High,6.333333333333333,0.05555555555555555,5,0.2
3855,1963,Graduation,Married,22419.0,0,0,2013-04-18,74,30,3,47,19,21,42,1,3,2,2,8,0,0,0,0,0,0,3,11,61,162,0,2,0,7,0,437,20.25,0.3698630136986301,11209.5,3,1,60+,Low,Medium,4.666666666666667,0.125,6,0.0
5536,1959,Graduation,Together,87771.0,0,1,2013-05-22,61,1492,38,287,50,57,33,1,5,10,4,6,0,1,1,1,1,0,3,11,65,1957,1,3,1,19,4,403,97.85,4.844059405940594,29257.0,3,1,60+,Very High,Very High,5.333333333333333,0.05,6,0.8
5989,1959,2n Cycle,Divorced,78353.0,0,1,2013-04-16,51,752,122,476,39,153,34,1,10,2,11,8,0,0,0,0,0,0,3,11,65,1576,1,2,1,23,0,439,65.66666666666667,3.581818181818182,39176.5,2,0,60+,Very High,Very High,9.333333333333334,0.041666666666666664,6,0.0
9499,1954,Graduation,Married,93404.0,1,2,2013-05-07,97,1279,15,287,20,0,15,3,3,4,7,5,0,1,1,0,0,0,3,11,70,1616,3,5,1,14,2,418,107.73333333333333,3.856801909307876,18680.8,3,1,60+,Very High,Very High,3.6666666666666665,0.2,5,0.4
6768,1962,Graduation,Divorced,37859.0,1,2,2013-01-12,75,22,1,8,2,1,2,2,1,0,3,8,0,0,0,0,0,0,3,11,62,36,3,4,1,4,0,533,7.2,0.06741573033707865,9464.75,3,0,60+,Medium,Low,3.3333333333333335,0.4,6,0.0
2150,1958,PhD,Widow,80995.0,0,1,2013-05-11,83,860,28,409,73,56,56,1,8,9,4,4,0,0,0,0,0,0,3,11,66,1482,1,2,1,21,0,414,67.36363636363636,3.5710843373493977,40497.5,5,0,60+,Very High,Very High,6.666666666666667,0.045454545454545456,6,0.0
6646,1984,Graduation,Together,16529.0,1,0,2014-03-01,23,3,0,5,13,0,1,1,1,0,3,6,0,0,0,0,0,0,3,11,40,22,1,3,1,4,0,120,4.4,0.18181818181818182,5509.666666666667,3,1,30-40,Low,Low,2.6666666666666665,0.2,4,0.0
4887,1976,PhD,Divorced,55412.0,1,1,2013-11-22,65,10,5,28,11,1,8,1,2,0,3,5,0,0,0,0,0,0,3,11,48,63,2,3,1,5,0,219,10.5,0.2863636363636364,18470.666666666668,5,0,40-50,High,Low,3.0,0.16666666666666666,6,0.0
8560,1992,Graduation,Single,48789.0,0,0,2012-09-10,94,351,16,156,7,5,145,1,6,4,7,6,0,0,0,0,0,0,3,11,32,680,0,1,0,17,0,657,37.77777777777778,1.033434650455927,48789.0,3,0,30-40,Medium,High,6.0,0.05555555555555555,6,0.0
3321,1967,PhD,Together,56575.0,0,2,2013-05-05,42,421,5,90,0,16,10,3,7,3,7,5,0,0,0,0,0,0,3,11,57,542,2,4,1,17,0,420,30.11111111111111,1.2874109263657958,14143.75,5,1,50-60,High,High,6.333333333333333,0.16666666666666666,5,0.0
11003,1980,2n Cycle,Together,25130.0,1,0,2013-10-02,10,2,5,7,0,18,18,2,2,0,3,7,0,0,0,0,0,0,3,11,44,50,1,3,1,5,0,270,8.333333333333334,0.18450184501845018,8376.666666666666,2,1,40-50,Low,Low,3.6666666666666665,0.3333333333333333,5,0.0
10402,1967,Graduation,Married,35441.0,1,1,2013-02-14,94,25,1,9,2,1,1,2,1,0,3,8,0,0,0,0,0,0,3,11,57,39,2,4,1,4,0,500,7.8,0.07784431137724551,8860.25,3,1,50-60,Low,Low,3.3333333333333335,0.4,6,0.0
9904,1956,Graduation,Married,71391.0,0,1,2013-03-29,50,336,123,274,46,123,141,5,6,5,12,3,0,0,0,0,0,0,3,11,68,1043,1,3,1,23,0,457,43.458333333333336,2.277292576419214,23797.0,3,1,60+,Very High,High,5.0,0.20833333333333334,6,0.0
6141,1972,Master,Single,49494.0,1,0,2013-04-25,46,191,9,97,0,6,82,2,6,1,5,7,0,0,0,0,0,0,3,11,52,385,1,2,1,12,0,430,29.615384615384617,0.8932714617169374,24747.0,4,0,50-60,Medium,Medium,6.333333333333333,0.15384615384615385,5,0.0
5687,1980,Graduation,Divorced,81702.0,0,0,2012-09-23,98,563,50,774,28,31,187,1,7,7,12,3,0,0,0,0,0,0,3,11,44,1633,0,1,0,26,0,644,60.48148148148148,2.5317829457364343,81702.0,3,0,40-50,Very High,Very High,5.666666666666667,0.037037037037037035,6,0.0
10856,1980,2n Cycle,Single,45889.0,0,1,2013-07-02,42,31,0,6,0,1,8,1,1,0,3,6,0,0,0,0,0,0,3,11,44,46,1,2,1,4,0,362,9.2,0.12672176308539945,22944.5,2,0,40-50,Medium,Low,2.6666666666666665,0.2,4,0.0
5121,1977,Graduation,Single,56628.0,0,1,2014-03-21,30,479,5,82,7,17,171,2,7,6,5,5,1,0,0,0,0,0,3,11,47,761,1,2,1,18,1,100,40.05263157894737,7.534653465346534,28314.0,3,0,40-50,High,High,6.333333333333333,0.10526315789473684,6,0.2
4186,1950,Graduation,Together,34026.0,1,1,2013-08-05,11,18,6,15,12,8,17,3,2,1,3,5,0,0,0,0,0,0,3,11,74,76,2,4,1,6,0,328,10.857142857142858,0.23100303951367782,8506.5,3,1,60+,Low,Medium,3.0,0.42857142857142855,6,0.0
368,1974,Graduation,Married,40049.0,0,1,2012-11-29,61,91,65,52,10,44,28,3,3,2,6,5,0,0,0,0,0,0,3,11,50,290,1,3,1,11,0,577,24.166666666666668,0.5017301038062284,13349.666666666666,3,1,40-50,Medium,Medium,3.6666666666666665,0.25,6,0.0
3312,1988,Graduation,Single,34176.0,1,0,2014-05-12,12,5,7,24,19,14,20,4,3,0,4,6,0,0,0,0,0,0,3,11,36,89,1,2,1,7,0,48,11.125,1.816326530612245,17088.0,3,0,30-40,Low,Medium,4.0,0.5,6,0.0
11121,1981,Graduation,Married,19419.0,1,0,2012-11-10,76,2,14,28,16,3,7,4,4,0,3,9,0,0,0,0,0,0,3,11,43,70,1,3,1,7,0,596,8.75,0.11725293132328309,6473.0,3,1,40-50,Low,Medium,5.666666666666667,0.5,6,0.0
5332,1960,2n Cycle,Married,82504.0,0,0,2013-07-27,2,362,50,431,134,35,54,1,3,6,7,1,0,0,0,0,0,0,3,11,64,1066,0,2,0,16,0,337,62.705882352941174,3.1538461538461537,41252.0,2,1,60+,Very High,Very High,2.3333333333333335,0.058823529411764705,6,0.0
5848,1970,Graduation,Together,81205.0,0,0,2014-01-13,43,724,74,929,97,55,130,1,5,6,7,2,1,0,1,0,1,0,3,11,54,2009,0,2,0,18,3,167,105.73684210526316,11.958333333333334,40602.5,3,1,50-60,Very High,Very High,4.0,0.05263157894736842,6,0.6
10343,1991,2n Cycle,Single,61618.0,0,0,2012-09-29,27,605,91,399,0,45,205,2,3,6,8,3,0,0,0,0,0,0,3,11,33,1345,0,1,0,17,0,638,74.72222222222223,2.104851330203443,61618.0,2,0,30-40,High,Very High,3.0,0.1111111111111111,5,0.0
5935,1956,Master,Single,55284.0,0,1,2012-12-24,60,547,7,140,0,7,63,3,7,5,8,5,0,0,0,0,0,0,3,11,68,764,1,2,1,20,0,552,36.38095238095238,1.3815551537070525,27642.0,4,0,60+,High,High,6.333333333333333,0.14285714285714285,5,0.0
2895,1963,Graduation,Single,49980.0,0,1,2013-10-23,79,104,1,54,13,9,14,2,3,1,5,5,0,0,0,0,0,0,3,11,61,195,1,2,1,9,0,249,19.5,0.78,24990.0,3,0,60+,Medium,Medium,3.6666666666666665,0.2,6,0.0
10262,1980,Graduation,Married,15072.0,2,0,2013-05-10,96,8,2,15,0,10,18,4,3,1,3,5,0,0,0,0,0,0,3,11,44,53,2,4,1,7,0,415,6.625,0.12740384615384615,3768.0,3,1,40-50,Low,Low,3.6666666666666665,0.5,5,0.0
7848,1974,Graduation,Single,49166.0,0,1,2013-06-13,17,224,2,25,7,0,110,2,5,3,3,6,0,0,0,0,0,0,3,11,50,368,1,2,1,11,0,381,30.666666666666668,0.9633507853403142,24583.0,3,0,40-50,Medium,Medium,5.333333333333333,0.16666666666666666,5,0.0
9477,1954,PhD,Married,65324.0,0,1,2014-01-11,0,384,0,102,21,32,5,3,6,2,9,4,0,0,0,0,0,0,3,11,70,544,1,3,1,17,0,169,30.22222222222222,3.2,21774.666666666668,5,1,60+,High,High,5.333333333333333,0.16666666666666666,5,0.0
4856,1957,2n Cycle,Married,82347.0,0,0,2012-11-06,38,556,54,845,202,133,63,1,7,7,10,3,1,0,0,1,0,0,3,11,67,1853,0,2,0,24,2,600,74.12,3.0831946755407653,41173.5,2,1,60+,Very High,Very High,5.666666666666667,0.04,6,0.4
7186,1966,PhD,Together,30843.0,1,1,2014-05-26,43,24,0,2,0,0,9,2,1,1,2,5,1,0,0,0,0,0,3,11,58,35,2,4,1,4,1,34,7.0,1.0,7710.75,5,1,50-60,Low,Low,2.3333333333333335,0.4,3,0.2
5794,1974,PhD,Married,46374.0,0,1,2014-03-17,1,408,0,21,0,0,17,3,7,1,7,8,0,1,0,1,0,0,3,11,50,446,1,3,1,15,2,104,27.875,4.247619047619048,15458.0,5,1,40-50,Medium,High,7.333333333333333,0.1875,3,0.4
1456,1979,Graduation,Single,60474.0,0,1,2013-04-01,25,265,199,303,234,9,170,7,10,2,12,7,0,0,0,0,0,0,3,11,45,1180,1,2,1,24,0,454,47.2,2.5934065934065935,30237.0,3,0,40-50,High,Very High,9.0,0.28,6,0.0
4877,1973,Master,Married,38576.0,0,1,2014-03-04,2,34,0,7,0,0,0,1,1,0,3,7,0,0,0,0,0,0,3,11,51,41,1,3,1,4,0,117,8.2,0.3474576271186441,12858.666666666666,4,1,50-60,Medium,Low,3.0,0.2,2,0.0
425,1985,Graduation,Married,55357.0,2,0,2013-02-19,66,374,64,116,84,25,64,3,6,2,11,5,0,0,0,0,0,0,3,11,39,727,2,4,1,19,0,495,36.35,1.465725806451613,13839.25,3,1,30-40,High,High,5.666666666666667,0.15,6,0.0
3007,1966,Graduation,Together,37758.0,1,1,2012-10-04,49,27,2,10,0,0,1,2,1,0,3,8,0,0,0,0,0,0,3,11,58,40,2,4,1,4,0,633,8.0,0.06309148264984227,9439.5,3,1,50-60,Medium,Low,3.3333333333333335,0.4,4,0.0
1031,1989,2n Cycle,Married,85710.0,0,0,2013-05-05,5,600,20,350,29,30,33,1,6,9,10,2,0,0,1,0,0,0,3,11,35,1062,0,2,0,25,1,420,40.84615384615385,2.522565320665083,42855.0,2,1,30-40,Very High,Very High,4.666666666666667,0.038461538461538464,6,0.2
4297,1969,Graduation,Together,23228.0,1,0,2014-01-26,71,13,2,18,6,1,0,2,2,0,3,8,0,0,0,0,0,0,3,11,55,40,1,3,1,5,0,154,6.666666666666667,0.25806451612903225,7742.666666666667,3,1,50-60,Low,Low,4.0,0.3333333333333333,5,0.0
807,1969,Master,Together,44602.0,1,1,2014-02-15,35,167,2,89,0,0,34,6,6,1,4,8,0,0,0,0,0,0,3,11,55,292,2,4,1,11,0,134,24.333333333333332,2.162962962962963,11150.5,4,1,50-60,Medium,Medium,6.666666666666667,0.5,4,0.0
4271,1989,2n Cycle,Together,38683.0,1,0,2012-10-04,80,46,35,69,84,41,66,6,4,1,6,7,0,0,0,0,0,0,3,11,35,341,1,3,1,11,0,633,28.416666666666668,0.5378548895899053,12894.333333333334,2,1,30-40,Medium,Medium,5.0,0.5,6,0.0
4120,1975,2n Cycle,Single,49514.0,1,0,2013-12-17,61,88,39,78,58,13,93,2,6,1,4,7,0,0,0,0,0,0,3,11,49,369,1,2,1,11,0,194,30.75,1.8923076923076922,24757.0,2,0,40-50,Medium,Medium,6.333333333333333,0.16666666666666666,6,0.0
2036,1973,PhD,Together,57906.0,0,1,2013-06-11,29,243,11,119,10,3,15,3,4,2,8,4,0,0,0,0,0,0,3,11,51,401,1,3,1,14,0,383,26.733333333333334,1.0442708333333333,19302.0,5,1,50-60,High,High,4.0,0.2,6,0.0
115,1966,Master,Single,43456.0,0,1,2013-03-26,0,275,11,68,25,7,7,3,5,1,8,5,0,0,0,0,0,0,3,11,58,393,1,2,1,14,0,460,26.2,0.8524945770065075,21728.0,4,0,50-60,Medium,Medium,5.0,0.2,6,0.0
8687,1978,Graduation,Together,53172.0,0,1,2013-05-06,54,121,62,90,68,20,125,3,2,3,8,3,0,0,0,0,0,0,3,11,46,486,1,3,1,13,0,419,34.714285714285715,1.1571428571428573,17724.0,3,1,40-50,High,High,2.3333333333333335,0.21428571428571427,6,0.0
2447,1979,Graduation,Together,30545.0,1,0,2012-10-17,71,4,12,15,19,7,12,2,2,0,3,7,0,0,0,0,0,0,3,11,45,69,1,3,1,5,0,620,11.5,0.1111111111111111,10181.666666666666,3,1,40-50,Low,Medium,3.6666666666666665,0.3333333333333333,6,0.0
10140,1983,PhD,Together,70123.0,0,0,2013-09-28,27,1308,0,396,23,0,0,1,5,7,4,3,0,1,0,0,1,0,3,11,41,1727,0,2,0,16,2,274,101.58823529411765,6.28,35061.5,5,1,40-50,Very High,Very High,4.333333333333333,0.058823529411764705,3,0.4
9353,1959,Graduation,Single,62450.0,0,1,2014-01-06,61,515,47,267,62,66,38,2,5,5,4,3,0,1,0,0,0,0,3,11,65,995,1,2,1,14,1,174,66.33333333333333,5.685714285714286,31225.0,3,0,60+,High,High,4.333333333333333,0.13333333333333333,6,0.2
3623,1976,Graduation,Together,21675.0,1,0,2014-06-11,55,4,0,16,17,4,4,3,4,0,3,7,0,0,0,0,0,0,3,11,48,45,1,3,1,7,0,18,5.625,2.3684210526315788,7225.0,3,1,40-50,Low,Low,5.0,0.375,5,0.0
738,1981,2n Cycle,Single,42395.0,1,1,2014-04-04,35,48,13,57,24,15,25,4,3,1,4,7,0,0,0,0,0,0,3,11,43,182,2,3,1,8,0,86,20.22222222222222,2.0919540229885056,14131.666666666666,2,0,40-50,Medium,Medium,4.333333333333333,0.4444444444444444,6,0.0
7631,1978,Master,Together,61346.0,1,0,2013-10-06,34,562,58,168,43,16,142,1,5,7,10,3,0,0,0,0,0,0,3,11,46,989,1,3,1,22,0,266,43.0,3.704119850187266,20448.666666666668,4,1,40-50,High,High,4.333333333333333,0.043478260869565216,6,0.0
4789,1953,Graduation,Together,80812.0,0,0,2013-09-17,95,769,22,500,210,143,33,1,4,8,5,2,1,0,1,1,0,0,3,11,71,1677,0,2,0,17,3,285,93.16666666666667,5.863636363636363,40406.0,3,1,60+,Very High,Very High,3.3333333333333335,0.05555555555555555,6,0.6
773,1971,Master,Divorced,42835.0,1,1,2013-06-30,64,379,4,93,12,9,98,7,6,6,4,6,0,0,0,0,0,0,3,11,53,595,2,3,1,16,0,364,35.0,1.63013698630137,14278.333333333334,4,0,50-60,Medium,High,6.0,0.4117647058823529,6,0.0
10602,1983,Graduation,Married,39922.0,1,0,2013-02-14,30,29,12,59,19,1,36,2,3,0,4,8,0,0,0,0,0,0,3,11,41,156,1,3,1,7,0,500,19.5,0.31137724550898205,13307.333333333334,3,1,40-50,Medium,Medium,4.666666666666667,0.25,6,0.0
1446,1956,Master,Single,86424.0,0,0,2014-04-05,12,387,68,569,89,45,68,1,6,9,12,1,0,0,0,0,0,0,3,11,68,1226,0,1,0,27,0,85,43.785714285714285,14.255813953488373,86424.0,4,0,60+,Very High,Very High,4.333333333333333,0.03571428571428571,6,0.0
3270,1978,2n Cycle,Together,17117.0,1,0,2013-01-17,96,12,23,38,30,18,7,4,3,1,3,9,0,0,0,0,0,0,3,11,46,128,1,3,1,7,0,528,16.0,0.24196597353497165,5705.666666666667,2,1,40-50,Low,Medium,5.0,0.5,6,0.0
8443,1972,Graduation,Single,24762.0,1,0,2014-02-10,16,6,10,12,3,15,40,3,3,1,2,8,1,0,0,0,0,0,3,11,52,86,1,2,1,6,1,139,12.285714285714286,0.6142857142857143,12381.0,3,0,50-60,Low,Medium,4.666666666666667,0.42857142857142855,6,0.2
9653,1975,Graduation,Married,35797.0,0,1,2012-10-16,16,27,1,14,4,1,21,2,2,0,3,8,0,0,0,0,0,0,3,11,49,68,1,3,1,5,0,621,11.333333333333334,0.10932475884244373,11932.333333333334,3,1,40-50,Medium,Low,4.0,0.3333333333333333,6,0.0
8916,1975,Graduation,Divorced,36627.0,2,0,2013-07-23,78,9,1,5,0,0,1,1,0,0,3,5,0,0,0,0,0,0,3,11,49,16,2,3,1,3,0,341,4.0,0.04678362573099415,12209.0,3,0,40-50,Medium,Low,1.6666666666666667,0.25,4,0.0
8017,1981,2n Cycle,Married,51111.0,1,1,2014-06-19,83,22,0,19,6,5,3,2,2,0,3,6,0,0,0,0,0,0,3,11,43,55,2,4,1,5,0,10,9.166666666666666,5.0,12777.75,2,1,40-50,Medium,Low,3.3333333333333335,0.3333333333333333,5,0.0
5830,1972,PhD,Single,86857.0,0,0,2012-09-12,96,899,102,838,133,102,40,1,5,6,10,2,0,0,0,0,0,0,3,11,52,2114,0,1,0,21,0,655,96.0909090909091,3.222560975609756,86857.0,5,0,50-60,Very High,Very High,4.0,0.045454545454545456,6,0.0
4597,1970,PhD,Together,82072.0,0,0,2013-07-02,67,889,55,685,168,92,129,1,3,2,13,1,0,0,0,0,0,0,3,11,54,2018,0,2,0,18,0,362,106.21052631578948,5.559228650137741,41036.0,5,1,50-60,Very High,Very High,2.3333333333333335,0.05263157894736842,6,0.0
7023,1953,PhD,Single,46231.0,2,1,2012-11-26,87,189,2,55,0,5,12,4,6,1,4,9,0,0,0,0,0,0,3,11,71,263,3,4,1,11,0,580,21.916666666666668,0.45266781411359724,11557.75,5,0,60+,Medium,Medium,7.0,0.3333333333333333,5,0.0
8086,1959,Graduation,Married,42243.0,1,1,2013-12-11,34,48,0,2,0,0,5,2,2,0,3,7,0,0,0,0,0,0,3,11,65,55,2,4,1,5,0,200,9.166666666666666,0.2736318407960199,10560.75,3,1,60+,Medium,Low,3.6666666666666665,0.3333333333333333,3,0.0
8825,1962,Graduation,Together,51195.0,1,1,2013-04-01,46,230,14,156,82,24,58,8,9,2,5,8,0,0,0,0,0,0,3,11,62,564,2,4,1,16,0,454,33.1764705882353,1.2395604395604396,12798.75,3,1,60+,Medium,High,8.666666666666666,0.47058823529411764,6,0.0
2930,1978,Master,Single,68092.0,0,0,2013-12-16,7,852,60,207,78,36,48,2,2,6,10,5,0,0,0,0,0,0,3,11,46,1281,0,1,0,18,0,195,67.42105263157895,6.535714285714286,68092.0,4,0,40-50,High,Very High,3.0,0.10526315789473684,6,0.0
1928,1973,Graduation,Married,31814.0,1,0,2013-02-09,73,35,3,20,4,1,20,2,2,0,3,9,1,0,0,0,0,0,3,11,51,83,1,3,1,5,1,505,13.833333333333334,0.16403162055335968,10604.666666666666,3,1,50-60,Low,Medium,4.333333333333333,0.3333333333333333,6,0.2
7108,1965,Master,Widow,51390.0,1,1,2012-09-08,54,205,20,47,23,2,56,6,5,2,5,5,0,0,0,0,0,0,3,11,59,353,2,3,1,12,0,659,27.153846153846153,0.5348484848484848,17130.0,4,0,50-60,High,Medium,5.0,0.46153846153846156,6,0.0
10925,1983,Graduation,Married,76630.0,0,0,2014-01-14,93,255,31,446,40,56,175,1,3,10,11,1,0,0,0,0,0,0,3,11,41,1003,0,2,0,24,0,166,40.12,6.005988023952096,38315.0,3,1,40-50,Very High,High,2.3333333333333335,0.04,6,0.0
9960,1991,Basic,Single,26868.0,1,0,2014-04-30,52,0,0,1,8,3,2,1,1,0,2,7,0,0,0,0,0,0,3,11,33,14,1,2,1,3,0,60,3.5,0.22950819672131148,13434.0,1,0,30-40,Low,Low,3.0,0.25,4,0.0
8800,1943,PhD,Divorced,48948.0,0,0,2013-02-01,53,437,8,206,160,49,42,2,7,10,5,6,1,0,0,0,0,0,3,11,81,902,0,1,0,22,1,513,39.21739130434783,1.754863813229572,48948.0,5,0,60+,Medium,High,6.666666666666667,0.08695652173913043,6,0.2
9224,1972,PhD,Single,55260.0,0,1,2012-12-12,81,825,8,53,11,0,242,2,8,10,5,6,0,0,0,0,0,0,3,11,52,1139,1,2,1,23,0,564,47.458333333333336,2.015929203539823,27630.0,5,0,50-60,High,Very High,7.333333333333333,0.08333333333333333,5,0.0
5519,1956,Graduation,Together,64090.0,0,1,2013-08-07,8,316,58,161,76,51,135,1,6,9,4,5,0,0,0,0,0,0,3,11,68,797,1,3,1,19,0,326,39.85,2.437308868501529,21363.333333333332,3,1,60+,High,High,5.666666666666667,0.05,6,0.0
5046,1958,Graduation,Divorced,78331.0,0,1,2014-01-23,97,756,138,354,160,169,61,2,10,6,7,4,0,0,0,0,0,0,3,11,66,1638,1,2,1,23,0,157,68.25,10.367088607594937,39165.5,3,0,60+,Very High,Very High,8.0,0.08333333333333333,6,0.0
7037,1974,PhD,Married,37087.0,1,0,2013-08-11,50,194,55,134,15,0,3,3,4,2,8,6,0,0,0,0,0,0,3,11,50,401,1,3,1,14,0,322,26.733333333333334,1.241486068111455,12362.333333333334,5,1,40-50,Medium,High,4.666666666666667,0.2,5,0.0
905,1986,Graduation,Divorced,21846.0,1,0,2013-10-22,38,7,17,18,6,10,26,4,4,0,3,8,0,0,0,0,0,0,3,11,38,84,1,2,1,7,0,250,10.5,0.3346613545816733,10923.0,3,0,30-40,Low,Medium,5.333333333333333,0.5,6,0.0
8624,1958,Graduation,Married,81320.0,0,0,2013-02-06,61,183,33,493,59,103,57,1,4,3,10,2,0,0,0,0,0,0,3,11,66,928,0,2,0,17,0,508,51.55555555555556,1.8231827111984282,40660.0,3,1,60+,Very High,High,3.3333333333333335,0.05555555555555555,6,0.0
8945,1970,Graduation,Divorced,54137.0,0,1,2013-08-16,46,171,0,11,0,1,20,2,4,1,4,6,0,0,0,0,0,0,3,11,54,203,1,2,1,9,0,317,20.3,0.6383647798742138,27068.5,3,0,50-60,High,Medium,4.666666666666667,0.2,4,0.0
6445,1967,Graduation,Together,66825.0,0,0,2013-07-14,73,243,101,405,29,40,40,1,4,5,6,2,0,0,0,0,0,0,3,11,57,858,0,2,0,15,0,350,53.625,2.4444444444444446,33412.5,3,1,50-60,High,High,3.3333333333333335,0.0625,6,0.0
2727,1973,Graduation,Together,57100.0,0,0,2013-12-04,19,181,21,69,39,3,96,1,3,3,6,3,0,0,0,0,0,0,3,11,51,409,0,2,0,12,0,207,31.46153846153846,1.9663461538461537,28550.0,3,1,50-60,High,High,3.0,0.07692307692307693,6,0.0
6404,1969,Graduation,Together,58917.0,1,2,2013-03-24,10,151,7,89,0,7,28,5,4,1,6,5,0,0,0,0,0,0,3,11,55,282,3,5,1,11,0,462,23.5,0.6090712742980562,11783.4,3,1,50-60,High,Medium,4.333333333333333,0.4166666666666667,5,0.0
11074,1977,Graduation,Single,85072.0,0,0,2014-04-09,94,494,92,391,194,11,241,1,3,4,10,0,0,0,0,0,0,0,3,11,47,1423,0,1,0,17,0,81,79.05555555555556,17.353658536585368,85072.0,3,0,40-50,Very High,Very High,2.0,0.05555555555555555,6,0.0
10150,1961,Graduation,Single,86429.0,0,0,2013-11-21,10,464,28,873,29,18,37,0,7,4,7,2,0,0,0,1,0,0,3,11,63,1449,0,1,0,18,1,220,76.26315789473684,6.5565610859728505,86429.0,3,0,60+,Very High,Very High,5.333333333333333,0.0,6,0.2
1968,1971,Graduation,Widow,45684.0,1,0,2013-12-02,37,5,1,5,10,0,7,1,1,0,2,7,0,0,0,0,0,0,3,11,53,28,1,2,1,3,0,209,7.0,0.13333333333333333,22842.0,3,0,50-60,Medium,Low,3.0,0.25,5,0.0
6534,1974,Graduation,Together,47889.0,1,0,2014-01-04,94,29,0,29,0,5,4,1,2,0,3,5,0,0,0,0,0,0,3,11,50,67,1,3,1,5,0,176,11.166666666666666,0.3785310734463277,15963.0,3,1,40-50,Medium,Low,3.0,0.16666666666666666,4,0.0
9485,1986,PhD,Married,45921.0,0,0,2014-03-10,23,102,9,49,24,3,12,1,2,1,6,4,0,0,0,0,0,0,3,11,38,199,0,2,0,9,0,111,19.9,1.7767857142857142,22960.5,5,1,30-40,Medium,Medium,2.6666666666666665,0.1,6,0.0
7053,1966,PhD,Single,78420.0,0,0,2013-06-29,75,604,28,674,91,28,28,1,3,10,8,1,0,0,0,0,0,0,3,11,58,1453,0,1,0,21,0,365,66.04545454545455,3.969945355191257,78420.0,5,0,50-60,Very High,Very High,2.3333333333333335,0.045454545454545456,6,0.0
4654,1992,Graduation,Together,75114.0,0,0,2013-11-07,40,571,12,523,63,60,24,1,3,10,5,2,0,0,0,0,0,0,3,11,32,1253,0,2,0,18,0,234,65.94736842105263,5.3319148936170215,37557.0,3,1,30-40,Very High,Very High,2.6666666666666665,0.05263157894736842,6,0.0
9760,1963,PhD,Widow,52278.0,0,1,2013-01-25,24,953,0,71,0,0,174,6,10,5,10,8,0,0,0,0,0,0,3,11,61,1198,1,2,1,25,0,520,46.07692307692308,2.2994241842610363,26139.0,5,0,60+,High,Very High,9.333333333333334,0.23076923076923078,3,0.0
1048,1972,Master,Married,35641.0,1,0,2013-07-14,11,63,3,67,8,9,28,2,3,1,4,7,0,0,0,0,0,0,3,11,52,178,1,3,1,8,0,350,19.77777777777778,0.5071225071225072,11880.333333333334,4,1,50-60,Medium,Medium,4.333333333333333,0.2222222222222222,6,0.0
9308,1954,Graduation,Married,62820.0,0,0,2013-05-11,51,398,61,265,138,61,53,1,3,4,6,1,0,0,0,0,0,0,3,11,70,976,0,2,0,13,0,414,69.71428571428571,2.351807228915663,31410.0,3,1,60+,High,High,2.3333333333333335,0.07142857142857142,6,0.0
10505,1960,Master,Together,73113.0,0,0,2013-12-26,86,741,19,154,50,9,28,1,3,4,7,2,0,0,0,0,0,0,3,11,64,1001,0,2,0,14,0,185,66.73333333333333,5.381720430107527,36556.5,4,1,60+,Very High,High,2.6666666666666665,0.06666666666666667,6,0.0
8362,1982,PhD,Married,84169.0,0,0,2013-08-07,9,1478,19,403,0,19,0,1,7,6,6,3,0,1,1,0,0,0,3,11,42,1919,0,2,0,19,2,326,95.95,5.868501529051988,42084.5,5,1,40-50,Very High,Very High,5.666666666666667,0.05,4,0.4
2625,1954,2n Cycle,Single,42607.0,0,1,2013-11-17,30,156,29,56,30,32,47,2,3,2,7,3,0,0,0,0,0,0,3,11,70,350,1,2,1,12,0,224,26.923076923076923,1.5555555555555556,21303.5,2,0,60+,Medium,Medium,3.0,0.15384615384615385,6,0.0
4637,1954,PhD,Single,74637.0,0,0,2013-05-18,73,960,64,464,146,0,16,1,6,9,9,3,0,0,0,1,0,0,3,11,70,1650,0,1,0,24,1,407,66.0,4.044117647058823,74637.0,5,0,60+,Very High,Very High,5.0,0.04,5,0.2
9972,1955,PhD,Together,46015.0,1,1,2014-04-13,25,38,0,2,0,0,6,1,1,0,3,7,1,0,0,0,1,0,3,11,69,46,2,4,1,4,2,77,9.2,0.5897435897435898,11503.75,5,1,60+,Medium,Low,3.0,0.2,3,0.4
4483,1993,Graduation,Single,72354.0,0,0,2013-04-17,67,315,26,473,220,12,182,1,2,10,6,1,0,0,0,0,0,0,3,11,31,1228,0,1,0,18,0,438,64.63157894736842,2.797266514806378,72354.0,3,0,30-40,Very High,Very High,1.6666666666666667,0.05263157894736842,6,0.0
4487,1969,Master,Single,39858.0,1,0,2013-01-24,67,15,20,25,2,7,26,1,2,0,4,6,0,0,0,0,0,0,3,11,55,95,1,2,1,6,0,521,13.571428571428571,0.18199233716475097,19929.0,4,0,50-60,Medium,Medium,3.3333333333333335,0.14285714285714285,6,0.0
4988,1948,PhD,Married,34469.0,1,1,2014-05-04,58,19,6,20,0,5,12,3,1,1,4,4,0,0,0,0,0,0,3,11,76,62,2,4,1,6,0,56,8.857142857142858,1.087719298245614,8617.25,5,1,60+,Low,Low,2.0,0.42857142857142855,5,0.0
8931,1986,Graduation,Together,83033.0,1,0,2014-05-18,82,812,99,431,237,149,33,1,11,4,10,5,0,0,0,1,0,0,3,11,38,1761,1,3,1,25,1,42,67.73076923076923,40.95348837209303,27677.666666666668,3,1,30-40,Very High,Very High,9.0,0.038461538461538464,6,0.2
5871,1979,Master,Together,24401.0,0,0,2012-08-31,98,73,28,217,10,24,115,3,6,1,6,8,0,0,0,0,0,0,3,11,45,467,0,2,0,13,0,667,33.357142857142854,0.6991017964071856,12200.5,4,1,40-50,Low,High,6.666666666666667,0.21428571428571427,6,0.0
2008,1978,Graduation,Married,77583.0,0,0,2014-02-10,93,372,23,384,250,12,108,1,4,5,9,2,0,0,0,1,0,0,3,11,46,1149,0,2,0,18,1,139,60.473684210526315,8.207142857142857,38791.5,3,1,40-50,Very High,Very High,3.3333333333333335,0.05263157894736842,6,0.2
3139,1982,2n Cycle,Single,74116.0,0,0,2013-12-30,53,871,111,704,145,55,166,1,4,4,10,2,0,1,0,0,0,0,3,11,42,2052,0,1,0,18,1,181,108.0,11.274725274725276,74116.0,2,0,40-50,Very High,Very High,3.3333333333333335,0.05263157894736842,6,0.2
10037,1993,Graduation,Single,74293.0,0,0,2014-05-04,66,375,152,335,93,91,81,1,5,4,6,2,0,0,0,0,0,0,3,11,31,1127,0,1,0,15,0,56,70.4375,19.771929824561404,74293.0,3,0,30-40,Very High,Very High,4.0,0.0625,6,0.0
10673,1976,PhD,Married,68397.0,0,1,2013-11-17,6,760,80,466,17,13,80,1,6,9,5,3,0,0,0,0,0,0,3,11,48,1416,1,3,1,20,0,224,67.42857142857143,6.293333333333333,22799.0,5,1,40-50,Very High,Very High,5.0,0.047619047619047616,6,0.0
5303,1974,PhD,Together,79632.0,0,0,2014-04-08,42,471,0,510,99,21,12,1,6,4,9,2,0,0,0,0,0,0,3,11,50,1113,0,2,0,19,0,82,55.65,13.409638554216867,39816.0,5,1,40-50,Very High,Very High,4.666666666666667,0.05,5,0.0
538,1989,Graduation,Single,46107.0,1,0,2014-02-10,78,31,9,27,16,9,33,1,1,1,4,3,0,0,0,0,0,0,3,11,35,125,1,2,1,6,0,139,17.857142857142858,0.8928571428571429,23053.5,3,0,30-40,Medium,Medium,1.6666666666666667,0.14285714285714285,6,0.0
7922,1951,PhD,Single,64950.0,0,1,2012-08-12,29,819,0,72,12,0,63,2,11,2,10,7,0,1,0,0,0,0,3,11,73,966,1,2,1,23,1,686,40.25,1.4061135371179039,32475.0,5,0,60+,High,High,9.666666666666666,0.08333333333333333,4,0.2
5692,1989,Basic,Married,25443.0,1,0,2012-12-22,82,1,4,3,8,9,7,1,1,0,3,8,0,0,0,0,0,0,3,11,35,32,1,3,1,4,0,554,6.4,0.05765765765765766,8481.0,1,1,30-40,Low,Low,3.3333333333333335,0.2,6,0.0
4843,1952,Graduation,Single,75127.0,0,0,2014-05-22,92,203,35,305,46,17,227,1,2,11,5,1,0,0,0,0,0,0,3,11,72,833,0,1,0,18,0,38,43.8421052631579,21.358974358974358,75127.0,3,0,60+,Very High,High,1.6666666666666667,0.05263157894736842,6,0.0
6383,1971,PhD,Together,32892.0,1,0,2014-05-25,78,26,0,15,2,1,2,2,3,0,3,8,0,0,0,0,0,0,3,11,53,46,1,3,1,6,0,35,6.571428571428571,1.2777777777777777,10964.0,5,1,50-60,Low,Low,4.666666666666667,0.2857142857142857,5,0.0
1628,1971,Graduation,Together,71796.0,0,0,2013-10-24,54,354,21,311,167,75,32,1,9,3,4,4,0,0,0,0,0,0,3,11,53,960,0,2,0,16,0,248,56.470588235294116,3.855421686746988,35898.0,3,1,50-60,Very High,High,7.333333333333333,0.058823529411764705,6,0.0
1204,1970,PhD,Married,67536.0,0,1,2013-05-22,45,1253,0,447,23,71,35,3,11,5,11,8,0,0,0,1,0,0,3,11,54,1829,1,3,1,27,1,403,65.32142857142857,4.5272277227722775,22512.0,5,1,50-60,High,Very High,10.0,0.10714285714285714,5,0.2
3673,1971,Graduation,Single,55239.0,0,1,2013-07-14,59,371,17,238,23,24,106,3,7,5,11,5,0,0,0,0,0,0,3,11,53,779,1,2,1,23,0,350,32.458333333333336,2.219373219373219,27619.5,3,0,50-60,High,High,6.333333333333333,0.125,6,0.0
760,1975,PhD,Divorced,60554.0,1,0,2013-08-09,8,588,7,76,110,15,15,2,8,4,9,6,0,0,0,0,0,0,3,11,49,811,1,2,1,21,0,324,36.86363636363637,2.4953846153846153,30277.0,5,0,40-50,High,High,7.333333333333333,0.09090909090909091,6,0.0
8957,1952,2n Cycle,Single,64831.0,1,1,2013-06-10,51,480,86,249,75,86,144,8,6,3,5,6,0,0,0,0,0,0,3,11,72,1120,2,3,1,14,0,384,74.66666666666667,2.909090909090909,21610.333333333332,2,0,60+,High,Very High,6.0,0.5333333333333333,6,0.0
4128,1962,PhD,Together,56067.0,0,1,2013-07-20,51,517,12,54,16,6,120,2,7,4,7,5,0,0,0,0,0,0,3,11,62,725,1,3,1,18,0,344,38.1578947368421,2.101449275362319,18689.0,5,1,60+,High,High,6.333333333333333,0.10526315789473684,6,0.0
6810,1983,Graduation,Divorced,82025.0,0,0,2013-05-28,76,267,98,606,48,70,98,1,3,2,6,1,0,0,1,0,0,0,3,11,41,1187,0,1,0,11,1,397,98.91666666666667,2.9824120603015074,82025.0,3,0,40-50,Very High,Very High,2.3333333333333335,0.08333333333333333,6,0.2
8700,1986,Basic,Single,14906.0,0,0,2012-12-22,86,7,7,14,7,16,15,3,2,1,3,7,0,0,0,0,0,0,3,11,38,66,0,1,0,6,0,554,9.428571428571429,0.11891891891891893,14906.0,1,0,30-40,Low,Low,3.6666666666666665,0.42857142857142855,6,0.0
3202,1987,PhD,Married,51563.0,0,0,2012-10-01,60,1166,0,48,0,0,36,1,4,4,10,8,0,1,1,0,0,0,3,11,37,1250,0,2,0,18,2,636,65.78947368421052,1.9623233908948194,25781.5,5,1,30-40,High,Very High,5.333333333333333,0.05263157894736842,3,0.4
1328,1982,2n Cycle,Married,57937.0,0,1,2014-02-16,56,261,42,144,55,48,133,3,4,4,9,3,0,0,0,0,0,0,3,11,42,683,1,3,1,17,0,133,37.94444444444444,5.097014925373134,19312.333333333332,2,1,40-50,High,High,3.6666666666666665,0.16666666666666666,6,0.0
8405,1979,Graduation,Divorced,68274.0,1,1,2013-09-30,83,135,25,51,23,25,46,2,4,2,5,3,0,0,0,0,0,0,3,11,45,305,2,3,1,11,0,272,25.416666666666668,1.1172161172161172,22758.0,3,0,40-50,High,Medium,3.6666666666666665,0.16666666666666666,6,0.0
6515,1977,Graduation,Together,39771.0,1,0,2013-12-06,92,6,2,18,2,8,14,1,2,0,3,4,0,0,0,0,0,0,3,11,47,50,1,3,1,5,0,205,8.333333333333334,0.24271844660194175,13257.0,3,1,40-50,Medium,Low,2.6666666666666665,0.16666666666666666,6,0.0
2882,1975,2n Cycle,Divorced,67893.0,0,1,2012-10-01,31,711,28,142,49,18,47,2,3,2,9,8,0,0,0,0,0,0,3,11,49,995,1,2,1,14,0,636,66.33333333333333,1.5620094191522762,33946.5,2,0,40-50,High,High,4.666666666666667,0.13333333333333333,6,0.0
7574,1979,PhD,Together,27922.0,1,0,2014-05-10,80,11,0,13,2,4,11,1,2,0,3,4,0,0,0,0,0,0,3,11,45,41,1,3,1,5,0,50,6.833333333333333,0.803921568627451,9307.333333333334,5,1,40-50,Low,Low,2.6666666666666665,0.16666666666666666,5,0.0
6387,1976,PhD,Together,52190.0,1,1,2014-05-08,39,42,0,17,0,0,18,3,2,1,3,5,1,0,0,0,0,0,3,11,48,77,2,4,1,6,1,52,11.0,1.4528301886792452,13047.5,5,1,40-50,High,Medium,3.0,0.42857142857142855,3,0.2
5320,1973,Master,Divorced,44051.0,1,1,2013-01-29,20,79,7,58,6,3,18,4,3,1,4,6,0,0,0,0,0,0,3,11,51,171,2,3,1,8,0,516,19.0,0.3307543520309478,14683.666666666666,4,0,50-60,Medium,Medium,4.0,0.4444444444444444,6,0.0
5048,1971,PhD,Single,42767.0,2,0,2013-05-11,53,20,6,43,19,5,38,1,3,1,2,8,0,0,0,0,0,0,3,11,53,131,2,3,1,6,0,414,18.714285714285715,0.3156626506024096,14255.666666666666,5,0,50-60,Medium,Medium,4.666666666666667,0.14285714285714285,6,0.0
8146,1976,Master,Together,46106.0,1,1,2014-05-11,84,30,0,8,2,0,14,1,1,1,2,6,0,0,0,0,0,0,3,11,48,54,2,4,1,4,0,49,10.8,1.08,11526.5,4,1,40-50,Medium,Low,2.6666666666666665,0.2,4,0.0
10031,1976,PhD,Married,16927.0,1,1,2013-02-10,50,20,2,23,3,1,4,5,3,0,4,8,0,0,0,0,0,0,3,11,48,53,2,4,1,7,0,504,6.625,0.10495049504950495,4231.75,5,1,40-50,Low,Low,4.666666666666667,0.625,6,0.0
5748,1965,Graduation,Married,59754.0,0,1,2012-12-01,96,115,27,44,4,146,139,3,5,2,6,5,0,0,0,0,0,0,3,11,59,475,1,3,1,13,0,575,33.92857142857143,0.8246527777777778,19918.0,3,1,50-60,High,High,5.0,0.21428571428571427,6,0.0
2134,1952,Graduation,Single,53700.0,0,1,2012-08-17,94,263,5,233,69,41,83,4,5,5,8,5,0,0,0,0,0,0,3,11,72,694,1,2,1,18,0,681,36.526315789473685,1.0175953079178885,26850.0,3,0,60+,High,High,5.0,0.21052631578947367,6,0.0
1523,1973,Graduation,Married,59041.0,1,1,2014-05-07,25,69,2,15,2,2,6,2,2,0,4,5,0,0,0,0,0,0,3,11,51,96,2,4,1,6,0,53,13.714285714285714,1.7777777777777777,14760.25,3,1,50-60,High,Medium,3.0,0.2857142857142857,6,0.0
9665,1957,PhD,Divorced,54237.0,0,1,2013-04-27,48,267,3,30,4,0,57,4,5,2,5,6,0,0,0,0,0,0,3,11,67,361,1,2,1,12,0,428,27.76923076923077,0.8414918414918415,27118.5,5,0,60+,High,Medium,5.333333333333333,0.3076923076923077,5,0.0
4640,1967,Graduation,Divorced,70647.0,0,1,2012-09-21,65,561,85,171,25,123,114,2,4,7,13,2,0,0,0,0,0,0,3,11,57,1079,1,2,1,24,0,646,43.16,1.6676970633693973,35323.5,3,0,50-60,Very High,Very High,3.3333333333333335,0.08,6,0.0
3635,1962,PhD,Single,52597.0,0,1,2014-05-07,69,492,0,37,7,0,42,3,6,3,8,5,0,0,0,0,0,0,3,11,62,578,1,2,1,17,0,53,32.111111111111114,10.703703703703704,26298.5,5,0,60+,High,High,5.666666666666667,0.16666666666666666,4,0.0
3547,1969,Master,Together,41021.0,1,0,2012-12-30,12,14,7,9,6,16,12,2,2,0,3,6,0,0,0,0,0,0,3,11,55,64,1,3,1,5,0,546,10.666666666666666,0.1170018281535649,13673.666666666666,4,1,50-60,Medium,Low,3.3333333333333335,0.3333333333333333,6,0.0
2456,1975,PhD,Married,40233.0,0,1,2013-10-14,84,80,4,46,0,17,2,5,2,1,5,6,0,0,0,0,0,0,3,11,49,149,1,3,1,8,0,258,16.555555555555557,0.5752895752895753,13411.0,5,1,40-50,Medium,Medium,3.3333333333333335,0.5555555555555556,5,0.0
5633,1980,Graduation,Married,50183.0,1,1,2014-06-25,47,97,12,84,13,10,15,7,3,1,6,5,0,0,0,0,0,0,3,11,44,231,2,4,1,10,0,4,21.0,46.2,12545.75,3,1,40-50,Medium,Medium,3.6666666666666665,0.6363636363636364,6,0.0
7801,1959,Graduation,Together,54753.0,0,1,2013-09-12,87,197,107,227,7,59,131,3,5,2,11,4,0,0,0,0,0,0,3,11,65,728,1,3,1,18,0,290,38.31578947368421,2.5017182130584192,18251.0,3,1,60+,High,High,4.666666666666667,0.15789473684210525,6,0.0
10489,1973,Graduation,Married,92955.0,0,0,2013-08-19,35,693,21,925,31,24,84,1,6,7,9,2,0,0,1,1,0,0,3,11,51,1778,0,2,0,22,2,314,77.30434782608695,5.644444444444445,46477.5,3,1,50-60,Very High,Very High,4.666666666666667,0.043478260869565216,6,0.4
7011,1973,Graduation,Married,33471.0,1,0,2012-10-12,47,43,2,27,0,9,12,3,3,0,4,7,0,0,0,0,0,0,3,11,51,93,1,3,1,7,0,625,11.625,0.1485623003194888,11157.0,3,1,50-60,Low,Medium,4.333333333333333,0.375,5,0.0
2620,1974,PhD,Married,34596.0,1,0,2013-04-13,48,14,0,2,0,0,7,1,1,0,2,8,0,0,0,0,0,0,3,11,50,23,1,3,1,3,0,442,5.75,0.05191873589164785,11532.0,5,1,40-50,Low,Low,3.3333333333333335,0.25,3,0.0
3933,1980,Graduation,Together,44010.0,1,0,2012-10-13,46,186,36,234,86,72,48,6,10,2,6,9,0,0,0,0,0,0,3,11,44,662,1,3,1,18,0,624,34.8421052631579,1.0592,14670.0,3,1,40-50,Medium,High,9.666666666666666,0.3157894736842105,6,0.0
10981,1988,Graduation,Married,84219.0,0,0,2014-02-02,27,434,137,400,45,137,45,1,3,4,10,1,0,0,0,0,0,0,3,11,36,1198,0,2,0,17,0,147,66.55555555555556,8.094594594594595,42109.5,3,1,30-40,Very High,Very High,2.3333333333333335,0.05555555555555555,6,0.0
1734,1968,PhD,Together,40706.0,2,1,2013-01-17,37,59,0,11,4,2,5,4,3,0,4,7,0,0,0,0,0,0,3,11,56,81,3,5,1,7,0,528,10.125,0.15311909262759923,8141.2,5,1,50-60,Medium,Medium,4.333333333333333,0.5,5,0.0
10995,1988,2n Cycle,Married,15716.0,1,0,2012-11-12,8,16,5,30,8,7,26,3,3,0,4,8,0,0,0,0,0,1,3,11,36,92,1,3,1,7,0,594,11.5,0.1546218487394958,5238.666666666667,2,1,30-40,Low,Medium,4.666666666666667,0.375,6,0.0
6357,1959,2n Cycle,Divorced,59052.0,0,1,2013-11-17,29,230,35,75,63,57,31,3,7,1,7,5,0,0,0,0,0,0,3,11,65,491,1,2,1,15,0,224,30.6875,2.1822222222222223,29526.0,2,0,60+,High,High,6.333333333333333,0.1875,6,0.0
9209,1971,Master,Together,80573.0,0,0,2012-10-14,85,829,138,430,60,92,15,1,4,6,13,2,0,0,0,0,0,0,3,11,53,1564,0,2,0,23,0,623,65.16666666666667,2.5064102564102564,40286.5,4,1,50-60,Very High,Very High,3.3333333333333335,0.041666666666666664,6,0.0
10286,1962,Graduation,Married,83715.0,0,0,2014-02-03,2,318,8,407,150,35,8,1,2,8,13,0,0,0,0,0,0,0,3,11,62,926,0,2,0,23,0,146,38.583333333333336,6.299319727891157,41857.5,3,1,60+,Very High,High,1.3333333333333333,0.041666666666666664,6,0.0
2611,1959,Master,Together,82576.0,0,0,2012-08-01,66,1206,55,445,168,18,18,1,2,4,12,1,0,0,1,0,0,0,3,11,65,1910,0,2,0,18,1,697,100.52631578947368,2.7363896848137537,41288.0,4,1,60+,Very High,Very High,1.6666666666666667,0.05263157894736842,6,0.2
1600,1965,Master,Married,56962.0,2,1,2013-10-11,60,292,3,77,10,3,26,7,6,3,5,7,0,0,0,0,0,0,3,11,59,411,3,5,1,14,0,261,27.4,1.5687022900763359,11392.4,4,1,50-60,High,High,6.333333333333333,0.4666666666666667,6,0.0
3308,1952,Graduation,Married,35704.0,1,1,2014-01-03,54,30,9,12,2,11,30,3,2,0,4,4,0,0,0,0,0,0,3,11,72,94,2,4,1,6,0,177,13.428571428571429,0.5280898876404494,8926.0,3,1,60+,Medium,Medium,2.6666666666666665,0.42857142857142855,6,0.0
5407,1954,Graduation,Together,53103.0,0,1,2013-09-12,70,729,17,133,11,0,195,5,10,6,7,7,1,0,0,0,0,0,3,11,70,1085,1,3,1,23,1,290,45.208333333333336,3.7285223367697595,17701.0,3,1,60+,High,Very High,9.0,0.20833333333333334,5,0.2
2166,1960,2n Cycle,Widow,46779.0,1,1,2013-07-12,55,12,1,3,0,0,7,1,0,1,2,4,0,0,0,0,0,0,3,11,64,23,2,3,1,3,0,352,5.75,0.06515580736543909,15593.0,2,0,60+,Medium,Low,1.3333333333333333,0.25,4,0.0
6634,1979,Master,Divorced,33462.0,1,0,2013-08-07,78,22,3,18,0,0,11,1,2,0,3,7,0,0,0,0,0,0,3,11,45,54,1,2,1,5,0,326,9.0,0.1651376146788991,16731.0,4,0,40-50,Low,Low,3.6666666666666665,0.16666666666666666,4,0.0
3056,1978,Graduation,Divorced,63693.0,0,1,2013-10-14,63,587,43,337,42,87,54,3,11,6,9,6,0,0,0,0,0,0,3,11,46,1150,1,2,1,26,0,258,42.592592592592595,4.44015444015444,31846.5,3,0,40-50,High,Very High,9.333333333333334,0.1111111111111111,6,0.0
5718,1950,Graduation,Married,80763.0,0,0,2013-08-15,17,674,168,108,192,42,231,1,5,11,6,3,0,0,1,1,0,0,3,11,74,1415,0,2,0,22,2,318,61.52173913043478,4.435736677115988,40381.5,3,1,60+,Very High,Very High,4.333333333333333,0.043478260869565216,6,0.4
6872,1974,PhD,Married,65352.0,0,1,2013-08-21,43,284,3,84,4,7,23,2,4,2,8,4,0,0,0,0,0,0,3,11,50,405,1,3,1,14,0,312,27.0,1.293929712460064,21784.0,5,1,40-50,High,High,4.0,0.13333333333333333,6,0.0
8164,1978,PhD,Married,82170.0,0,0,2013-11-25,13,1023,93,651,49,55,37,1,5,6,7,2,0,0,0,0,0,0,3,11,46,1908,0,2,0,18,0,216,100.42105263157895,8.7926267281106,41085.0,5,1,40-50,Very High,Very High,4.0,0.05263157894736842,6,0.0
9305,1976,2n Cycle,Single,79689.0,0,0,2013-05-12,65,311,26,640,180,37,121,1,4,9,13,2,0,0,0,0,0,0,3,11,48,1315,0,1,0,26,0,413,48.7037037037037,3.176328502415459,79689.0,2,0,40-50,Very High,Very High,3.3333333333333335,0.037037037037037035,6,0.0
453,1956,PhD,Widow,35340.0,1,1,2014-06-29,1,27,0,12,0,1,5,2,2,0,3,5,0,0,0,0,0,0,3,11,68,45,2,3,1,5,0,0,7.5,45.0,11780.0,5,0,60+,Low,Low,3.0,0.3333333333333333,4,0.0
8545,1954,Graduation,Divorced,85683.0,0,0,2014-03-21,6,1296,17,311,45,69,51,1,2,4,10,1,0,1,1,1,1,0,3,11,70,1789,0,1,0,16,4,100,105.23529411764706,17.712871287128714,85683.0,3,0,60+,Very High,Very High,1.6666666666666667,0.058823529411764705,6,0.8
9850,1972,2n Cycle,Married,24884.0,1,0,2012-11-29,32,3,6,7,0,0,3,1,0,0,3,7,0,0,0,0,0,0,3,11,52,19,1,3,1,3,0,577,4.75,0.0328719723183391,8294.666666666666,2,1,50-60,Low,Low,2.3333333333333335,0.25,4,0.0
7378,1981,Master,Together,42021.0,1,0,2012-08-31,34,393,5,136,7,5,27,5,10,1,6,9,1,0,0,0,0,0,3,11,43,573,1,3,1,17,1,667,31.833333333333332,0.8577844311377245,14007.0,4,1,40-50,Medium,High,9.666666666666666,0.2777777777777778,6,0.2
7646,1989,Graduation,Single,64449.0,1,0,2014-02-18,70,218,63,282,137,35,70,4,5,3,12,4,0,0,0,0,0,0,3,11,35,805,1,2,1,20,0,131,38.333333333333336,6.098484848484849,32224.5,3,0,30-40,High,High,4.666666666666667,0.19047619047619047,6,0.0
1640,1954,Graduation,Divorced,64587.0,1,1,2014-06-22,49,66,0,16,0,6,20,2,1,1,4,3,0,0,0,0,0,0,3,11,70,108,2,3,1,6,0,7,15.428571428571429,13.5,21529.0,3,0,60+,High,Medium,1.6666666666666667,0.2857142857142857,4,0.0
5184,1995,Graduation,Single,34824.0,0,0,2014-03-26,65,4,2,11,2,0,4,1,1,0,2,6,0,0,0,0,0,0,3,11,29,23,0,1,0,3,0,95,5.75,0.23958333333333334,34824.0,3,0,<30,Low,Low,2.6666666666666665,0.25,5,0.0
8492,1978,Graduation,Together,75437.0,0,0,2013-11-09,25,795,0,545,95,58,0,1,8,4,10,6,0,0,0,1,0,0,3,11,46,1493,0,2,0,22,1,232,64.91304347826087,6.407725321888412,37718.5,3,1,40-50,Very High,Very High,7.333333333333333,0.043478260869565216,4,0.2
11188,1957,Graduation,Together,26091.0,1,1,2014-02-25,84,15,10,19,8,17,20,3,2,1,3,5,0,0,0,0,0,0,3,11,67,89,2,4,1,6,0,124,12.714285714285714,0.712,6522.75,3,1,60+,Low,Medium,3.0,0.42857142857142855,6,0.0
1212,1973,Graduation,Married,52845.0,1,0,2013-08-13,7,384,25,292,130,41,64,3,8,8,6,6,1,0,0,0,0,0,3,11,51,936,1,3,1,22,1,320,40.69565217391305,2.9158878504672896,17615.0,3,1,50-60,High,High,7.333333333333333,0.13043478260869565,6,0.2
9097,1956,Graduation,Divorced,46086.0,0,1,2013-11-03,34,244,8,32,7,2,50,4,3,1,8,4,0,0,0,0,0,0,3,11,68,343,1,2,1,12,0,238,26.384615384615383,1.4351464435146444,23043.0,3,0,60+,Medium,Medium,3.3333333333333335,0.3076923076923077,6,0.0
10473,1956,PhD,Widow,78028.0,0,1,2012-09-10,38,158,19,288,25,0,38,1,6,4,9,7,0,1,1,0,0,0,3,11,68,528,1,2,1,19,2,657,26.4,0.8024316109422492,39014.0,5,0,60+,Very High,High,6.333333333333333,0.05,5,0.4
9984,1981,2n Cycle,Married,56337.0,1,1,2013-03-27,25,349,16,144,28,5,182,5,8,5,4,8,1,0,0,1,0,0,3,11,43,724,2,4,1,17,2,459,40.22222222222222,1.5739130434782609,14084.25,2,1,40-50,High,High,8.0,0.2777777777777778,6,0.4
5527,1987,Graduation,Together,22434.0,1,0,2013-02-13,25,4,12,11,3,13,15,2,2,0,3,8,0,0,0,0,0,0,3,11,37,58,1,3,1,5,0,501,9.666666666666666,0.11553784860557768,7478.0,3,1,30-40,Low,Low,4.0,0.3333333333333333,6,0.0
6374,1954,PhD,Married,36930.0,0,1,2013-05-17,50,223,2,31,0,2,39,5,5,2,4,8,0,0,0,0,0,0,3,11,70,297,1,3,1,11,0,408,24.75,0.726161369193154,12310.0,5,1,60+,Medium,Medium,6.0,0.4166666666666667,5,0.0
7453,1954,Graduation,Single,36130.0,0,1,2013-02-02,46,157,43,127,68,56,37,6,3,8,4,4,1,0,0,0,0,0,3,11,70,488,1,2,1,15,1,512,30.5,0.9512670565302144,18065.0,3,0,60+,Medium,High,3.3333333333333335,0.375,6,0.2
8952,1953,Master,Married,65569.0,0,1,2012-11-05,96,397,46,288,20,38,70,2,6,5,10,3,0,0,0,0,0,0,3,11,71,859,1,3,1,21,0,601,39.04545454545455,1.4269102990033222,21856.333333333332,4,1,60+,High,High,5.0,0.09090909090909091,6,0.0
241,1952,Graduation,Together,83844.0,0,0,2013-05-12,57,901,31,345,75,31,191,1,4,4,11,1,0,0,1,0,0,0,3,11,72,1574,0,2,0,19,1,413,78.7,3.8019323671497585,41922.0,3,1,60+,Very High,Very High,3.0,0.05,6,0.2
8975,1968,Graduation,Married,19514.0,1,1,2014-01-26,47,14,3,21,2,1,28,4,3,1,2,8,1,0,0,0,0,0,3,11,56,69,2,4,1,6,1,154,9.857142857142858,0.44516129032258067,4878.5,3,1,50-60,Low,Medium,4.666666666666667,0.5714285714285714,6,0.2
6119,1963,PhD,Single,36736.0,1,1,2013-05-10,52,10,0,3,0,0,4,1,1,0,2,6,0,0,0,0,0,0,3,11,61,17,2,3,1,3,0,415,4.25,0.040865384615384616,12245.333333333334,5,0,60+,Medium,Low,2.6666666666666665,0.25,3,0.0
5723,1976,PhD,Together,49187.0,0,1,2014-01-11,63,81,1,31,2,1,0,1,1,1,5,2,0,0,0,0,0,0,3,11,48,116,1,3,1,7,0,169,14.5,0.6823529411764706,16395.666666666668,5,1,40-50,Medium,Medium,1.3333333333333333,0.125,5,0.0
1710,1978,Graduation,Single,30168.0,1,0,2013-03-07,51,154,20,66,0,12,27,7,6,1,4,9,0,0,0,0,0,0,3,11,46,279,1,2,1,11,0,479,23.25,0.58125,15084.0,3,0,40-50,Low,Medium,7.0,0.5833333333333334,5,0.0
1970,1968,Master,Together,34053.0,0,1,2012-09-10,14,63,0,21,7,0,12,1,3,0,3,8,0,0,0,0,0,0,3,11,56,103,1,3,1,6,0,657,14.714285714285714,0.15653495440729484,11351.0,4,1,50-60,Low,Medium,4.666666666666667,0.14285714285714285,4,0.0
5313,1971,Master,Married,38196.0,1,1,2014-04-18,20,30,0,11,0,0,3,3,2,0,4,5,0,0,0,0,0,0,3,11,53,44,2,4,1,6,0,72,6.285714285714286,0.6027397260273972,9549.0,4,1,50-60,Medium,Low,3.0,0.42857142857142855,3,0.0
10634,1951,Master,Married,59412.0,0,0,2014-04-19,56,90,67,165,30,43,11,1,4,2,8,3,0,0,0,0,0,0,3,11,73,406,0,2,0,14,0,71,27.066666666666666,5.638888888888889,29706.0,4,1,60+,High,High,3.6666666666666665,0.06666666666666667,6,0.0
7010,1965,2n Cycle,Married,70924.0,0,0,2014-04-07,41,635,114,254,132,152,76,1,6,6,7,3,0,0,1,0,0,0,3,11,59,1363,0,2,0,19,1,83,68.15,16.226190476190474,35462.0,2,1,50-60,Very High,Very High,5.0,0.05,6,0.2
8562,1969,Graduation,Together,54165.0,0,0,2013-05-28,72,127,4,73,15,6,11,1,2,1,7,2,0,0,0,0,0,0,3,11,55,236,0,2,0,10,0,397,21.454545454545453,0.592964824120603,27082.5,3,1,50-60,High,Medium,2.0,0.09090909090909091,6,0.0
3158,1973,Graduation,Married,32300.0,1,0,2013-01-03,1,13,3,6,6,5,6,1,1,0,3,8,0,0,0,0,0,0,3,11,51,39,1,3,1,4,0,542,7.8,0.0718232044198895,10766.666666666666,3,1,50-60,Low,Low,3.3333333333333335,0.2,6,0.0
4436,1976,Graduation,Single,20180.0,0,0,2013-02-20,27,18,42,24,15,20,18,1,2,1,4,7,0,0,0,0,0,0,3,11,48,137,0,1,0,7,0,494,17.125,0.2767676767676768,20180.0,3,0,40-50,Low,Medium,3.6666666666666665,0.125,6,0.0
5287,1973,Graduation,Married,34961.0,1,0,2014-06-19,77,45,2,26,4,1,1,3,3,1,3,7,0,0,0,0,0,0,3,11,51,79,1,3,1,7,0,10,9.875,7.181818181818182,11653.666666666666,3,1,50-60,Low,Medium,4.333333333333333,0.375,6,0.0
2445,1974,PhD,Together,28440.0,1,0,2013-07-07,87,38,1,24,0,0,0,1,2,0,3,8,0,0,0,0,0,0,3,11,50,63,1,3,1,5,0,357,10.5,0.17597765363128492,9480.0,5,1,40-50,Low,Low,4.0,0.16666666666666666,3,0.0
6059,1953,PhD,Together,64504.0,1,2,2013-03-04,81,986,36,168,16,0,108,7,11,3,4,7,0,0,0,0,0,0,3,11,71,1314,3,5,1,18,0,482,69.15789473684211,2.720496894409938,12900.8,5,1,60+,High,Very High,9.666666666666666,0.3684210526315789,5,0.0
4550,1966,Master,Together,33564.0,0,1,2014-06-24,51,61,0,3,0,0,7,1,1,1,3,5,0,0,0,0,0,0,3,11,58,71,1,3,1,5,0,5,11.833333333333334,11.833333333333334,11188.0,4,1,50-60,Low,Medium,2.3333333333333335,0.16666666666666666,3,0.0
4240,1978,Graduation,Married,17345.0,1,0,2012-11-03,79,4,9,16,17,0,12,2,2,1,2,8,0,0,0,0,0,0,3,11,46,58,1,3,1,5,0,603,9.666666666666666,0.09602649006622517,5781.666666666667,3,1,40-50,Low,Low,4.0,0.3333333333333333,5,0.0
8911,1967,PhD,Married,56320.0,0,1,2013-04-08,11,201,53,172,116,77,83,3,5,4,9,4,0,0,0,0,0,0,3,11,57,702,1,3,1,18,0,447,36.94736842105263,1.5669642857142858,18773.333333333332,5,1,50-60,High,High,4.666666666666667,0.15789473684210525,6,0.0
3706,1978,Graduation,Single,28647.0,1,0,2013-08-21,54,19,8,29,0,12,26,1,2,2,2,7,1,0,0,0,0,0,3,11,46,94,1,2,1,6,1,312,13.428571428571429,0.3003194888178914,14323.5,3,0,40-50,Low,Medium,3.6666666666666665,0.14285714285714285,5,0.2
3628,1987,Basic,Single,15038.0,1,0,2013-01-29,93,4,8,11,19,12,26,2,2,1,2,9,0,0,0,0,0,0,3,11,37,80,1,2,1,5,0,516,13.333333333333334,0.15473887814313347,7519.0,1,0,30-40,Low,Medium,4.333333333333333,0.3333333333333333,6,0.0
10175,1958,PhD,Divorced,32173.0,0,1,2013-08-01,0,18,0,2,0,0,2,1,1,0,3,4,0,0,0,0,0,0,3,11,66,22,1,2,1,4,0,332,4.4,0.06606606606606606,16086.5,5,0,60+,Low,Low,2.0,0.2,3,0.0
8985,1964,2n Cycle,Together,68316.0,0,1,2012-11-04,54,806,80,161,120,11,33,5,10,7,10,6,0,0,0,0,0,0,3,11,60,1211,1,3,1,27,0,602,43.25,2.0082918739635156,22772.0,2,1,50-60,Very High,Very High,8.666666666666666,0.17857142857142858,6,0.0
5204,1971,Graduation,Together,74538.0,0,0,2013-06-29,21,380,98,733,110,112,28,1,8,8,5,3,0,0,1,0,0,0,3,11,53,1461,0,2,0,21,1,365,66.4090909090909,3.9918032786885247,37269.0,3,1,50-60,Very High,Very High,6.333333333333333,0.045454545454545456,6,0.2
9220,1971,Graduation,Single,91700.0,0,0,2013-01-17,58,576,172,961,125,115,19,1,8,6,5,3,0,0,0,0,0,0,3,11,53,1968,0,1,0,19,0,528,98.4,3.720226843100189,91700.0,3,0,50-60,Very High,Very High,6.333333333333333,0.05,6,0.0
9888,1969,Graduation,Together,68695.0,0,0,2014-06-25,3,458,81,356,106,50,40,1,4,4,7,2,0,0,0,0,0,0,3,11,55,1091,0,2,0,15,0,4,68.1875,218.2,34347.5,3,1,50-60,Very High,Very High,3.3333333333333335,0.0625,6,0.0
5263,1977,2n Cycle,Married,31056.0,1,0,2013-01-22,99,5,10,13,3,8,16,1,1,0,3,8,0,0,0,0,0,0,3,11,47,55,1,3,1,4,0,523,11.0,0.1049618320610687,10352.0,2,1,40-50,Low,Low,3.3333333333333335,0.2,6,0.0
1020,1973,Graduation,Married,79593.0,0,0,2014-05-12,70,350,60,568,110,133,145,1,5,6,7,2,0,0,1,0,0,0,3,11,51,1366,0,2,0,18,1,48,71.89473684210526,27.877551020408163,39796.5,3,1,50-60,Very High,Very High,4.0,0.05263157894736842,6,0.2
9503,1980,Graduation,Single,28071.0,0,0,2012-08-29,65,39,33,130,41,26,44,2,5,1,5,8,0,0,0,0,0,0,3,11,44,313,0,1,0,11,0,669,26.083333333333332,0.4671641791044776,28071.0,3,0,40-50,Low,Medium,6.0,0.16666666666666666,6,0.0
10613,1958,PhD,Together,37334.0,1,1,2014-02-26,44,26,1,16,2,2,15,4,3,0,4,4,0,0,0,0,0,0,3,11,66,62,2,4,1,7,0,123,7.75,0.5,9333.5,5,1,60+,Medium,Low,3.3333333333333335,0.5,6,0.0
67,1972,Master,Single,46423.0,1,1,2013-09-18,6,68,0,16,0,0,8,3,2,0,4,7,0,0,0,0,0,0,3,11,52,92,2,3,1,6,0,284,13.142857142857142,0.32280701754385965,15474.333333333334,4,0,50-60,Medium,Medium,3.6666666666666665,0.42857142857142855,3,0.0
6019,1971,PhD,Married,37126.0,1,0,2014-03-30,9,45,3,9,4,4,7,1,1,2,2,6,1,0,0,0,0,0,3,11,53,72,1,3,1,5,1,91,12.0,0.782608695652174,12375.333333333334,5,1,50-60,Medium,Medium,2.6666666666666665,0.16666666666666666,6,0.2
5863,1953,Graduation,Married,47703.0,0,1,2013-05-29,95,359,0,134,13,26,123,4,6,3,8,5,0,0,0,0,0,0,3,11,71,655,1,3,1,17,0,396,36.388888888888886,1.649874055415617,15901.0,3,1,60+,Medium,High,5.666666666666667,0.2222222222222222,5,0.0
3717,1959,Graduation,Married,61180.0,0,1,2014-04-23,70,403,24,29,6,24,218,2,5,5,6,3,1,0,0,0,0,0,3,11,65,704,1,3,1,16,1,67,41.411764705882355,10.352941176470589,20393.333333333332,3,1,60+,High,High,4.333333333333333,0.11764705882352941,6,0.2
6730,1954,Graduation,Married,38998.0,1,1,2012-11-03,92,34,1,14,0,0,5,3,2,0,3,8,0,0,0,0,0,1,3,11,70,54,2,4,1,5,0,603,9.0,0.08940397350993377,9749.5,3,1,60+,Medium,Low,4.0,0.5,4,0.0
10749,1991,Graduation,Single,8028.0,0,0,2012-09-18,62,73,18,66,7,12,2,15,0,1,0,19,0,0,0,0,0,0,3,11,33,178,0,1,0,1,0,649,89.0,0.27384615384615385,8028.0,3,0,30-40,Low,Medium,6.333333333333333,7.5,6,0.0
4998,1962,Graduation,Together,76081.0,0,0,2014-05-23,85,292,30,415,63,33,200,1,4,5,4,2,0,0,0,1,0,0,3,11,62,1033,0,2,0,13,1,37,73.78571428571429,27.18421052631579,38040.5,3,1,60+,Very High,High,3.3333333333333335,0.07142857142857142,6,0.2
6287,1986,Graduation,Together,34728.0,1,0,2013-07-30,2,14,0,16,0,0,6,1,1,1,2,6,0,0,0,0,0,0,3,11,38,36,1,3,1,4,0,334,7.2,0.10746268656716418,11576.0,3,1,30-40,Low,Low,2.6666666666666665,0.2,3,0.0
5985,1965,Master,Single,33168.0,0,1,2012-10-13,0,80,1,37,0,1,3,3,2,1,4,7,0,0,0,0,0,0,3,11,59,122,1,2,1,7,0,624,15.25,0.1952,16584.0,4,0,50-60,Low,Medium,3.6666666666666665,0.375,5,0.0
4754,1966,Master,Married,33585.0,0,1,2013-09-25,91,30,11,33,13,6,29,1,2,0,4,4,0,0,0,0,0,0,3,11,58,122,1,3,1,6,0,277,17.428571428571427,0.43884892086330934,11195.0,4,1,50-60,Low,Medium,2.6666666666666665,0.14285714285714285,6,0.0
4002,1960,PhD,Married,77037.0,0,1,2013-10-13,3,463,96,333,168,53,10,1,7,7,12,3,0,0,0,0,0,0,3,11,64,1123,1,3,1,26,0,259,41.592592592592595,4.319230769230769,25679.0,5,1,60+,Very High,Very High,5.666666666666667,0.037037037037037035,6,0.0
8870,1984,Graduation,Together,35196.0,1,0,2012-11-13,68,75,12,141,43,39,187,6,6,1,5,8,0,0,0,0,0,0,3,11,40,497,1,3,1,12,0,593,38.23076923076923,0.8367003367003367,11732.0,3,1,30-40,Low,High,6.666666666666667,0.46153846153846156,6,0.0
966,1966,Graduation,Married,44529.0,0,1,2013-07-05,98,538,13,91,17,6,26,6,6,2,11,5,0,1,0,0,0,0,3,11,58,691,1,3,1,19,1,359,34.55,1.9194444444444445,14843.0,3,1,50-60,Medium,High,5.666666666666667,0.3,6,0.2
4767,1965,2n Cycle,Married,70924.0,0,0,2014-04-07,41,635,114,254,132,152,76,1,6,6,7,3,0,0,1,0,0,0,3,11,59,1363,0,2,0,19,1,83,68.15,16.226190476190474,35462.0,2,1,50-60,Very High,Very High,5.0,0.05,6,0.2
5740,1970,2n Cycle,Divorced,25959.0,1,1,2013-02-14,1,4,2,12,7,5,26,2,1,2,2,6,0,0,0,0,0,0,3,11,54,56,2,3,1,5,0,500,9.333333333333334,0.11177644710578842,8653.0,2,0,50-60,Low,Low,2.6666666666666665,0.3333333333333333,6,0.0
5731,1983,Master,Married,27100.0,1,0,2013-04-05,64,12,0,13,2,0,10,1,1,0,3,7,0,0,0,0,0,0,3,11,41,37,1,3,1,4,0,450,7.4,0.082039911308204,9033.333333333334,4,1,40-50,Low,Low,3.0,0.2,4,0.0
7290,1985,Graduation,Single,70596.0,0,0,2012-10-05,68,347,44,534,17,0,26,1,3,5,12,2,0,0,0,0,0,0,3,11,39,968,0,1,0,20,0,632,46.095238095238095,1.529225908372828,70596.0,3,0,30-40,Very High,High,2.6666666666666665,0.047619047619047616,5,0.0
3846,1974,Graduation,Married,42557.0,0,1,2012-08-29,98,192,5,53,0,5,15,4,6,1,4,8,0,0,0,0,0,0,3,11,50,270,1,3,1,11,0,669,22.5,0.40298507462686567,14185.666666666666,3,1,40-50,Medium,Medium,6.666666666666667,0.3333333333333333,5,0.0
8104,1951,PhD,Married,53312.0,0,0,2013-08-09,32,241,0,12,0,0,25,1,5,1,5,7,0,0,0,0,0,0,3,11,73,278,0,2,0,11,0,324,23.166666666666668,0.8553846153846154,26656.0,5,1,60+,High,Medium,5.666666666666667,0.08333333333333333,3,0.0
4507,1952,Graduation,Single,72228.0,0,0,2012-11-27,87,631,28,491,30,14,56,1,6,7,8,3,0,0,0,0,0,0,3,11,72,1250,0,1,0,21,0,579,56.81818181818182,2.1551724137931036,72228.0,3,0,60+,Very High,Very High,5.0,0.045454545454545456,6,0.0
11013,1987,Graduation,Together,67605.0,0,0,2013-03-31,84,336,28,282,184,54,54,1,2,8,6,1,0,0,0,0,0,0,3,11,37,938,0,2,0,16,0,455,55.1764705882353,2.057017543859649,33802.5,3,1,30-40,High,High,1.6666666666666667,0.058823529411764705,6,0.0
4491,1949,Master,Married,62845.0,1,1,2012-10-01,3,1099,0,45,0,0,34,11,3,4,10,8,0,1,0,0,0,0,3,11,75,1178,2,4,1,17,1,636,65.44444444444444,1.8492935635792778,15711.25,4,1,60+,High,Very High,4.666666666666667,0.6111111111111112,3,0.2
3759,1958,Graduation,Together,65196.0,0,2,2013-07-25,34,743,19,181,12,0,200,2,7,6,11,5,1,0,0,0,0,0,3,11,66,1155,2,4,1,24,1,339,46.2,3.3970588235294117,16299.0,3,1,60+,High,Very High,6.333333333333333,0.08,5,0.2
1162,1987,PhD,Single,42000.0,0,0,2013-01-10,23,124,83,267,85,59,35,2,5,2,11,5,0,0,0,0,0,0,3,11,37,653,0,1,0,18,0,535,34.36842105263158,1.2182835820895523,42000.0,5,0,30-40,Medium,High,5.0,0.10526315789473684,6,0.0
2055,1973,PhD,Divorced,35860.0,1,1,2014-05-19,37,15,0,8,4,2,20,2,1,1,2,5,1,0,0,0,0,0,3,11,51,49,2,3,1,4,1,41,9.8,1.1666666666666667,11953.333333333334,5,0,50-60,Medium,Low,2.3333333333333335,0.4,5,0.2
10766,1964,PhD,Married,65526.0,0,1,2014-04-11,22,397,19,69,12,0,9,1,4,4,8,2,0,0,0,0,0,0,3,11,60,506,1,3,1,16,0,79,29.764705882352942,6.325,21842.0,5,1,50-60,High,High,3.3333333333333335,0.058823529411764705,5,0.0
4415,1961,Graduation,Married,16860.0,1,1,2012-09-12,19,10,4,4,3,3,14,3,1,1,3,7,0,0,0,0,0,0,3,11,63,38,2,4,1,5,0,655,6.333333333333333,0.057926829268292686,4215.0,3,1,60+,Low,Low,3.0,0.5,6,0.0
3005,1992,Graduation,Single,83528.0,0,0,2014-05-01,7,530,117,678,134,44,147,1,4,10,8,1,1,0,0,1,0,0,3,11,32,1650,0,1,0,22,2,59,71.73913043478261,27.5,83528.0,3,0,30-40,Very High,Very High,3.0,0.043478260869565216,6,0.4
2223,1965,2n Cycle,Divorced,64176.0,0,1,2012-08-03,52,1215,33,249,64,116,149,8,8,9,8,6,0,0,0,0,0,0,3,11,59,1826,1,2,1,25,0,695,70.23076923076923,2.6235632183908044,32088.0,2,0,50-60,High,Very High,7.333333333333333,0.3076923076923077,6,0.0
4817,1956,Graduation,Divorced,22304.0,0,0,2012-08-04,91,3,2,7,0,4,2,1,1,0,2,8,0,0,0,0,0,0,3,11,68,18,0,1,0,3,0,694,4.5,0.025899280575539568,22304.0,3,0,60+,Low,Low,3.3333333333333335,0.25,5,0.0
2875,1978,Graduation,Married,67023.0,0,0,2014-03-04,93,444,44,382,11,8,17,1,3,7,13,2,0,0,0,0,0,1,3,11,46,906,0,2,0,23,0,117,37.75,7.677966101694915,33511.5,3,1,40-50,High,High,2.6666666666666665,0.041666666666666664,6,0.0
10536,1971,PhD,Together,32892.0,1,0,2014-05-25,78,26,0,15,2,1,2,2,3,0,3,8,0,0,0,0,0,0,3,11,53,46,1,3,1,6,0,35,6.571428571428571,1.2777777777777777,10964.0,5,1,50-60,Low,Low,4.666666666666667,0.2857142857142857,5,0.0
11112,1966,Graduation,Together,70713.0,0,1,2012-12-03,23,736,114,279,82,76,190,6,5,6,8,3,0,0,0,0,0,0,3,11,58,1477,1,3,1,19,0,573,73.85,2.573170731707317,23571.0,3,1,50-60,Very High,Very High,4.333333333333333,0.3,6,0.0
3807,1955,Graduation,Together,59925.0,0,1,2012-11-30,83,473,21,176,19,21,56,3,9,2,9,6,0,0,0,0,0,0,3,11,69,766,1,3,1,20,0,576,36.476190476190474,1.3275563258232235,19975.0,3,1,60+,High,High,8.0,0.14285714285714285,6,0.0
9197,1953,Graduation,Married,39722.0,0,1,2014-02-24,92,32,0,5,2,0,8,2,2,0,3,5,0,0,0,0,0,0,3,11,71,47,1,3,1,5,0,125,7.833333333333333,0.373015873015873,13240.666666666666,3,1,60+,Medium,Low,3.0,0.3333333333333333,4,0.0
10832,1958,Graduation,Together,46610.0,0,0,2013-07-18,4,288,10,30,4,10,125,1,6,1,6,6,0,0,0,0,0,0,3,11,66,467,0,2,0,13,0,346,33.357142857142854,1.345821325648415,23305.0,3,1,60+,Medium,High,6.0,0.07142857142857142,6,0.0
6421,1961,Graduation,Together,88347.0,0,0,2013-07-03,32,1050,178,555,77,138,118,1,4,7,9,1,0,0,0,1,0,0,3,11,63,2116,0,2,0,20,1,361,100.76190476190476,5.845303867403315,44173.5,3,1,60+,Very High,Very High,3.0,0.047619047619047616,6,0.2
4207,1981,PhD,Married,87171.0,0,0,2013-05-01,27,1001,44,107,58,44,44,1,6,7,11,2,1,0,1,0,0,0,3,11,43,1298,0,2,0,24,2,424,51.92,3.0541176470588236,43585.5,5,1,40-50,Very High,Very High,4.666666666666667,0.04,6,0.4
577,1976,2n Cycle,Together,26907.0,1,1,2013-08-20,10,9,1,7,0,3,2,2,1,0,3,7,0,0,0,0,0,0,3,11,48,22,2,4,1,4,0,313,4.4,0.07006369426751592,6726.75,2,1,40-50,Low,Low,3.0,0.4,5,0.0
10855,1968,Master,Single,50014.0,1,0,2014-01-22,9,234,14,77,19,10,42,2,4,1,8,5,0,0,0,0,0,0,3,11,56,396,1,2,1,13,0,158,28.285714285714285,2.490566037735849,25007.0,4,0,50-60,Medium,Medium,4.333333333333333,0.14285714285714285,6,0.0
3081,1978,PhD,Married,41014.0,1,0,2013-04-22,65,7,2,6,2,0,3,1,1,0,2,7,0,0,0,0,0,0,3,11,46,20,1,3,1,3,0,433,5.0,0.04608294930875576,13671.333333333334,5,1,40-50,Medium,Low,3.0,0.25,5,0.0
3535,1965,Graduation,Single,66294.0,0,0,2014-03-17,68,251,108,334,65,92,117,1,4,3,5,2,0,0,0,0,0,0,3,11,59,967,0,1,0,12,0,104,74.38461538461539,9.209523809523809,66294.0,3,0,50-60,High,High,3.3333333333333335,0.07692307692307693,6,0.0
247,1971,Graduation,Married,36715.0,1,0,2012-11-17,16,172,10,125,21,13,16,6,7,2,4,9,0,0,0,0,0,0,3,11,53,357,1,3,1,13,0,589,25.5,0.6050847457627119,12238.333333333334,3,1,50-60,Medium,Medium,7.666666666666667,0.42857142857142855,6,0.0
8707,1956,Graduation,Married,79456.0,0,0,2012-08-22,12,565,42,548,64,83,99,1,5,6,4,3,0,0,0,0,0,0,3,11,68,1401,0,2,0,15,0,676,87.5625,2.069423929098966,39728.0,3,1,60+,Very High,Very High,4.333333333333333,0.0625,6,0.0
9523,1982,Graduation,Together,40479.0,1,0,2013-08-17,95,5,0,8,2,0,0,1,0,0,3,4,0,0,0,0,0,0,3,11,42,15,1,3,1,3,0,316,3.75,0.0473186119873817,13493.0,3,1,40-50,Medium,Low,1.3333333333333333,0.25,3,0.0
6072,1970,Master,Single,75345.0,0,0,2013-02-02,16,918,57,842,99,38,133,1,5,8,6,3,0,0,0,1,0,0,3,11,54,2087,0,1,0,19,1,512,104.35,4.0682261208577,75345.0,4,0,50-60,Very High,Very High,4.333333333333333,0.05,6,0.2
6295,1977,Graduation,Married,54233.0,0,1,2013-02-04,46,652,8,158,21,0,142,4,11,6,5,8,0,0,0,0,0,0,3,11,47,981,1,3,1,22,0,510,42.65217391304348,1.9197651663405089,18077.666666666668,3,1,40-50,High,High,10.0,0.17391304347826086,5,0.0
10914,1970,Graduation,Single,24163.0,1,1,2013-10-12,3,4,1,7,2,1,2,2,1,0,3,4,0,0,0,0,0,0,3,11,54,17,2,3,1,4,0,260,3.4,0.06513409961685823,8054.333333333333,3,0,50-60,Low,Low,2.0,0.4,6,0.0
1509,1958,PhD,Together,84460.0,0,0,2013-01-04,80,152,27,103,106,54,81,0,9,9,4,5,0,1,1,1,1,0,3,11,66,523,0,2,0,22,4,541,22.73913043478261,0.9649446494464945,42230.0,5,1,60+,Very High,High,7.666666666666667,0.0,6,0.8
5577,1983,Graduation,Together,43776.0,1,0,2014-05-03,77,8,0,9,2,1,3,1,1,0,2,6,0,0,0,0,0,0,3,11,41,23,1,3,1,3,0,57,5.75,0.39655172413793105,14592.0,3,1,40-50,Medium,Low,2.6666666666666665,0.25,5,0.0
7348,1958,PhD,Single,71691.0,0,0,2014-03-17,0,336,130,411,240,32,43,1,4,7,5,2,0,0,0,0,0,0,3,11,66,1192,0,1,0,16,0,104,70.11764705882354,11.352380952380953,71691.0,5,0,60+,Very High,Very High,3.3333333333333335,0.058823529411764705,6,0.0
1127,1973,PhD,Married,85844.0,0,0,2014-05-29,62,938,19,843,25,95,38,1,6,6,7,2,0,0,1,0,0,0,3,11,51,1958,0,2,0,19,1,31,97.9,61.1875,42922.0,5,1,50-60,Very High,Very High,4.666666666666667,0.05,6,0.2
1833,1974,PhD,Single,39190.0,1,0,2014-04-26,91,68,8,18,19,8,12,2,2,1,4,5,0,0,0,0,0,0,3,11,50,133,1,2,1,7,0,64,16.625,2.046153846153846,19595.0,5,0,40-50,Medium,Medium,3.0,0.25,6,0.0
4944,1959,Graduation,Together,71367.0,0,0,2013-08-23,24,227,23,389,42,21,75,1,4,5,7,2,0,0,0,0,0,0,3,11,65,777,0,2,0,16,0,310,45.705882352941174,2.4983922829581995,35683.5,3,1,60+,Very High,High,3.3333333333333335,0.058823529411764705,6,0.0
9080,1972,PhD,Single,38578.0,1,1,2013-06-22,2,38,4,22,3,3,3,3,3,0,3,8,0,0,0,0,0,0,3,11,52,73,2,3,1,6,0,372,10.428571428571429,0.19571045576407506,12859.333333333334,5,0,50-60,Medium,Medium,4.666666666666667,0.42857142857142855,6,0.0
6466,1965,PhD,Married,57236.0,1,1,2014-03-12,22,105,0,9,2,1,4,3,2,1,4,3,0,0,0,0,0,0,3,11,59,121,2,4,1,7,0,109,15.125,1.1,14309.0,5,1,50-60,High,Medium,2.3333333333333335,0.375,5,0.0
9964,1979,Graduation,Single,61825.0,0,1,2013-08-07,56,162,50,100,55,30,27,1,4,2,8,4,0,0,0,0,0,0,3,11,45,424,1,2,1,14,0,326,28.266666666666666,1.2966360856269112,30912.5,3,0,40-50,High,High,4.0,0.06666666666666667,6,0.0
4790,1958,Graduation,Divorced,79803.0,0,1,2014-06-02,54,574,8,216,21,16,33,1,4,3,5,1,0,0,0,0,0,0,3,11,66,868,1,2,1,12,0,27,66.76923076923077,31.0,39901.5,3,0,60+,Very High,High,3.0,0.07692307692307693,6,0.0
10245,1986,2n Cycle,Single,80910.0,0,0,2012-10-31,71,160,80,369,67,39,41,1,3,3,8,1,0,0,0,0,0,0,3,11,38,756,0,1,0,14,0,606,50.4,1.2454695222405272,80910.0,2,0,30-40,Very High,High,2.3333333333333335,0.06666666666666667,6,0.0
6001,1979,Graduation,Married,56775.0,0,1,2013-01-02,62,614,35,160,58,35,35,2,5,8,10,5,0,0,0,0,0,0,3,11,45,937,1,3,1,23,0,543,39.041666666666664,1.7224264705882353,18925.0,3,1,40-50,High,High,5.0,0.08333333333333333,6,0.0
5538,1975,Graduation,Divorced,83829.0,0,0,2013-10-08,78,897,161,430,186,161,27,0,4,7,6,1,1,0,1,1,0,0,3,11,49,1862,0,1,0,17,3,264,103.44444444444444,7.026415094339622,83829.0,3,0,40-50,Very High,Very High,3.0,0.0,6,0.6
10552,1979,2n Cycle,Married,54210.0,0,1,2013-05-20,18,70,54,109,80,9,45,2,4,1,7,5,0,0,0,0,0,0,3,11,45,367,1,3,1,12,0,405,28.23076923076923,0.9039408866995073,18070.0,2,1,40-50,High,Medium,4.333333333333333,0.15384615384615385,6,0.0
1545,1986,Graduation,Married,38508.0,1,0,2013-08-02,95,120,19,206,25,19,54,6,7,2,5,8,0,0,0,0,0,0,3,11,38,443,1,3,1,14,0,331,29.533333333333335,1.3343373493975903,12836.0,3,1,30-40,Medium,High,7.333333333333333,0.4,6,0.0
7409,1970,Graduation,Together,53187.0,1,0,2013-10-26,66,211,2,30,7,7,10,2,4,1,6,5,0,0,0,0,0,0,3,11,54,267,1,3,1,11,0,246,22.25,1.0809716599190284,17729.0,3,1,50-60,High,Medium,4.333333333333333,0.16666666666666666,6,0.0
4444,1972,Graduation,Married,30023.0,1,0,2014-03-24,28,11,0,16,7,6,21,1,2,0,3,8,0,0,0,0,0,0,3,11,52,61,1,3,1,5,0,97,10.166666666666666,0.6224489795918368,10007.666666666666,3,1,50-60,Low,Low,4.0,0.16666666666666666,5,0.0
146,1960,PhD,Single,76045.0,0,0,2013-11-15,78,760,53,400,17,93,0,1,4,5,11,2,0,0,0,1,0,0,3,11,64,1323,0,1,0,20,1,226,63.0,5.828193832599119,76045.0,5,0,60+,Very High,Very High,3.3333333333333335,0.047619047619047616,5,0.2
6271,1952,PhD,Married,50870.0,0,1,2014-06-19,13,53,0,8,0,0,2,1,2,0,3,5,0,0,0,0,0,0,3,11,72,63,1,3,1,5,0,10,10.5,5.7272727272727275,16956.666666666668,5,1,60+,Medium,Low,3.0,0.16666666666666666,3,0.0
10065,1970,2n Cycle,Married,15315.0,0,0,2013-08-03,27,7,4,13,15,8,17,2,2,0,4,5,0,0,0,0,0,0,3,11,54,64,0,2,0,6,0,330,9.142857142857142,0.1933534743202417,7657.5,2,1,50-60,Low,Low,3.0,0.2857142857142857,6,0.0
4741,1974,2n Cycle,Married,65463.0,1,0,2014-01-30,17,391,32,70,21,32,16,2,6,2,9,5,0,1,0,0,0,0,3,11,50,562,1,3,1,17,1,150,31.22222222222222,3.7218543046357615,21821.0,2,1,40-50,High,High,5.666666666666667,0.1111111111111111,6,0.2
246,1965,Graduation,Married,66480.0,1,1,2014-05-31,71,199,9,57,20,21,6,7,4,1,7,4,0,0,0,0,0,0,3,11,59,312,2,4,1,12,0,29,24.0,10.4,16620.0,3,1,50-60,High,Medium,4.0,0.5384615384615384,6,0.0
375,1954,Graduation,Divorced,76773.0,0,0,2013-02-25,79,516,56,449,86,33,16,1,2,2,11,1,0,0,0,0,0,0,3,11,70,1156,0,1,0,15,0,489,72.25,2.3591836734693876,76773.0,3,0,60+,Very High,Very High,1.6666666666666667,0.0625,6,0.0
1524,1983,2n Cycle,Single,81698.0,0,0,2013-03-01,1,709,45,115,30,160,45,1,8,2,5,5,0,0,0,1,0,0,3,11,41,1104,0,1,0,15,1,485,69.0,2.271604938271605,81698.0,2,0,40-50,Very High,Very High,7.0,0.0625,6,0.2
10022,1973,PhD,Single,54466.0,1,1,2014-02-09,78,12,0,4,0,0,0,1,1,0,2,5,0,0,0,0,0,0,3,11,51,16,2,3,1,3,0,140,4.0,0.11347517730496454,18155.333333333332,5,0,50-60,High,Low,2.3333333333333335,0.25,2,0.0
11010,1984,PhD,Single,16269.0,1,0,2013-08-30,75,19,3,18,3,1,0,3,3,0,3,8,0,0,0,0,0,0,3,11,40,44,1,2,1,6,0,303,6.285714285714286,0.14473684210526316,8134.5,5,0,30-40,Low,Low,4.666666666666667,0.42857142857142855,5,0.0
4356,1971,Graduation,Together,71819.0,0,1,2013-08-28,70,1224,28,140,0,14,168,3,3,3,5,6,0,1,1,0,0,0,3,11,53,1574,1,3,1,11,2,305,131.16666666666666,5.143790849673203,23939.666666666668,3,1,50-60,Very High,Very High,4.0,0.25,5,0.4
3885,1983,PhD,Married,33569.0,1,0,2013-10-16,10,16,2,18,3,0,24,1,1,1,2,8,1,0,0,0,0,0,3,11,41,63,1,3,1,4,1,256,12.6,0.245136186770428,11189.666666666666,5,1,40-50,Low,Low,3.3333333333333335,0.2,5,0.2
1175,1983,Master,Married,36262.0,0,0,2013-09-20,24,88,39,54,64,28,153,1,3,5,3,6,1,0,0,0,0,0,3,11,41,426,0,2,0,11,1,282,35.5,1.5053003533568905,18131.0,4,1,40-50,Medium,High,4.0,0.08333333333333333,6,0.2
880,1966,Basic,Together,22634.0,0,0,2013-01-16,47,2,23,11,8,6,46,1,2,1,2,8,0,0,0,0,0,0,3,11,58,96,0,2,0,5,0,529,16.0,0.1811320754716981,11317.0,1,1,50-60,Low,Medium,4.0,0.16666666666666666,6,0.0
2320,1978,2n Cycle,Married,47025.0,0,1,2013-09-12,98,508,11,59,23,5,29,5,11,1,6,9,0,0,0,0,0,0,3,11,46,635,1,3,1,18,0,290,33.421052631578945,2.1821305841924397,15675.0,2,1,40-50,Medium,High,10.333333333333334,0.2631578947368421,6,0.0
850,1968,Graduation,Single,70566.0,0,1,2013-10-06,4,381,28,215,84,28,21,2,6,5,9,3,0,0,0,0,0,0,3,11,56,757,1,2,1,20,0,266,36.04761904761905,2.8352059925093633,35283.0,3,0,50-60,Very High,High,5.0,0.09523809523809523,6,0.0
4713,1979,PhD,Married,31605.0,1,0,2012-11-22,15,74,0,42,2,1,6,2,2,1,4,7,0,0,0,0,0,0,3,11,45,125,1,3,1,7,0,584,15.625,0.21367521367521367,10535.0,5,1,40-50,Low,Medium,3.6666666666666665,0.25,5,0.0
675,1973,Master,Divorced,52034.0,1,1,2013-05-17,67,146,0,93,7,13,73,5,4,2,5,7,0,0,0,0,0,0,3,11,51,332,2,3,1,11,0,408,27.666666666666668,0.8117359413202934,17344.666666666668,4,0,50-60,High,Medium,5.0,0.4166666666666667,5,0.0
5025,1979,Graduation,Single,48526.0,1,0,2013-12-24,32,23,17,23,43,20,9,1,2,1,4,3,0,0,0,0,0,0,3,11,45,135,1,2,1,7,0,187,16.875,0.7180851063829787,24263.0,3,0,40-50,Medium,Medium,2.3333333333333335,0.125,6,0.0
2308,1954,Graduation,Married,46734.0,0,1,2012-11-18,40,110,5,137,26,23,29,2,6,1,5,7,0,0,0,0,0,0,3,11,70,330,1,3,1,12,0,588,25.384615384615383,0.5602716468590832,15578.0,3,1,60+,Medium,Medium,6.333333333333333,0.15384615384615385,6,0.0
5995,1962,Graduation,Divorced,39552.0,1,1,2012-12-18,54,165,3,147,4,24,41,7,6,2,5,8,0,0,0,0,0,0,3,11,62,384,2,3,1,13,0,558,27.428571428571427,0.6869409660107334,13184.0,3,0,60+,Medium,Medium,6.666666666666667,0.5,6,0.0
6749,1966,Graduation,Single,86358.0,1,1,2012-08-08,78,957,47,494,82,47,95,4,5,3,6,8,0,0,0,0,0,0,3,11,58,1722,2,3,1,14,0,690,114.8,2.492040520984081,28786.0,3,0,50-60,Very High,Very High,6.0,0.26666666666666666,6,0.0
1010,1977,Graduation,Together,46931.0,2,1,2014-04-24,94,41,0,17,3,1,16,2,1,1,3,3,0,0,0,0,0,0,3,11,47,78,3,5,1,5,0,66,13.0,1.164179104477612,9386.2,3,1,40-50,Medium,Medium,1.6666666666666667,0.3333333333333333,5,0.0
8977,1985,Basic,Single,16581.0,0,0,2013-01-12,51,1,3,4,2,3,11,1,0,0,3,4,0,0,0,0,0,0,3,11,39,24,0,1,0,3,0,533,6.0,0.0449438202247191,16581.0,1,0,30-40,Low,Low,1.3333333333333333,0.25,6,0.0
4756,1952,2n Cycle,Divorced,63998.0,0,0,2013-12-20,42,176,29,818,0,33,112,1,7,6,11,4,0,0,0,0,0,0,3,11,72,1168,0,1,0,24,0,191,46.72,6.083333333333333,63998.0,2,0,60+,High,Very High,6.0,0.04,5,0.0
3412,1951,Master,Married,67381.0,0,1,2013-01-15,67,815,8,53,11,0,70,4,2,2,9,7,0,1,0,0,0,0,3,11,73,957,1,3,1,13,1,530,68.35714285714286,1.8022598870056497,22460.333333333332,4,1,60+,High,High,3.6666666666666665,0.2857142857142857,5,0.2
606,1967,Graduation,Single,25930.0,1,1,2013-10-10,87,6,1,2,2,0,4,1,1,0,2,7,0,0,0,0,0,0,3,11,57,15,2,3,1,3,0,262,3.75,0.057034220532319393,8643.333333333334,3,0,50-60,Low,Low,3.0,0.25,5,0.0
5961,1978,Graduation,Married,42693.0,1,0,2014-06-07,29,8,4,20,6,3,16,1,1,0,3,5,0,0,0,0,0,0,3,11,46,57,1,3,1,4,0,22,11.4,2.4782608695652173,14231.0,3,1,40-50,Medium,Low,2.3333333333333335,0.2,6,0.0
2975,1976,Graduation,Together,85606.0,0,1,2012-11-12,89,717,42,864,219,30,84,2,6,7,9,3,0,0,0,1,0,0,3,11,48,1956,1,3,1,22,1,594,85.04347826086956,3.287394957983193,28535.333333333332,3,1,40-50,Very High,Very High,5.0,0.08695652173913043,6,0.2
2894,1985,Graduation,Single,72903.0,0,0,2013-10-29,74,1067,138,750,0,19,39,1,7,5,8,4,0,1,1,1,0,0,3,11,39,2013,0,1,0,20,3,243,95.85714285714286,8.25,72903.0,3,0,30-40,Very High,Very High,6.0,0.047619047619047616,5,0.6
7613,1974,2n Cycle,Together,49669.0,1,0,2014-05-24,97,166,5,107,11,8,29,2,5,1,6,6,0,0,0,0,0,0,3,11,50,326,1,3,1,12,0,36,25.076923076923077,8.81081081081081,16556.333333333332,2,1,40-50,Medium,Medium,5.333333333333333,0.15384615384615385,6,0.0
10542,1968,PhD,Married,36778.0,1,1,2012-08-05,63,29,4,34,2,4,4,3,3,0,3,9,0,0,0,0,0,0,3,11,56,77,2,4,1,6,0,693,11.0,0.11095100864553314,9194.5,5,1,50-60,Medium,Medium,5.0,0.42857142857142855,6,0.0
8015,1962,PhD,Divorced,85696.0,0,0,2013-05-03,88,714,76,395,116,0,12,1,4,6,9,1,0,0,0,0,0,0,3,11,62,1313,0,1,0,19,0,422,65.65,3.104018912529551,85696.0,5,0,60+,Very High,Very High,3.0,0.05,5,0.0
10617,1989,Master,Divorced,10979.0,0,0,2014-05-22,34,8,4,10,2,2,4,2,3,0,3,5,0,0,0,0,0,0,3,11,35,30,0,1,0,6,0,38,4.285714285714286,0.7692307692307693,10979.0,4,0,30-40,Low,Low,3.6666666666666665,0.2857142857142857,6,0.0
11166,1961,Graduation,Married,49678.0,0,1,2013-02-02,81,229,5,56,3,2,20,2,6,2,4,7,0,0,0,0,0,0,3,11,63,315,1,3,1,12,0,512,24.23076923076923,0.6140350877192983,16559.333333333332,3,1,60+,Medium,Medium,6.333333333333333,0.15384615384615385,6,0.0
849,1953,Master,Together,56129.0,0,1,2013-06-20,65,320,48,133,39,72,48,4,6,2,10,4,0,0,0,0,0,0,3,11,71,660,1,3,1,18,0,374,34.73684210526316,1.76,18709.666666666668,4,1,60+,High,High,5.333333333333333,0.21052631578947367,6,0.0
523,1989,Graduation,Married,37155.0,1,0,2013-01-31,51,23,0,26,7,15,3,1,2,0,4,5,0,0,0,0,0,0,3,11,35,74,1,3,1,6,0,514,10.571428571428571,0.1436893203883495,12385.0,3,1,30-40,Medium,Medium,3.0,0.14285714285714285,5,0.0
4066,1978,2n Cycle,Divorced,21282.0,1,0,2014-05-11,76,1,5,8,4,8,20,2,2,1,2,6,0,0,0,0,0,0,3,11,46,46,1,2,1,5,0,49,7.666666666666667,0.92,10641.0,2,0,40-50,Low,Low,3.3333333333333335,0.3333333333333333,6,0.0
8414,1962,PhD,Single,33419.0,0,1,2013-08-17,76,56,0,12,0,0,18,2,2,0,4,7,0,0,0,0,0,0,3,11,62,86,1,2,1,6,0,316,12.285714285714286,0.27129337539432175,16709.5,5,0,60+,Low,Medium,3.6666666666666665,0.2857142857142857,3,0.0
819,1945,Graduation,Widow,63285.0,0,0,2013-11-05,84,508,124,249,50,38,134,1,6,5,13,3,0,0,0,0,0,0,3,11,79,1103,0,1,0,24,0,236,44.12,4.654008438818566,63285.0,3,0,60+,High,Very High,5.0,0.04,6,0.0
4961,1974,Master,Together,21255.0,1,0,2014-01-21,56,29,0,25,2,2,3,4,2,1,4,4,0,0,0,0,0,0,3,11,50,61,1,3,1,7,0,159,7.625,0.38125,7085.0,4,1,40-50,Low,Low,2.6666666666666665,0.5,5,0.0
749,1981,Graduation,Together,42162.0,1,0,2013-11-19,31,46,7,59,2,4,27,2,3,1,3,6,1,0,0,0,0,0,3,11,43,145,1,3,1,7,1,222,18.125,0.6502242152466368,14054.0,3,1,40-50,Medium,Medium,4.0,0.25,6,0.2
5430,1956,Graduation,Together,54450.0,1,1,2012-09-14,0,454,0,171,8,19,32,12,9,2,8,8,0,0,0,0,0,0,3,11,68,684,2,4,1,19,0,653,34.2,1.0458715596330275,13612.5,3,1,60+,High,High,8.666666666666666,0.6,5,0.0
7755,1954,PhD,Married,57744.0,0,1,2013-11-12,91,350,3,39,0,0,19,2,9,1,4,8,0,0,0,0,0,0,3,11,70,411,1,3,1,14,0,229,27.4,1.7869565217391303,19248.0,5,1,60+,High,High,8.666666666666666,0.13333333333333333,4,0.0
10525,1986,Graduation,Single,26576.0,1,0,2012-10-13,40,10,0,8,0,0,9,1,1,0,2,9,1,0,0,0,0,0,3,11,38,27,1,2,1,3,1,624,6.75,0.0432,13288.0,3,0,30-40,Low,Low,3.6666666666666665,0.25,3,0.2
1453,1943,PhD,Widow,57513.0,0,0,2013-07-06,59,735,40,183,52,20,30,2,9,3,13,6,0,0,0,0,0,0,3,11,81,1060,0,1,0,25,0,358,40.76923076923077,2.9526462395543174,57513.0,5,0,60+,High,Very High,8.0,0.07692307692307693,6,0.0
8310,1964,Graduation,Together,68142.0,0,1,2012-08-29,96,897,126,196,91,112,37,3,10,4,7,6,0,0,0,0,0,0,3,11,60,1459,1,3,1,21,0,669,66.31818181818181,2.1776119402985072,22714.0,3,1,50-60,High,Very High,8.666666666666666,0.13636363636363635,6,0.0
5031,1974,Graduation,Together,83145.0,0,0,2012-09-22,14,777,35,731,39,137,114,1,5,9,11,2,0,0,1,0,0,0,3,11,50,1833,0,2,0,25,1,645,70.5,2.8374613003095974,41572.5,3,1,40-50,Very High,Very High,4.0,0.038461538461538464,6,0.2
2613,1960,Master,Married,54197.0,0,1,2014-04-03,16,162,6,37,6,13,13,2,1,3,6,1,0,0,0,0,0,0,3,11,64,237,1,3,1,10,0,87,21.545454545454547,2.6931818181818183,18065.666666666668,4,1,60+,High,Medium,1.0,0.18181818181818182,6,0.0
213,1963,PhD,Single,23091.0,1,1,2014-05-28,98,35,0,11,0,0,2,4,2,1,3,7,0,0,0,0,0,0,3,11,61,48,2,3,1,6,0,32,6.857142857142857,1.4545454545454546,7697.0,5,0,60+,Low,Low,3.6666666666666665,0.5714285714285714,3,0.0
967,1976,Graduation,Married,46049.0,1,1,2013-07-21,11,342,9,112,19,14,19,10,5,2,9,7,0,0,0,0,0,0,3,11,48,515,2,4,1,16,0,343,30.294117647058822,1.497093023255814,11512.25,3,1,40-50,Medium,High,5.666666666666667,0.5882352941176471,6,0.0
1077,1974,Graduation,Together,56715.0,0,0,2012-12-05,52,258,105,239,237,172,9,1,7,3,4,4,0,0,0,0,0,0,3,11,50,1020,0,2,0,14,0,571,68.0,1.7832167832167831,28357.5,3,1,40-50,High,High,6.0,0.06666666666666667,6,0.0
7959,1961,Graduation,Married,79410.0,0,0,2014-05-29,19,658,80,483,123,13,13,1,3,2,5,1,0,0,0,0,0,0,3,11,63,1370,0,2,0,10,0,31,124.54545454545455,42.8125,39705.0,3,1,60+,Very High,Very High,2.3333333333333335,0.09090909090909091,6,0.0
640,1951,Graduation,Married,57304.0,0,1,2013-03-11,61,356,80,329,138,17,106,2,7,6,10,5,0,0,0,0,0,0,3,11,73,1026,1,3,1,23,0,475,42.75,2.1554621848739495,19101.333333333332,3,1,60+,High,High,6.333333333333333,0.08333333333333333,6,0.0
4252,1965,Graduation,Married,44375.0,0,1,2014-03-23,73,213,5,28,7,7,41,1,4,1,6,5,0,0,0,0,0,0,3,11,59,301,1,3,1,11,0,98,25.083333333333332,3.04040404040404,14791.666666666666,3,1,50-60,Medium,Medium,4.333333333333333,0.08333333333333333,6,0.0
8432,1956,Graduation,Together,54450.0,1,1,2012-09-14,0,454,0,171,8,19,32,12,9,2,8,8,0,0,0,0,0,0,3,11,68,684,2,4,1,19,0,653,34.2,1.0458715596330275,13612.5,3,1,60+,High,High,8.666666666666666,0.6,5,0.0
6218,1965,Graduation,Married,59594.0,0,1,2012-10-20,74,457,4,29,0,0,9,1,8,1,7,7,0,1,0,0,0,0,3,11,59,499,1,3,1,16,1,617,29.352941176470587,0.8074433656957929,19864.666666666668,3,1,50-60,High,High,7.666666666666667,0.058823529411764705,4,0.2
6905,1994,Graduation,Together,80685.0,0,0,2012-08-22,55,241,45,604,34,26,54,1,6,4,10,2,0,0,0,0,0,0,3,11,30,1004,0,2,0,20,0,676,47.80952380952381,1.48301329394387,40342.5,3,1,<30,Very High,High,4.666666666666667,0.047619047619047616,6,0.0
5922,1974,PhD,Married,40344.0,0,1,2013-10-13,48,210,0,6,0,0,2,2,4,1,5,7,0,0,0,0,0,0,3,11,50,218,1,3,1,10,0,259,19.818181818181817,0.8384615384615385,13448.0,5,1,40-50,Medium,Medium,5.0,0.18181818181818182,3,0.0
3598,1972,Graduation,Married,62710.0,0,1,2013-05-23,53,441,35,83,7,29,11,4,4,2,12,4,0,0,0,0,0,0,3,11,52,606,1,3,1,18,0,402,31.894736842105264,1.5037220843672456,20903.333333333332,3,1,50-60,High,High,4.0,0.21052631578947367,6,0.0
6116,1968,2n Cycle,Married,48985.0,0,1,2013-07-05,13,19,13,18,10,7,8,1,1,1,3,3,0,0,0,0,0,0,3,11,56,75,1,3,1,5,0,359,12.5,0.20833333333333334,16328.333333333334,2,1,50-60,Medium,Medium,1.6666666666666667,0.16666666666666666,6,0.0
6263,1968,Graduation,Together,35322.0,1,2,2012-08-22,34,28,9,37,12,7,13,3,2,0,4,8,0,0,0,0,0,0,3,11,56,106,3,5,1,6,0,676,15.142857142857142,0.15657311669128507,7064.4,3,1,50-60,Low,Medium,4.0,0.42857142857142855,6,0.0
10486,1948,Graduation,Married,77142.0,0,0,2013-05-29,54,476,75,162,29,151,97,1,4,4,8,2,0,0,0,0,0,0,3,11,76,990,0,2,0,16,0,396,58.23529411764706,2.4937027707808563,38571.0,3,1,60+,Very High,High,3.3333333333333335,0.058823529411764705,6,0.0
2410,1969,Graduation,Single,81657.0,0,0,2014-01-22,69,364,40,425,158,60,50,1,3,4,8,1,0,0,0,0,0,0,3,11,55,1097,0,1,0,15,0,158,68.5625,6.89937106918239,81657.0,3,0,50-60,Very High,Very High,2.3333333333333335,0.0625,6,0.0
193,1996,Basic,Married,14421.0,0,0,2014-02-17,81,0,0,2,3,3,8,1,1,0,2,5,1,0,0,0,0,0,3,11,28,16,0,2,0,3,1,132,4.0,0.12030075187969924,7210.5,1,1,<30,Low,Low,2.3333333333333335,0.25,4,0.2
3363,1974,2n Cycle,Married,20130.0,0,0,2014-03-17,99,0,6,3,7,6,12,1,1,0,3,8,0,0,0,0,0,0,3,11,50,34,0,2,0,4,0,104,6.8,0.3238095238095238,10065.0,2,1,40-50,Low,Low,3.3333333333333335,0.2,5,0.0
8278,1990,PhD,Married,74214.0,0,0,2012-08-26,3,863,83,547,86,99,33,1,8,2,5,5,0,0,0,0,0,0,3,11,34,1711,0,2,0,15,0,672,106.9375,2.5423476968796432,37107.0,5,1,30-40,Very High,Very High,7.0,0.0625,6,0.0
10660,1957,Master,Married,66726.0,1,1,2014-01-12,61,349,7,35,0,0,47,3,8,2,4,7,0,1,0,0,0,0,3,11,67,438,2,4,1,14,1,168,29.2,2.591715976331361,16681.5,4,1,60+,High,High,7.666666666666667,0.2,4,0.2
8686,1979,Basic,Together,23724.0,1,0,2013-01-08,65,5,23,15,0,18,14,2,2,0,3,8,0,0,0,0,0,0,3,11,45,75,1,3,1,5,0,537,12.5,0.13940520446096655,7908.0,1,1,40-50,Low,Medium,4.0,0.3333333333333333,5,0.0
1604,1960,Master,Married,47353.0,0,1,2013-11-13,93,184,2,19,8,8,4,3,2,2,6,5,0,0,0,0,0,0,3,11,64,225,1,3,1,10,0,228,20.454545454545453,0.982532751091703,15784.333333333334,4,1,60+,Medium,Medium,3.0,0.2727272727272727,6,0.0
5907,1952,Master,Married,33444.0,1,1,2012-11-03,24,8,0,8,0,0,2,1,1,0,2,8,0,0,0,0,0,0,3,11,72,18,2,4,1,3,0,603,4.5,0.029801324503311258,8361.0,4,1,60+,Low,Low,3.3333333333333335,0.25,3,0.0
10669,1981,Graduation,Married,54386.0,0,1,2013-05-17,8,277,21,64,62,21,25,2,3,2,10,3,0,0,0,0,0,0,3,11,43,470,1,3,1,15,0,408,29.375,1.1491442542787287,18128.666666666668,3,1,40-50,High,High,3.0,0.125,6,0.0
2918,1981,Graduation,Divorced,28510.0,1,1,2013-04-13,72,44,5,19,0,4,19,3,2,0,4,5,0,0,0,0,0,0,3,11,43,91,2,3,1,6,0,442,13.0,0.2054176072234763,9503.333333333334,3,0,40-50,Low,Medium,3.0,0.42857142857142855,5,0.0
359,1950,Graduation,Together,48070.0,0,1,2013-01-13,33,373,14,83,6,9,19,3,8,2,6,7,0,0,0,0,0,1,3,11,74,504,1,3,1,16,0,532,29.647058823529413,0.9455909943714822,16023.333333333334,3,1,60+,Medium,High,7.666666666666667,0.17647058823529413,6,0.0
8387,1957,Graduation,Married,43140.0,0,1,2013-01-05,68,134,8,76,6,0,11,1,4,1,5,6,0,0,0,0,0,0,3,11,67,235,1,3,1,10,0,540,21.363636363636363,0.4343807763401109,14380.0,3,1,60+,Medium,Medium,4.666666666666667,0.09090909090909091,5,0.0
1829,1961,PhD,Divorced,54959.0,0,1,2013-01-19,55,1148,0,60,0,0,24,3,9,5,4,7,0,1,0,0,0,0,3,11,63,1232,1,2,1,18,1,526,64.84210526315789,2.3377609108159394,27479.5,5,0,60+,High,Very High,8.333333333333334,0.15789473684210525,3,0.2
3839,1958,Basic,Single,15056.0,1,1,2013-05-03,76,6,12,3,21,6,40,5,2,2,3,5,0,0,0,0,0,0,3,11,66,88,2,3,1,7,0,422,11.0,0.20803782505910165,5018.666666666667,1,0,60+,Low,Medium,3.0,0.625,6,0.0
9392,1971,Graduation,Single,26954.0,1,0,2014-05-08,17,4,1,11,0,0,1,1,1,0,2,7,0,0,0,0,0,0,3,11,53,17,1,2,1,3,0,52,4.25,0.32075471698113206,13477.0,3,0,50-60,Low,Low,3.0,0.25,4,0.0
2292,1985,Graduation,Single,22327.0,1,0,2013-08-02,94,5,4,8,2,0,5,1,1,0,3,5,0,0,0,0,0,0,3,11,39,24,1,2,1,4,0,331,4.8,0.07228915662650602,11163.5,3,0,30-40,Low,Low,2.3333333333333335,0.2,5,0.0
10466,1965,Graduation,Married,44393.0,1,1,2013-08-22,86,24,2,20,2,2,10,2,1,0,4,4,0,0,0,0,0,0,3,11,59,60,2,4,1,5,0,311,10.0,0.19230769230769232,11098.25,3,1,50-60,Medium,Low,2.0,0.3333333333333333,6,0.0
9855,1952,PhD,Single,62000.0,0,1,2013-08-25,25,899,0,101,0,0,20,1,6,6,13,4,0,0,0,1,0,0,3,11,72,1020,1,2,1,25,1,308,39.23076923076923,3.3009708737864076,31000.0,5,0,60+,High,High,5.333333333333333,0.038461538461538464,3,0.2
4088,1962,PhD,Together,31497.0,0,1,2012-12-06,22,108,1,28,13,1,4,2,3,1,4,8,0,0,0,0,0,0,3,11,62,155,1,3,1,8,0,570,17.22222222222222,0.2714535901926445,10499.0,5,1,60+,Low,Medium,4.666666666666667,0.2222222222222222,6,0.0
5231,1974,2n Cycle,Married,45894.0,0,2,2014-02-27,15,27,2,7,0,2,13,1,1,0,3,5,0,0,0,0,0,0,3,11,50,51,2,4,1,4,0,122,10.2,0.4146341463414634,11473.5,2,1,40-50,Medium,Low,2.3333333333333335,0.2,5,0.0
590,1970,Master,Divorced,78579.0,0,0,2012-12-22,35,816,66,549,216,66,99,1,5,6,4,3,0,0,0,0,0,0,3,11,54,1812,0,1,0,15,0,554,113.25,3.264864864864865,78579.0,4,0,50-60,Very High,Very High,4.333333333333333,0.0625,6,0.0
8732,1969,Master,Widow,67369.0,0,1,2012-11-17,81,1298,0,70,37,14,42,4,7,4,10,4,0,1,1,0,0,0,3,11,55,1461,1,2,1,21,2,589,66.4090909090909,2.476271186440678,33684.5,4,0,50-60,High,Very High,6.0,0.18181818181818182,5,0.4
2315,1960,Graduation,Divorced,58401.0,0,1,2014-04-20,55,10,0,11,17,29,29,1,1,2,2,4,0,0,0,0,0,0,3,11,64,96,1,2,1,5,0,70,16.0,1.352112676056338,29200.5,3,0,60+,High,Medium,2.0,0.16666666666666666,5,0.0
3515,1952,Graduation,Single,62307.0,0,1,2014-02-17,94,87,13,34,10,6,10,1,4,0,4,5,0,0,0,0,0,0,3,11,72,160,1,2,1,8,0,132,17.77777777777778,1.2030075187969924,31153.5,3,0,60+,High,Medium,4.333333333333333,0.1111111111111111,6,0.0
2245,1969,Master,Married,43641.0,1,1,2013-04-22,50,57,2,51,4,2,23,3,2,1,4,6,0,0,0,0,0,0,3,11,55,139,2,4,1,7,0,433,17.375,0.32027649769585254,10910.25,4,1,50-60,Medium,Medium,3.3333333333333335,0.375,6,0.0
6283,1968,Master,Divorced,63841.0,0,1,2013-04-21,64,635,15,100,20,7,131,1,9,3,9,6,0,0,0,0,0,0,3,11,56,908,1,2,1,21,0,434,41.27272727272727,2.0873563218390805,31920.5,4,0,50-60,High,High,8.0,0.045454545454545456,6,0.0
2246,1965,2n Cycle,Married,46891.0,0,1,2013-09-01,91,43,12,23,29,15,61,1,2,1,4,4,0,0,0,0,0,0,3,11,59,183,1,3,1,7,0,301,22.875,0.6059602649006622,15630.333333333334,2,1,50-60,Medium,Medium,2.6666666666666665,0.125,6,0.0
6606,1969,Master,Married,70091.0,1,0,2013-03-31,11,964,34,137,15,0,11,2,5,2,10,8,0,1,0,0,0,0,3,11,55,1161,1,3,1,17,1,455,64.5,2.5460526315789473,23363.666666666668,4,1,50-60,Very High,Very High,6.0,0.1111111111111111,5,0.2
5545,1972,PhD,Married,78075.0,0,0,2014-04-05,72,572,8,259,34,35,80,1,3,5,5,1,0,0,0,0,0,0,3,11,52,988,0,2,0,13,0,85,70.57142857142857,11.488372093023257,39037.5,5,1,50-60,Very High,High,2.3333333333333335,0.07142857142857142,6,0.0
7342,1961,2n Cycle,Widow,59184.0,0,1,2012-09-09,6,341,142,113,259,151,66,3,6,6,12,5,0,0,0,0,0,0,3,11,63,1072,1,2,1,24,0,658,42.88,1.6267071320182094,29592.0,2,0,60+,High,Very High,5.666666666666667,0.12,6,0.0
837,1977,Graduation,Married,54809.0,1,1,2013-09-11,0,63,6,57,13,13,22,4,2,1,5,4,0,0,0,0,0,0,3,11,47,174,2,4,1,8,0,291,19.333333333333332,0.5958904109589042,13702.25,3,1,40-50,High,Medium,2.6666666666666665,0.4444444444444444,6,0.0
9500,1959,Graduation,Married,58113.0,0,1,2013-01-25,66,221,104,169,102,78,84,3,9,2,8,7,0,0,0,0,0,1,3,11,65,758,1,3,1,19,0,520,37.9,1.45489443378119,19371.0,3,1,60+,High,High,8.333333333333334,0.15,6,0.0
3602,1958,Master,Married,51412.0,0,1,2013-12-31,42,140,3,29,4,5,14,2,3,2,4,4,0,0,0,0,0,0,3,11,66,195,1,3,1,9,0,180,19.5,1.0773480662983426,17137.333333333332,4,1,60+,High,Medium,3.3333333333333335,0.2,6,0.0
234,1979,Graduation,Divorced,15287.0,1,0,2012-10-10,60,1,2,8,4,3,13,2,1,1,2,7,1,0,0,0,0,0,3,11,45,31,1,2,1,4,1,627,6.2,0.04936305732484077,7643.5,3,0,40-50,Low,Low,3.0,0.4,6,0.2
2995,1957,Master,Together,66636.0,0,0,2013-08-17,64,291,10,689,84,10,0,1,3,4,9,1,0,0,0,0,0,0,3,11,67,1084,0,2,0,16,0,316,63.76470588235294,3.419558359621451,33318.0,4,1,60+,High,Very High,2.3333333333333335,0.058823529411764705,5,0.0
1118,1956,Master,Married,50965.0,0,1,2013-02-20,87,544,13,85,8,6,29,3,10,4,5,8,1,0,0,0,0,0,3,11,68,685,1,3,1,19,1,494,34.25,1.3838383838383839,16988.333333333332,4,1,60+,Medium,High,9.333333333333334,0.15,6,0.2
7789,1965,PhD,Married,84618.0,0,0,2013-11-22,96,684,100,801,21,66,0,1,6,9,10,2,0,0,1,0,0,0,3,11,59,1672,0,2,0,25,1,219,64.3076923076923,7.6,42309.0,5,1,50-60,Very High,Very High,4.666666666666667,0.038461538461538464,5,0.2
3068,1990,Graduation,Married,18351.0,0,0,2013-10-29,1,1,12,9,0,14,7,1,2,0,3,7,0,0,0,0,0,0,3,11,34,43,0,2,0,5,0,243,7.166666666666667,0.1762295081967213,9175.5,3,1,30-40,Low,Low,3.6666666666666665,0.16666666666666666,5,0.0
8955,1957,PhD,Together,40451.0,0,2,2014-02-16,54,35,0,4,0,0,10,1,1,1,2,5,1,0,0,0,0,0,3,11,67,49,2,4,1,4,1,133,9.8,0.3656716417910448,10112.75,5,1,60+,Medium,Low,2.3333333333333335,0.2,3,0.2
945,1965,Graduation,Together,36317.0,0,1,2013-05-22,53,87,3,25,3,2,13,2,3,0,4,7,0,0,0,0,0,0,3,11,59,133,1,3,1,7,0,403,16.625,0.3292079207920792,12105.666666666666,3,1,50-60,Medium,Medium,4.333333333333333,0.25,6,0.0
5644,1957,Graduation,Together,42213.0,0,1,2013-10-12,96,309,3,24,4,3,20,2,5,1,7,7,0,1,0,0,0,0,3,11,67,363,1,3,1,13,1,260,25.928571428571427,1.3908045977011494,14071.0,3,1,60+,Medium,Medium,5.666666666666667,0.14285714285714285,6,0.2
7192,1955,Graduation,Together,65748.0,0,1,2013-04-15,58,172,73,93,95,78,34,2,2,4,10,1,0,0,0,0,0,1,3,11,69,545,1,3,1,16,0,440,32.05882352941177,1.2358276643990929,21916.0,3,1,60+,High,High,1.6666666666666667,0.11764705882352941,6,0.0
2324,1972,Graduation,Together,77044.0,0,1,2013-10-27,12,625,38,242,50,34,76,2,7,11,11,4,1,0,0,0,0,0,3,11,52,1065,1,3,1,29,1,245,35.5,4.329268292682927,25681.333333333332,3,1,50-60,Very High,Very High,6.0,0.06666666666666667,6,0.2
697,1969,Graduation,Together,74918.0,0,0,2013-03-12,78,972,59,913,25,19,59,1,5,9,6,3,0,0,1,0,0,0,3,11,55,2047,0,2,0,20,1,474,97.47619047619048,4.309473684210526,37459.0,3,1,50-60,Very High,Very High,4.333333333333333,0.047619047619047616,6,0.2
3439,1972,Graduation,Married,56721.0,1,1,2012-10-31,64,157,6,39,6,13,75,5,4,1,5,6,0,0,0,0,0,0,3,11,52,296,2,4,1,10,0,606,26.90909090909091,0.4876441515650741,14180.25,3,1,50-60,High,Medium,4.666666666666667,0.45454545454545453,6,0.0
1506,1975,Graduation,Single,42160.0,1,1,2013-06-28,26,48,9,45,3,15,20,4,2,1,4,6,0,0,0,0,0,0,3,11,49,140,2,3,1,7,0,366,17.5,0.3814713896457766,14053.333333333334,3,0,40-50,Medium,Medium,3.3333333333333335,0.5,6,0.0
232,1965,Graduation,Single,61559.0,0,1,2013-07-17,8,279,83,88,32,14,34,1,4,2,10,3,0,0,0,0,0,0,3,11,59,530,1,2,1,16,0,347,31.176470588235293,1.5229885057471264,30779.5,3,0,50-60,High,High,3.6666666666666665,0.058823529411764705,6,0.0
8876,1963,PhD,Together,33629.0,1,1,2012-08-08,49,132,0,16,0,0,4,5,3,1,4,9,0,0,0,0,0,0,3,11,61,152,2,4,1,8,0,690,16.88888888888889,0.2199710564399421,8407.25,5,1,60+,Low,Medium,5.0,0.5555555555555556,3,0.0
4500,1991,PhD,Together,68682.0,0,0,2013-10-06,56,919,0,505,99,30,45,1,4,9,10,2,0,0,0,0,0,0,3,11,33,1598,0,2,0,23,0,266,66.58333333333333,5.98501872659176,34341.0,5,1,30-40,Very High,Very High,3.3333333333333335,0.041666666666666664,5,0.0
9739,1963,Graduation,Single,34377.0,0,1,2013-01-19,55,62,0,22,3,1,26,2,2,2,2,7,0,0,0,0,0,0,3,11,61,114,1,2,1,6,0,526,16.285714285714285,0.21631878557874762,17188.5,3,0,60+,Low,Medium,3.6666666666666665,0.2857142857142857,5,0.0
10395,1986,Basic,Single,8940.0,1,0,2012-08-22,25,1,45,3,4,6,42,3,3,1,3,8,0,0,0,0,0,0,3,11,38,101,1,2,1,7,0,676,12.625,0.14918759231905465,4470.0,1,0,30-40,Low,Medium,4.666666666666667,0.375,6,0.0
1176,1973,Graduation,Married,26228.0,1,0,2013-09-22,50,2,6,4,3,1,9,1,1,0,2,8,0,0,0,0,0,0,3,11,51,25,1,3,1,3,0,280,6.25,0.08896797153024912,8742.666666666666,3,1,50-60,Low,Low,3.3333333333333335,0.25,6,0.0
1627,1957,2n Cycle,Divorced,77297.0,0,0,2013-01-26,84,408,61,109,48,122,41,1,5,7,9,4,0,0,0,1,0,0,3,11,67,789,0,1,0,21,1,519,35.86363636363637,1.5173076923076922,77297.0,2,0,60+,Very High,High,4.666666666666667,0.045454545454545456,6,0.2
938,1981,Graduation,Married,40211.0,1,1,2013-07-30,30,51,1,7,2,1,25,2,2,1,2,8,1,0,0,0,0,0,3,11,43,87,2,4,1,5,1,334,14.5,0.25970149253731345,10052.75,3,1,40-50,Medium,Medium,4.0,0.3333333333333333,6,0.2
2740,1958,PhD,Widow,33438.0,1,1,2013-09-22,81,62,1,16,3,2,6,4,2,1,4,5,0,0,0,0,0,0,3,11,66,90,2,3,1,7,0,280,11.25,0.3202846975088968,11146.0,5,0,60+,Low,Medium,3.0,0.5,6,0.0
257,1959,PhD,Married,75032.0,0,1,2013-04-28,74,952,12,180,47,12,12,2,5,4,9,3,0,0,0,0,0,0,3,11,65,1215,1,3,1,18,0,427,63.94736842105263,2.838785046728972,25010.666666666668,5,1,60+,Very High,Very High,4.333333333333333,0.10526315789473684,6,0.0
4058,1955,PhD,Single,61284.0,0,0,2013-10-12,76,618,15,106,20,7,45,1,11,2,8,6,0,1,0,0,0,0,3,11,69,811,0,1,0,21,1,260,36.86363636363637,3.10727969348659,61284.0,5,0,60+,High,High,9.333333333333334,0.045454545454545456,6,0.2
7736,1986,Graduation,Married,22518.0,1,0,2012-10-22,36,11,7,12,2,2,27,2,2,1,2,5,1,0,0,0,0,0,3,11,38,61,1,3,1,5,1,615,10.166666666666666,0.09902597402597403,7506.0,3,1,30-40,Low,Low,3.0,0.3333333333333333,6,0.2
8210,1975,Master,Married,54730.0,0,1,2013-08-15,64,318,3,17,4,7,56,5,4,1,8,4,0,0,0,0,0,0,3,11,49,405,1,3,1,13,0,318,28.928571428571427,1.2695924764890283,18243.333333333332,4,1,40-50,High,High,4.0,0.35714285714285715,6,0.0
833,1955,Master,Married,38452.0,1,1,2014-03-30,62,56,0,14,0,0,2,3,3,0,3,7,0,0,0,0,0,0,3,11,69,72,2,4,1,6,0,91,10.285714285714286,0.782608695652174,9613.0,4,1,60+,Medium,Medium,4.333333333333333,0.42857142857142855,3,0.0
6230,1971,Graduation,Divorced,44421.0,1,1,2013-02-15,53,110,5,59,7,1,7,5,5,0,4,8,0,0,0,0,0,0,3,11,53,189,2,3,1,9,0,499,18.9,0.378,14807.0,3,0,50-60,Medium,Medium,6.0,0.5,6,0.0
7325,1986,PhD,Together,38197.0,1,0,2013-06-29,86,23,0,11,2,1,3,1,1,0,3,5,0,0,0,0,0,0,3,11,38,40,1,3,1,4,0,365,8.0,0.1092896174863388,12732.333333333334,5,1,30-40,Medium,Low,2.3333333333333335,0.2,5,0.0
1307,1978,Graduation,Divorced,41986.0,0,1,2014-02-09,15,27,5,8,8,3,12,3,3,0,4,4,0,0,0,0,0,0,3,11,46,63,1,2,1,7,0,140,7.875,0.44680851063829785,20993.0,3,0,40-50,Medium,Low,3.3333333333333335,0.375,6,0.0
1502,1983,Graduation,Together,28427.0,1,0,2013-03-21,67,18,3,19,3,3,6,2,2,0,3,8,0,0,0,0,0,0,3,11,41,52,1,3,1,5,0,465,8.666666666666666,0.11158798283261803,9475.666666666666,3,1,40-50,Low,Low,4.0,0.3333333333333333,6,0.0
6211,1976,PhD,Together,37395.0,1,0,2014-05-02,47,18,0,9,0,1,11,1,1,0,3,6,0,0,0,0,0,0,3,11,48,39,1,3,1,4,0,58,7.8,0.6610169491525424,12465.0,5,1,40-50,Medium,Low,2.6666666666666665,0.2,4,0.0
843,1971,Graduation,Married,64722.0,1,0,2014-05-26,47,303,0,280,60,147,15,4,8,2,11,6,0,0,0,0,0,0,3,11,53,805,1,3,1,21,0,34,36.59090909090909,23.0,21574.0,3,1,50-60,High,High,7.333333333333333,0.18181818181818182,5,0.0
4174,1956,Master,Together,55249.0,0,1,2014-04-17,81,97,1,19,2,0,11,1,2,1,4,3,0,0,0,0,0,0,3,11,68,130,1,3,1,7,0,73,16.25,1.7567567567567568,18416.333333333332,4,1,60+,High,Medium,2.3333333333333335,0.125,5,0.0
9757,1972,Graduation,Together,84906.0,0,0,2013-10-04,98,997,15,414,99,30,76,1,5,6,12,2,0,1,1,0,1,0,3,11,52,1631,0,2,0,23,3,268,67.95833333333333,6.063197026022305,42453.0,3,1,50-60,Very High,Very High,4.0,0.041666666666666664,6,0.6
6918,1989,Graduation,Married,28691.0,1,0,2013-07-04,56,5,4,13,8,0,4,1,1,0,3,8,0,0,0,0,0,0,3,11,35,34,1,3,1,4,0,360,6.8,0.09418282548476455,9563.666666666666,3,1,30-40,Low,Low,3.3333333333333335,0.2,5,0.0
286,1952,Graduation,Single,44213.0,1,1,2013-11-29,48,95,11,35,0,4,7,4,2,1,5,6,0,0,0,0,0,0,3,11,72,152,2,3,1,8,0,212,16.88888888888889,0.7136150234741784,14737.666666666666,3,0,60+,Medium,Medium,3.3333333333333335,0.4444444444444444,5,0.0
11086,1984,Basic,Single,25707.0,1,0,2014-01-18,18,1,6,2,3,6,3,1,1,0,3,7,0,0,0,0,0,0,3,11,40,21,1,2,1,4,0,162,4.2,0.12883435582822086,12853.5,1,0,30-40,Low,Low,3.0,0.2,6,0.0
1921,1967,PhD,Married,59062.0,2,1,2013-10-03,74,46,1,12,3,0,9,2,2,0,3,4,0,0,0,0,0,0,3,11,57,71,3,5,1,5,0,269,11.833333333333334,0.26296296296296295,11812.4,5,1,50-60,High,Medium,2.6666666666666665,0.3333333333333333,5,0.0
4138,1962,Graduation,Single,76624.0,0,1,2014-05-24,68,411,106,147,54,115,66,1,5,10,7,1,1,0,0,0,0,0,3,11,62,899,1,2,1,22,1,36,39.08695652173913,24.2972972972973,38312.0,3,0,60+,Very High,High,3.6666666666666665,0.043478260869565216,6,0.2
7718,1947,Master,Together,66000.0,0,0,2014-04-20,36,244,51,270,101,0,45,1,1,3,5,1,0,0,0,0,0,0,3,11,77,711,0,2,0,9,0,70,71.1,10.014084507042254,33000.0,4,1,60+,High,High,1.0,0.1,5,0.0
1291,1978,PhD,Together,27683.0,1,0,2012-08-04,90,152,9,121,12,12,45,4,6,2,4,8,0,0,0,0,0,0,3,11,46,351,1,3,1,12,0,694,27.0,0.5050359712230216,9227.666666666666,5,1,40-50,Low,Medium,6.666666666666667,0.3076923076923077,6,0.0
803,1968,Graduation,Together,40521.0,1,1,2013-04-05,82,12,0,5,0,0,4,1,0,1,2,5,0,0,0,0,0,0,3,11,56,21,2,4,1,3,0,450,5.25,0.04656319290465632,10130.25,3,1,50-60,Medium,Low,1.6666666666666667,0.25,3,0.0
10833,1975,Graduation,Married,65106.0,0,1,2014-05-24,55,790,19,133,12,0,19,3,8,3,13,6,0,1,0,0,0,0,3,11,49,973,1,3,1,24,1,36,38.92,26.2972972972973,21702.0,3,1,40-50,High,High,7.333333333333333,0.12,5,0.2
9606,1965,PhD,Married,69969.0,0,0,2013-08-27,64,882,29,514,38,29,44,1,4,2,6,3,0,0,1,1,0,0,3,11,59,1536,0,2,0,12,2,306,118.15384615384616,5.003257328990228,34984.5,5,1,50-60,Very High,Very High,3.6666666666666665,0.07692307692307693,6,0.4
8534,1952,Graduation,Married,67433.0,0,2,2013-07-16,51,615,28,259,12,48,30,4,6,5,13,4,0,1,0,0,0,0,3,11,72,992,2,4,1,24,1,348,39.68,2.842406876790831,16858.25,3,1,60+,High,High,5.333333333333333,0.16,6,0.2
5153,1967,PhD,Married,77766.0,0,1,2013-02-22,97,1004,59,265,115,59,27,2,11,10,11,6,1,0,0,0,0,0,3,11,57,1529,1,3,1,32,1,492,46.333333333333336,3.101419878296146,25922.0,5,1,50-60,Very High,Very High,9.333333333333334,0.06060606060606061,6,0.2
961,1972,Graduation,Married,74716.0,0,1,2013-09-12,92,133,27,421,13,195,71,2,7,3,5,4,0,0,0,0,0,0,3,11,52,860,1,3,1,15,0,290,53.75,2.9553264604811,24905.333333333332,3,1,50-60,Very High,High,6.0,0.125,6,0.0
5011,1963,Graduation,Divorced,68118.0,0,1,2013-10-18,51,595,23,123,10,23,154,2,8,9,4,6,0,0,0,0,0,0,3,11,61,928,1,2,1,21,0,254,42.18181818181818,3.6392156862745098,34059.0,3,0,60+,High,High,7.333333333333333,0.09090909090909091,6,0.0
6653,1970,PhD,Married,55158.0,1,1,2012-07-30,72,293,0,87,4,11,23,4,7,2,5,7,0,0,0,0,0,0,3,11,54,418,2,4,1,14,0,699,27.866666666666667,0.5971428571428572,13789.5,5,1,50-60,High,High,7.0,0.26666666666666666,5,0.0
9094,1955,2n Cycle,Married,62972.0,0,1,2012-08-03,39,313,15,47,20,0,192,2,7,4,3,6,0,0,0,0,0,0,3,11,69,587,1,3,1,14,0,695,39.13333333333333,0.8433908045977011,20990.666666666668,2,1,60+,High,High,6.666666666666667,0.13333333333333333,5,0.0
810,1975,Graduation,Married,74190.0,0,1,2014-05-12,49,151,81,86,168,91,64,2,4,2,11,2,0,0,0,0,0,0,3,11,49,641,1,3,1,17,0,48,35.611111111111114,13.081632653061224,24730.0,3,1,40-50,Very High,High,3.3333333333333335,0.1111111111111111,6,0.0
5493,1976,Graduation,Married,39356.0,1,1,2014-03-19,21,15,0,2,0,0,6,1,1,0,2,6,1,0,0,0,0,0,3,11,48,23,2,4,1,3,1,102,5.75,0.22330097087378642,9839.0,3,1,40-50,Medium,Low,2.6666666666666665,0.25,3,0.2
5107,1973,PhD,Divorced,35860.0,1,1,2014-05-19,37,15,0,8,4,2,20,2,1,1,2,5,1,0,0,0,0,0,3,11,51,49,2,3,1,4,1,41,9.8,1.1666666666666667,11953.333333333334,5,0,50-60,Medium,Low,2.3333333333333335,0.4,5,0.2
3979,1983,PhD,Divorced,90687.0,0,0,2013-05-22,98,982,17,672,23,34,51,1,6,2,8,2,0,0,1,0,0,0,3,11,41,1779,0,1,0,16,1,403,104.6470588235294,4.403465346534653,90687.0,5,0,40-50,Very High,Very High,4.666666666666667,0.058823529411764705,6,0.2
6049,1982,Master,Together,73450.0,0,0,2013-12-05,85,1142,51,415,90,69,37,1,7,8,11,3,1,0,0,1,0,0,3,11,42,1804,0,2,0,26,2,206,66.81481481481481,8.714975845410628,36725.0,4,1,40-50,Very High,Very High,5.666666666666667,0.037037037037037035,6,0.4
8147,1960,Graduation,Married,31454.0,1,1,2013-07-06,40,28,0,11,0,0,9,3,2,0,3,8,0,0,0,0,0,0,3,11,64,48,2,4,1,5,0,358,8.0,0.13370473537604458,7863.5,3,1,60+,Low,Low,4.0,0.5,3,0.0
1857,1952,Graduation,Single,47139.0,1,1,2014-03-06,2,46,0,12,0,2,23,2,2,1,2,7,0,0,0,0,0,0,3,11,72,83,2,3,1,5,0,115,13.833333333333334,0.7155172413793104,15713.0,3,0,60+,Medium,Medium,3.6666666666666665,0.3333333333333333,4,0.0
3910,1975,Graduation,Divorced,83829.0,0,0,2013-10-08,78,897,161,430,186,161,27,0,4,7,6,1,1,0,1,1,0,0,3,11,49,1862,0,1,0,17,3,264,103.44444444444444,7.026415094339622,83829.0,3,0,40-50,Very High,Very High,3.0,0.0,6,0.6
5207,1963,PhD,Married,53378.0,1,1,2012-09-24,41,489,6,152,8,6,132,10,9,4,6,8,0,0,0,0,0,0,3,11,61,793,2,4,1,19,0,643,39.65,1.2313664596273293,13344.5,5,1,60+,High,High,8.666666666666666,0.5,6,0.0
11114,1970,Graduation,Together,19656.0,1,0,2013-02-08,94,25,4,9,6,8,32,3,2,1,3,7,0,0,0,0,0,0,3,11,54,84,1,3,1,6,0,506,12.0,0.16568047337278108,6552.0,3,1,50-60,Low,Medium,3.6666666666666665,0.42857142857142855,6,0.0
5429,1948,PhD,Married,45579.0,0,1,2013-08-20,10,145,1,33,2,1,1,1,4,1,4,6,0,0,0,0,0,0,3,11,76,183,1,3,1,9,0,313,18.3,0.5828025477707006,15193.0,5,1,60+,Medium,Medium,4.666666666666667,0.1,6,0.0
9400,1958,2n Cycle,Single,85485.0,0,0,2014-06-21,73,630,26,611,44,18,54,1,6,6,6,2,0,0,0,0,0,0,3,11,66,1383,0,1,0,18,0,8,72.78947368421052,153.66666666666666,85485.0,2,0,60+,Very High,Very High,4.666666666666667,0.05263157894736842,6,0.0
1740,1944,Graduation,Married,55956.0,0,0,2014-04-07,22,760,38,104,50,9,38,2,7,3,4,4,0,1,0,0,0,0,3,11,80,999,0,2,0,14,1,83,66.6,11.892857142857142,27978.0,3,1,60+,High,High,6.0,0.13333333333333333,6,0.2
7488,1963,Master,Single,64191.0,0,1,2013-01-22,30,420,15,186,151,38,15,3,5,3,13,3,0,0,0,0,0,0,3,11,61,825,1,2,1,21,0,523,37.5,1.5744274809160306,32095.5,4,0,60+,High,High,4.333333333333333,0.13636363636363635,6,0.0
195,1972,Graduation,Single,38808.0,1,0,2012-08-26,21,125,17,52,3,19,30,4,5,1,4,8,1,0,0,0,0,0,3,11,52,246,1,2,1,10,1,672,22.363636363636363,0.3655274888558692,19404.0,3,0,50-60,Medium,Medium,6.0,0.36363636363636365,6,0.2
635,1966,Master,Married,57183.0,1,1,2013-03-19,51,464,5,64,7,0,70,8,9,1,7,8,0,0,0,0,0,0,3,11,58,610,2,4,1,17,0,467,33.888888888888886,1.3034188034188035,14295.75,4,1,50-60,High,High,8.666666666666666,0.4444444444444444,5,0.0
7527,1968,Master,Divorced,23748.0,1,0,2012-11-21,97,6,6,29,12,15,8,3,2,1,3,8,0,0,0,0,0,0,3,11,56,76,1,2,1,6,0,585,10.857142857142858,0.1296928327645051,11874.0,4,0,50-60,Low,Medium,4.0,0.42857142857142855,6,0.0
10319,1971,Graduation,Married,66303.0,0,1,2013-02-26,56,1090,12,96,16,12,60,4,3,4,11,8,0,1,0,0,0,0,3,11,53,1286,1,3,1,18,1,488,67.6842105263158,2.6298568507157465,22101.0,3,1,50-60,High,Very High,4.666666666666667,0.21052631578947367,6,0.2
2296,1975,Master,Married,37368.0,1,0,2013-12-16,4,3,2,11,2,2,10,1,1,0,2,6,1,0,0,0,0,0,3,11,49,30,1,3,1,3,1,195,7.5,0.15306122448979592,12456.0,4,1,40-50,Medium,Low,2.6666666666666665,0.25,6,0.2
10637,1964,Graduation,Married,40800.0,1,2,2013-01-01,77,24,0,27,8,30,10,2,3,0,3,7,0,0,0,0,0,1,3,11,60,99,3,5,1,6,0,544,14.142857142857142,0.181651376146789,8160.0,3,1,50-60,Medium,Medium,4.333333333333333,0.2857142857142857,5,0.0
2931,1978,Graduation,Divorced,71847.0,0,0,2012-09-21,95,737,21,106,55,63,210,0,6,7,9,3,0,0,0,1,0,0,3,11,46,1192,0,1,0,22,1,646,51.82608695652174,1.8423493044822257,71847.0,3,0,40-50,Very High,Very High,5.0,0.0,6,0.2
907,1975,Graduation,Married,46149.0,0,1,2013-11-29,36,254,6,71,4,0,27,5,5,1,7,5,0,0,0,0,0,0,3,11,49,362,1,3,1,13,0,212,25.857142857142858,1.699530516431925,15383.0,3,1,40-50,Medium,Medium,5.0,0.35714285714285715,5,0.0
9516,1971,2n Cycle,Divorced,49118.0,0,0,2012-08-18,90,620,54,239,99,98,119,2,9,7,10,7,0,1,0,0,1,0,3,11,53,1229,0,1,0,26,2,680,45.51851851851852,1.8046989720998532,49118.0,2,0,50-60,Medium,Very High,8.333333333333334,0.07407407407407407,6,0.4
679,1957,PhD,Married,37633.0,1,1,2012-09-20,49,13,4,20,0,0,1,2,1,0,3,9,0,0,0,0,0,0,3,11,67,38,2,4,1,4,0,647,7.6,0.05864197530864197,9408.25,5,1,60+,Medium,Low,3.6666666666666665,0.4,4,0.0
7384,1951,Master,Together,39767.0,0,0,2013-07-21,18,113,61,204,34,26,47,2,7,1,7,8,0,0,0,0,0,0,3,11,73,485,0,2,0,15,0,343,30.3125,1.4098837209302326,19883.5,4,1,60+,Medium,High,7.333333333333333,0.125,6,0.0
5043,1951,Basic,Married,26997.0,0,0,2012-11-05,89,7,23,78,133,49,144,2,4,2,5,7,0,0,0,0,0,0,3,11,73,434,0,2,0,11,0,601,36.166666666666664,0.7209302325581395,13498.5,1,1,60+,Low,High,5.0,0.16666666666666666,6,0.0
5267,1970,Graduation,Divorced,33986.0,1,0,2013-03-14,43,16,2,18,2,1,5,1,1,0,3,7,0,0,0,0,0,0,3,11,54,44,1,2,1,4,0,472,8.8,0.09302325581395349,16993.0,3,0,50-60,Low,Low,3.0,0.2,6,0.0
339,1972,PhD,Married,57091.0,0,1,2012-11-23,82,462,0,24,6,0,4,2,9,2,5,7,0,1,0,0,0,0,3,11,52,496,1,3,1,16,1,583,29.176470588235293,0.8493150684931506,19030.333333333332,5,1,50-60,High,High,8.333333333333334,0.11764705882352941,4,0.2
2516,1969,2n Cycle,Married,46831.0,1,1,2013-06-08,84,22,2,10,6,4,34,2,1,2,2,4,0,0,0,0,0,0,3,11,55,78,2,4,1,5,0,386,13.0,0.20155038759689922,11707.75,2,1,50-60,Medium,Medium,2.0,0.3333333333333333,6,0.0
378,1971,Graduation,Married,52531.0,0,0,2012-12-30,68,283,112,151,51,72,125,2,7,2,10,6,0,0,0,0,0,0,3,11,53,794,0,2,0,19,0,546,39.7,1.4515539305301646,26265.5,3,1,50-60,High,High,6.666666666666667,0.1,6,0.0
4808,1956,Graduation,Married,15759.0,0,0,2013-09-05,12,1,2,5,6,0,3,1,1,0,2,7,0,0,0,0,0,0,3,11,68,17,0,2,0,3,0,297,4.25,0.05704697986577181,7879.5,3,1,60+,Low,Low,3.0,0.25,5,0.0
5068,1971,Graduation,Single,22804.0,1,0,2013-07-31,75,14,1,7,2,1,1,1,2,0,2,9,0,0,0,0,0,0,3,11,53,26,1,2,1,4,0,333,5.2,0.07784431137724551,11402.0,3,0,50-60,Low,Low,4.333333333333333,0.2,6,0.0
7628,1973,2n Cycle,Married,43050.0,1,0,2014-03-18,10,30,5,24,6,3,8,2,2,0,4,5,0,0,0,0,0,0,3,11,51,76,1,3,1,6,0,103,10.857142857142858,0.7307692307692307,14350.0,2,1,50-60,Medium,Medium,3.0,0.2857142857142857,6,0.0
7128,1977,PhD,Single,42997.0,1,1,2013-12-07,91,4,0,5,0,1,5,1,1,0,2,7,0,0,0,0,0,0,3,11,47,15,2,3,1,3,0,204,3.75,0.07317073170731707,14332.333333333334,5,0,40-50,Medium,Low,3.0,0.25,4,0.0
2811,1963,PhD,Single,48918.0,1,1,2014-04-12,21,52,0,9,0,0,1,2,1,0,4,4,0,0,0,0,0,0,3,11,61,62,2,3,1,5,0,78,10.333333333333334,0.7848101265822784,16306.0,5,0,60+,Medium,Low,2.0,0.3333333333333333,3,0.0
3551,1954,Master,Together,60033.0,0,1,2014-03-29,28,62,1,57,19,11,48,2,2,1,5,2,0,0,0,0,0,0,3,11,70,198,1,3,1,8,0,92,22.0,2.129032258064516,20011.0,4,1,60+,High,Medium,2.0,0.2222222222222222,6,0.0
1663,1978,PhD,Together,34043.0,1,0,2013-10-25,97,20,2,14,3,0,10,1,2,0,2,9,0,0,0,0,0,0,3,11,46,49,1,3,1,4,0,247,9.8,0.1975806451612903,11347.666666666666,5,1,40-50,Low,Low,4.333333333333333,0.2,5,0.0
5543,1966,Graduation,Together,57811.0,0,1,2013-06-24,49,545,7,114,37,21,78,5,7,2,11,5,0,1,0,0,0,0,3,11,58,802,1,3,1,20,1,370,38.19047619047619,2.161725067385445,19270.333333333332,3,1,50-60,High,High,6.333333333333333,0.23809523809523808,6,0.2
1577,1946,Graduation,Married,78569.0,0,0,2014-02-19,14,558,79,622,207,175,95,1,4,6,4,1,0,0,1,0,0,0,3,11,78,1736,0,2,0,14,1,130,115.73333333333333,13.251908396946565,39284.5,3,1,60+,Very High,Very High,3.0,0.06666666666666667,6,0.2
1878,1985,2n Cycle,Married,23148.0,0,0,2014-02-18,83,4,6,8,6,3,10,1,2,0,3,7,0,0,0,0,0,0,3,11,39,37,0,2,0,5,0,131,6.166666666666667,0.2803030303030303,11574.0,2,1,30-40,Low,Low,3.6666666666666665,0.16666666666666666,6,0.0
3099,1970,Graduation,Divorced,44267.0,1,1,2013-02-25,48,183,5,65,3,5,49,5,5,2,4,9,0,0,0,0,0,0,3,11,54,310,2,3,1,11,0,489,25.833333333333332,0.6326530612244898,14755.666666666666,3,0,50-60,Medium,Medium,6.333333333333333,0.4166666666666667,6,0.0
6055,1979,Graduation,Married,71626.0,0,0,2012-11-01,94,546,72,376,94,145,72,1,5,5,8,3,0,1,0,0,0,0,3,11,45,1305,0,2,0,18,1,605,68.6842105263158,2.1534653465346536,35813.0,3,1,40-50,Very High,Very High,4.333333333333333,0.05263157894736842,6,0.2
5841,1966,Graduation,Together,60894.0,0,1,2013-06-28,61,606,7,155,10,0,54,5,10,3,8,7,0,0,0,0,0,0,3,11,58,832,1,3,1,21,0,366,37.81818181818182,2.2670299727520438,20298.0,3,1,50-60,High,High,9.0,0.22727272727272727,5,0.0
3972,1976,Graduation,Together,50200.0,1,1,2013-04-03,70,266,6,51,8,6,64,6,7,1,5,8,0,0,0,0,0,0,3,11,48,401,2,4,1,13,0,452,28.642857142857142,0.8852097130242825,12550.0,3,1,40-50,Medium,High,7.333333333333333,0.42857142857142855,6,0.0
4394,1965,PhD,Married,81051.0,0,0,2014-05-23,43,1142,29,249,38,29,14,1,5,5,12,2,0,1,1,0,0,0,3,11,59,1501,0,2,0,22,2,37,65.26086956521739,39.5,40525.5,5,1,50-60,Very High,Very High,4.0,0.043478260869565216,6,0.4
5758,1982,Graduation,Married,65169.0,0,0,2014-01-14,23,1074,0,69,0,0,46,1,10,4,13,6,1,0,1,1,1,0,3,11,42,1189,0,2,0,27,4,166,42.464285714285715,7.119760479041916,32584.5,3,1,40-50,High,Very High,8.666666666666666,0.03571428571428571,3,0.8
6658,1972,Graduation,Together,59868.0,0,1,2013-07-22,37,771,51,154,54,10,154,7,11,2,12,6,0,0,0,0,0,0,3,11,52,1194,1,3,1,25,0,342,45.92307692307692,3.4810495626822155,19956.0,3,1,50-60,High,Very High,9.333333333333334,0.2692307692307692,6,0.0
4603,1960,PhD,Married,65695.0,0,1,2014-01-31,50,371,32,189,0,58,6,2,5,4,10,4,0,0,0,0,0,0,3,11,64,656,1,3,1,19,0,149,32.8,4.373333333333333,21898.333333333332,5,1,60+,High,High,4.666666666666667,0.1,5,0.0
8427,1956,Master,Single,64857.0,0,0,2012-11-23,78,556,14,717,210,0,43,1,7,5,10,4,0,0,0,0,0,0,3,11,68,1540,0,1,0,22,0,583,66.95652173913044,2.636986301369863,64857.0,4,0,60+,High,Very High,6.0,0.043478260869565216,5,0.0
10260,1965,Master,Together,45143.0,0,1,2013-08-26,74,202,5,74,11,5,14,3,6,1,5,7,0,0,0,0,0,0,3,11,59,311,1,3,1,12,0,307,23.923076923076923,1.0097402597402598,15047.666666666666,4,1,50-60,Medium,Medium,6.333333333333333,0.23076923076923078,6,0.0
7143,1955,2n Cycle,Together,74805.0,0,1,2013-11-06,14,209,162,209,41,162,37,5,4,7,10,2,0,0,0,0,0,0,3,11,69,820,1,3,1,21,0,235,37.27272727272727,3.4745762711864407,24935.0,2,1,60+,Very High,High,3.3333333333333335,0.22727272727272727,6,0.0
8789,1989,2n Cycle,Married,59060.0,1,0,2014-01-11,77,35,40,111,36,40,12,3,3,1,7,4,0,0,0,0,0,0,3,11,35,274,1,3,1,11,0,169,22.833333333333332,1.611764705882353,19686.666666666668,2,1,30-40,High,Medium,3.3333333333333335,0.25,6,0.0
6197,1962,PhD,Single,27238.0,1,1,2013-04-20,39,37,0,17,0,0,3,3,3,0,3,9,0,0,0,0,0,0,3,11,62,57,2,3,1,6,0,435,8.142857142857142,0.13073394495412843,9079.333333333334,5,0,60+,Low,Low,5.0,0.42857142857142855,3,0.0
4554,1965,Graduation,Together,47009.0,0,1,2013-10-01,89,171,45,73,59,10,90,4,3,2,8,4,0,0,0,0,0,0,3,11,59,448,1,3,1,13,0,271,32.0,1.6470588235294117,15669.666666666666,3,1,50-60,Medium,High,3.3333333333333335,0.2857142857142857,6,0.0
4937,1973,2n Cycle,Married,46094.0,1,1,2014-06-10,62,12,2,20,3,2,5,1,1,0,3,7,0,0,0,0,0,0,3,11,51,44,2,4,1,4,0,19,8.8,2.2,11523.5,2,1,50-60,Medium,Low,3.0,0.2,6,0.0
1920,1972,Graduation,Married,40321.0,1,1,2013-07-29,59,44,4,21,6,0,27,2,3,0,3,7,0,0,0,0,0,0,3,11,52,102,2,4,1,6,0,335,14.571428571428571,0.30357142857142855,10080.25,3,1,50-60,Medium,Medium,4.333333333333333,0.2857142857142857,5,0.0
8749,1984,Graduation,Together,37235.0,1,0,2014-02-01,68,20,2,9,4,6,20,1,1,1,2,4,0,0,0,0,0,0,3,11,40,61,1,3,1,4,0,148,12.2,0.40939597315436244,12411.666666666666,3,1,30-40,Medium,Low,2.0,0.2,6,0.0
1650,1960,Master,Married,81843.0,0,0,2013-04-22,13,779,86,537,34,69,138,1,5,9,12,3,0,0,0,0,0,0,3,11,64,1643,0,2,0,26,0,433,60.851851851851855,3.7857142857142856,40921.5,4,1,60+,Very High,Very High,4.333333333333333,0.037037037037037035,6,0.0
10377,1958,Master,Together,46692.0,0,1,2013-06-06,37,170,6,97,24,12,88,3,6,1,5,6,0,0,0,0,0,0,3,11,66,397,1,3,1,12,0,388,30.53846153846154,1.0205655526992288,15564.0,4,1,60+,Medium,High,6.0,0.23076923076923078,6,0.0
9206,1968,Graduation,Together,77382.0,0,1,2014-01-07,36,491,48,231,112,105,134,2,5,7,12,1,0,0,1,0,0,0,3,11,56,1121,1,3,1,24,1,173,44.84,6.442528735632184,25794.0,3,1,50-60,Very High,Very High,3.6666666666666665,0.08,6,0.2
10971,1977,Graduation,Single,37774.0,2,0,2012-09-03,28,173,8,107,7,2,176,4,7,2,3,9,1,0,0,0,0,1,3,11,47,473,2,3,1,12,1,664,36.38461538461539,0.7112781954887218,12591.333333333334,3,0,40-50,Medium,High,7.666666666666667,0.3076923076923077,6,0.2
6398,1974,Basic,Married,18393.0,1,0,2014-03-29,2,7,10,13,16,0,4,2,3,0,3,8,0,0,0,0,0,0,3,11,50,50,1,3,1,6,0,92,7.142857142857143,0.5376344086021505,6131.0,1,1,40-50,Low,Low,4.666666666666667,0.2857142857142857,5,0.0
9212,1962,Master,Married,72828.0,0,1,2013-02-14,17,1205,0,235,19,14,205,6,6,3,13,7,0,0,0,0,0,0,3,11,62,1678,1,3,1,22,0,500,72.95652173913044,3.349301397205589,24276.0,4,1,60+,Very High,Very High,6.333333333333333,0.2608695652173913,5,0.0
7937,1982,Graduation,Married,24711.0,0,0,2014-04-18,86,10,7,25,6,3,7,1,3,0,3,7,0,0,0,0,0,0,3,11,42,58,0,2,0,6,0,72,8.285714285714286,0.7945205479452054,12355.5,3,1,40-50,Low,Low,4.333333333333333,0.14285714285714285,6,0.0
839,1975,PhD,Married,45503.0,1,0,2013-09-25,54,97,4,44,6,1,18,1,3,1,4,5,0,0,0,0,0,0,3,11,49,170,1,3,1,8,0,277,18.88888888888889,0.6115107913669064,15167.666666666666,5,1,40-50,Medium,Medium,3.6666666666666665,0.1111111111111111,6,0.0
158,1945,PhD,Together,71604.0,0,0,2013-11-17,3,345,53,528,98,75,97,1,8,3,5,4,1,0,0,0,0,0,3,11,79,1196,0,2,0,16,1,224,70.3529411764706,5.315555555555555,35802.0,5,1,60+,Very High,Very High,6.666666666666667,0.058823529411764705,6,0.2
4832,1979,Graduation,Married,27244.0,1,0,2014-03-07,84,6,5,17,3,24,46,2,2,2,2,7,0,0,0,0,0,0,3,11,45,101,1,3,1,6,0,114,14.428571428571429,0.8782608695652174,9081.333333333334,3,1,40-50,Low,Medium,3.6666666666666665,0.2857142857142857,6,0.0
5621,1969,Graduation,Married,48752.0,1,1,2012-12-12,8,73,57,100,71,15,0,5,6,1,5,9,0,0,0,0,0,0,3,11,55,316,2,4,1,12,0,564,24.307692307692307,0.5592920353982301,12188.0,3,1,50-60,Medium,Medium,7.0,0.38461538461538464,5,0.0
1945,1962,Graduation,Married,71434.0,0,1,2013-09-18,4,711,36,217,172,96,168,3,7,4,7,4,0,1,0,1,0,0,3,11,62,1400,1,3,1,18,2,284,73.6842105263158,4.912280701754386,23811.333333333332,3,1,60+,Very High,Very High,6.0,0.15789473684210525,6,0.4
5147,1948,Graduation,Single,90842.0,0,0,2013-07-29,57,774,70,118,182,187,93,1,4,9,13,1,0,0,0,0,0,0,3,11,76,1424,0,1,0,26,0,335,52.74074074074074,4.238095238095238,90842.0,3,0,60+,Very High,Very High,3.0,0.037037037037037035,6,0.0
2535,1978,Master,Married,88097.0,1,0,2012-08-18,24,163,0,480,0,126,75,1,6,5,8,9,0,1,1,1,0,0,3,11,46,844,1,3,1,19,3,680,42.2,1.2393538913362703,29365.666666666668,4,1,40-50,Very High,High,7.0,0.05,4,0.6
11039,1975,Graduation,Married,51948.0,0,1,2013-09-17,51,82,33,54,71,30,41,2,5,2,4,5,0,0,0,0,0,0,3,11,49,311,1,3,1,11,0,285,25.916666666666668,1.0874125874125875,17316.0,3,1,40-50,High,Medium,5.0,0.16666666666666666,6,0.0
9495,1982,Graduation,Together,71853.0,0,0,2013-05-08,29,358,108,413,141,97,32,1,2,8,6,1,0,0,0,0,0,0,3,11,42,1149,0,2,0,16,0,417,67.58823529411765,2.748803827751196,35926.5,3,1,40-50,Very High,Very High,1.6666666666666667,0.058823529411764705,6,0.0
9635,1983,Master,Married,35876.0,0,0,2014-04-20,13,66,2,40,4,3,14,1,3,1,3,6,0,0,0,0,0,0,3,11,41,129,0,2,0,7,0,70,16.125,1.8169014084507042,17938.0,4,1,40-50,Medium,Medium,4.0,0.125,6,0.0
2173,1952,Graduation,Widow,40049.0,0,1,2013-10-16,23,13,6,7,0,3,3,1,1,0,3,6,0,0,0,0,0,0,3,11,72,32,1,2,1,4,0,256,6.4,0.1245136186770428,20024.5,3,0,60+,Medium,Low,2.6666666666666665,0.2,5,0.0
942,1982,Graduation,Single,39660.0,1,0,2012-08-08,36,139,13,78,20,13,36,3,7,1,3,9,0,0,0,0,0,0,3,11,42,299,1,2,1,11,0,690,24.916666666666668,0.43270622286541244,19830.0,3,0,40-50,Medium,Medium,7.666666666666667,0.25,6,0.0
9386,1962,Graduation,Together,50127.0,0,1,2014-05-29,88,274,0,21,4,6,15,1,5,1,6,6,0,1,0,0,0,0,3,11,62,320,1,3,1,12,1,31,24.615384615384617,10.0,16709.0,3,1,60+,Medium,Medium,5.333333333333333,0.07692307692307693,5,0.2
5510,1977,Master,Married,43263.0,0,1,2012-11-21,2,262,6,61,0,10,102,3,5,2,6,5,0,0,0,0,0,0,3,11,47,441,1,3,1,13,0,585,31.5,0.7525597269624573,14421.0,4,1,40-50,Medium,High,5.0,0.21428571428571427,5,0.0
873,1949,Master,Married,62845.0,1,1,2012-10-01,3,1099,0,45,0,0,34,11,3,4,10,8,0,1,0,0,0,0,3,11,75,1178,2,4,1,17,1,636,65.44444444444444,1.8492935635792778,15711.25,4,1,60+,High,Very High,4.666666666666667,0.6111111111111112,3,0.2
2253,1990,Graduation,Married,18929.0,0,0,2013-02-16,15,32,0,8,23,4,18,1,1,0,4,6,0,0,0,0,0,0,3,11,34,85,0,2,0,5,0,498,14.166666666666666,0.17034068136272545,9464.5,3,1,30-40,Low,Medium,2.6666666666666665,0.16666666666666666,5,0.0
5181,1982,Basic,Single,24367.0,1,0,2013-03-20,58,2,4,2,0,11,5,1,1,0,2,9,0,0,0,0,0,0,3,11,42,24,1,2,1,3,0,466,6.0,0.05139186295503212,12183.5,1,0,40-50,Low,Low,3.6666666666666665,0.25,5,0.0
979,1975,Graduation,Single,33249.0,1,0,2013-02-20,11,6,10,21,19,14,42,2,2,1,3,6,0,0,0,0,0,0,3,11,49,112,1,2,1,6,0,494,16.0,0.22626262626262628,16624.5,3,0,40-50,Low,Medium,3.3333333333333335,0.2857142857142857,6,0.0
10390,1959,2n Cycle,Married,26887.0,0,1,2013-02-10,27,6,7,4,3,4,6,1,1,0,3,6,0,0,0,0,0,0,3,11,65,30,1,3,1,4,0,504,6.0,0.0594059405940594,8962.333333333334,2,1,60+,Low,Low,2.6666666666666665,0.2,6,0.0
4698,1983,PhD,Married,50150.0,0,0,2013-06-20,32,135,46,92,65,61,11,2,5,2,7,5,0,0,0,0,0,0,3,11,41,410,0,2,0,14,0,374,27.333333333333332,1.0933333333333333,25075.0,5,1,40-50,Medium,High,5.0,0.13333333333333333,6,0.0
7793,1976,Graduation,Together,62061.0,0,1,2013-08-31,12,641,7,84,0,30,38,3,10,4,7,6,0,1,0,0,0,0,3,11,48,800,1,3,1,21,1,302,36.36363636363637,2.6402640264026402,20687.0,3,1,40-50,High,High,8.666666666666666,0.13636363636363635,5,0.2
1745,1962,PhD,Divorced,85696.0,0,0,2013-05-03,88,714,76,395,116,0,12,1,4,6,9,1,0,0,0,0,0,0,3,11,62,1313,0,1,0,19,0,422,65.65,3.104018912529551,85696.0,5,0,60+,Very High,Very High,3.0,0.05,5,0.0
10590,1956,PhD,Together,76542.0,0,0,2013-03-30,91,794,73,573,0,29,14,1,4,8,10,2,0,0,0,0,0,0,3,11,68,1483,0,2,0,22,0,456,64.47826086956522,3.2450765864332602,38271.0,5,1,60+,Very High,Very High,3.3333333333333335,0.043478260869565216,5,0.0
5080,1993,Graduation,Single,70515.0,0,0,2013-10-21,12,420,0,452,182,64,140,1,6,6,4,2,0,0,0,0,0,0,3,11,31,1258,0,1,0,16,0,251,74.0,4.992063492063492,70515.0,3,0,30-40,Very High,Very High,4.666666666666667,0.058823529411764705,5,0.0
8369,1987,Graduation,Together,18227.0,1,0,2012-11-08,21,1,2,7,4,3,11,1,0,1,2,8,0,0,0,0,0,0,3,11,37,28,1,3,1,3,0,598,7.0,0.04674457429048414,6075.666666666667,3,1,30-40,Low,Low,2.6666666666666665,0.25,6,0.0
5232,1965,Graduation,Married,69139.0,0,1,2014-01-27,23,86,12,75,33,15,6,1,4,1,5,4,0,0,0,0,0,0,3,11,59,227,1,3,1,10,0,153,20.636363636363637,1.474025974025974,23046.333333333332,3,1,50-60,Very High,Medium,4.0,0.09090909090909091,6,0.0
2407,1982,Graduation,Married,69109.0,0,0,2012-11-09,10,823,25,459,124,29,95,1,6,6,7,4,0,0,1,0,0,0,3,11,42,1555,0,2,0,19,1,597,77.75,2.600334448160535,34554.5,3,1,40-50,Very High,Very High,5.333333333333333,0.05,6,0.2
3834,1962,Graduation,Single,69627.0,0,1,2013-03-17,35,231,161,215,171,30,53,2,8,2,11,5,0,0,0,0,0,0,3,11,62,861,1,2,1,21,0,469,39.13636363636363,1.8319148936170213,34813.5,3,0,60+,Very High,High,7.0,0.09090909090909091,6,0.0
7912,1978,Graduation,Married,38136.0,1,0,2013-04-22,69,8,15,27,0,20,33,2,3,1,2,8,1,0,0,0,0,0,3,11,46,103,1,3,1,6,1,433,14.714285714285714,0.23732718894009217,12712.0,3,1,40-50,Medium,Medium,4.666666666666667,0.2857142857142857,5,0.2
7712,1946,PhD,Single,62159.0,0,0,2014-04-28,68,182,17,259,77,70,29,1,6,2,10,4,0,0,0,0,0,0,3,11,78,634,0,1,0,18,0,62,33.36842105263158,10.063492063492063,62159.0,5,0,60+,High,High,5.333333333333333,0.05263157894736842,6,0.0
1065,1963,Graduation,Single,80695.0,0,0,2013-12-29,85,557,129,984,193,37,18,1,5,8,5,2,0,0,0,0,0,0,3,11,61,1918,0,1,0,18,0,182,100.94736842105263,10.480874316939891,80695.0,3,0,60+,Very High,Very High,4.0,0.05263157894736842,6,0.0
7275,1971,Master,Single,33316.0,1,1,2013-10-04,34,79,1,31,4,4,12,3,2,1,4,6,0,0,0,0,0,0,3,11,53,131,2,3,1,7,0,268,16.375,0.48698884758364314,11105.333333333334,4,0,50-60,Low,Medium,3.3333333333333335,0.375,6,0.0
1343,1968,Graduation,Together,58554.0,1,1,2012-09-26,55,368,24,68,38,0,88,6,8,2,6,7,0,0,0,0,0,0,3,11,56,586,2,4,1,16,0,641,34.470588235294116,0.9127725856697819,14638.5,3,1,50-60,High,High,7.666666666666667,0.35294117647058826,5,0.0
1384,1992,Basic,Married,17256.0,1,0,2013-11-23,10,6,4,14,8,8,22,2,2,1,2,8,1,0,0,0,0,0,3,11,32,62,1,3,1,5,1,218,10.333333333333334,0.2831050228310502,5752.0,1,1,30-40,Low,Low,4.0,0.3333333333333333,6,0.2
9967,1974,Graduation,Divorced,53034.0,1,1,2013-05-30,30,160,15,196,15,11,50,8,6,1,7,8,0,0,0,0,0,0,3,11,50,447,2,3,1,14,0,395,29.8,1.128787878787879,17678.0,3,0,40-50,High,High,6.666666666666667,0.5333333333333333,6,0.0
6181,1950,2n Cycle,Together,52203.0,0,0,2012-07-31,36,488,21,238,56,108,28,1,8,7,11,6,0,0,0,0,0,0,3,11,74,939,0,2,0,26,0,698,34.77777777777778,1.3433476394849786,26101.5,2,1,60+,High,High,7.333333333333333,0.037037037037037035,6,0.0
10507,1977,2n Cycle,Divorced,59601.0,0,1,2013-07-25,14,691,7,69,0,7,23,4,2,2,7,8,0,1,0,0,0,0,3,11,47,797,1,2,1,11,1,339,66.41666666666667,2.3441176470588236,29800.5,2,0,40-50,High,High,4.0,0.3333333333333333,5,0.2
2674,1958,Master,Single,75154.0,0,1,2012-09-04,79,543,10,205,160,143,82,1,6,3,6,3,0,0,0,0,0,0,3,11,66,1143,1,2,1,15,0,663,71.4375,1.7213855421686748,37577.0,4,0,60+,Very High,Very High,5.0,0.0625,6,0.0
2698,1976,Graduation,Single,47025.0,0,1,2013-11-07,52,254,7,108,20,0,26,3,6,3,5,6,0,0,0,0,0,0,3,11,48,415,1,2,1,14,0,234,27.666666666666668,1.7659574468085106,23512.5,3,0,40-50,Medium,High,6.0,0.2,5,0.0
3231,1973,Graduation,Married,37971.0,1,0,2013-11-25,97,5,4,10,2,2,7,1,1,0,3,8,0,0,0,0,0,0,3,11,51,30,1,3,1,4,0,216,6.0,0.1382488479262673,12657.0,3,1,50-60,Medium,Low,3.3333333333333335,0.2,6,0.0
4096,1968,Master,Divorced,41335.0,1,0,2013-12-26,24,112,19,21,16,14,5,3,4,1,4,7,0,0,0,0,0,0,3,11,56,187,1,2,1,9,0,185,18.7,1.0053763440860215,20667.5,4,0,50-60,Medium,Medium,5.0,0.3,6,0.0
10476,1958,Graduation,Married,67267.0,0,1,2014-05-13,0,134,11,59,15,2,30,1,3,2,5,2,0,0,0,0,0,0,3,11,66,251,1,3,1,10,0,47,22.818181818181817,5.229166666666667,22422.333333333332,3,1,60+,High,Medium,2.6666666666666665,0.09090909090909091,6,0.0
5948,1975,Graduation,Single,57338.0,0,1,2014-04-29,96,143,6,52,11,8,17,2,4,1,5,5,0,0,0,0,0,0,3,11,49,237,1,2,1,10,0,61,21.545454545454547,3.8225806451612905,28669.0,3,0,40-50,High,Medium,4.333333333333333,0.18181818181818182,6,0.0
9140,1960,2n Cycle,Together,50523.0,1,1,2013-12-25,89,51,4,24,4,7,1,2,2,0,4,6,0,0,0,0,0,0,3,11,64,91,2,4,1,6,0,186,13.0,0.48663101604278075,12630.75,2,1,60+,Medium,Medium,3.3333333333333335,0.2857142857142857,6,0.0
10258,1965,Master,Single,35791.0,2,1,2013-05-06,94,27,0,5,0,0,3,2,1,0,3,8,0,0,0,0,0,0,3,11,59,35,3,4,1,4,0,419,7.0,0.08333333333333333,8947.75,4,0,50-60,Medium,Low,3.3333333333333335,0.4,3,0.0
5675,1960,PhD,Divorced,50611.0,0,1,2012-10-04,98,459,0,24,6,0,4,6,4,5,7,6,0,1,0,0,0,0,3,11,64,493,1,2,1,16,1,633,29.0,0.777602523659306,25305.5,5,0,60+,Medium,High,4.666666666666667,0.35294117647058826,4,0.2
4743,1969,PhD,Married,56242.0,0,1,2013-03-03,72,689,8,167,11,8,88,5,8,4,11,6,0,0,0,0,0,0,3,11,55,971,1,3,1,23,0,483,40.458333333333336,2.006198347107438,18747.333333333332,5,1,50-60,High,High,7.333333333333333,0.20833333333333334,6,0.0
8805,1960,Graduation,Single,48904.0,0,1,2012-12-02,1,283,10,38,0,13,27,4,7,2,4,8,0,0,0,0,0,0,3,11,64,371,1,2,1,13,0,574,26.5,0.6452173913043479,24452.0,3,0,60+,Medium,Medium,7.333333333333333,0.2857142857142857,5,0.0
1542,1975,Graduation,Single,56243.0,1,2,2013-12-30,26,347,0,35,4,3,7,6,4,2,8,5,0,0,0,0,0,0,3,11,49,396,3,4,1,14,0,181,26.4,2.1758241758241756,14060.75,3,0,40-50,High,Medium,4.333333333333333,0.4,5,0.0
6770,1985,Graduation,Married,21355.0,1,0,2013-08-20,5,5,13,14,0,5,31,2,2,1,2,6,1,0,0,0,0,0,3,11,39,68,1,3,1,5,1,313,11.333333333333334,0.21656050955414013,7118.333333333333,3,1,30-40,Low,Low,3.3333333333333335,0.3333333333333333,5,0.2
8773,1971,Master,Together,57420.0,0,1,2013-06-25,22,280,0,18,0,0,24,3,5,1,6,7,0,1,0,0,0,0,3,11,53,322,1,3,1,12,1,369,24.76923076923077,0.8702702702702703,19140.0,4,1,50-60,High,Medium,5.666666666666667,0.23076923076923078,3,0.2
10475,1970,Master,Together,51381.5,0,1,2013-04-01,39,187,5,65,26,20,14,2,4,2,6,5,0,0,0,0,0,0,3,11,54,317,1,3,1,12,0,454,24.384615384615383,0.6967032967032967,17127.166666666668,4,1,50-60,Medium,Medium,4.333333333333333,0.15384615384615385,6,0.0
10420,1955,Master,Divorced,46390.0,0,1,2014-05-05,56,95,14,64,2,9,38,1,4,2,3,7,0,0,0,0,0,0,3,11,69,222,1,2,1,9,0,55,22.2,3.9642857142857144,23195.0,4,0,60+,Medium,Medium,5.0,0.1,6,0.0
7514,1956,2n Cycle,Together,54342.0,1,1,2013-07-03,74,84,10,34,11,10,28,4,3,1,4,6,0,0,0,0,0,0,3,11,68,177,2,4,1,8,0,361,19.666666666666668,0.4889502762430939,13585.5,2,1,60+,High,Medium,4.0,0.4444444444444444,6,0.0
2902,1958,Graduation,Together,51381.5,1,1,2012-09-03,87,19,4,12,2,2,6,1,1,0,3,5,0,0,0,0,0,0,3,11,66,45,2,4,1,4,0,664,9.0,0.06766917293233082,12845.375,3,1,60+,Medium,Low,2.3333333333333335,0.2,6,0.0
4345,1964,2n Cycle,Single,51381.5,1,1,2014-01-12,49,5,1,9,2,0,4,1,1,0,2,7,0,0,0,0,0,0,3,11,60,21,2,3,1,3,0,168,5.25,0.1242603550295858,17127.166666666668,2,0,50-60,Medium,Low,3.0,0.25,5,0.0
793,1973,Graduation,Married,20895.0,1,0,2012-10-06,24,18,3,17,3,0,4,1,2,0,3,9,0,0,0,0,0,0,3,11,51,45,1,3,1,5,0,631,7.5,0.07120253164556962,6965.0,3,1,50-60,Low,Low,4.333333333333333,0.16666666666666666,5,0.0
10909,1948,Graduation,Married,92344.0,0,0,2014-01-15,9,992,24,694,51,19,119,0,5,10,5,1,1,0,1,0,0,0,3,11,76,1899,0,2,0,20,2,165,90.42857142857143,11.439759036144578,46172.0,3,1,60+,Very High,Very High,3.6666666666666665,0.0,6,0.4
3769,1972,PhD,Together,51381.5,1,0,2014-03-02,17,25,1,13,0,0,3,1,1,0,3,7,0,0,0,0,0,0,3,11,52,42,1,3,1,4,0,119,8.4,0.35,17127.166666666668,5,1,50-60,Medium,Low,3.0,0.2,4,0.0
8702,1976,2n Cycle,Together,26907.0,1,1,2013-08-20,10,9,1,7,0,3,2,2,1,0,3,7,0,0,0,0,0,0,3,11,48,22,2,4,1,4,0,313,4.4,0.07006369426751592,6726.75,2,1,40-50,Low,Low,3.0,0.4,5,0.0
4791,1980,Graduation,Together,44964.0,1,1,2012-12-16,35,19,1,17,2,0,2,1,1,0,3,8,0,0,0,0,0,0,3,11,44,41,2,4,1,4,0,560,8.2,0.07308377896613191,11241.0,3,1,40-50,Medium,Low,3.3333333333333335,0.2,5,0.0
2963,1979,Graduation,Together,75507.0,0,0,2014-05-02,56,709,93,374,104,80,80,1,8,6,6,3,0,0,0,0,0,0,3,11,45,1440,0,2,0,20,0,58,68.57142857142857,24.406779661016948,37753.5,3,1,40-50,Very High,Very High,6.333333333333333,0.047619047619047616,6,0.0
8216,1972,Master,Married,53761.0,1,1,2013-10-11,7,158,0,76,13,7,71,6,4,4,3,5,0,0,0,0,0,0,3,11,52,325,2,4,1,11,0,261,27.083333333333332,1.2404580152671756,13440.25,4,1,50-60,High,Medium,4.333333333333333,0.5,5,0.0
8140,1973,Graduation,Together,22682.0,1,0,2013-10-03,51,10,14,29,4,2,36,3,2,1,4,4,0,0,0,0,0,0,3,11,51,95,1,3,1,7,0,269,11.875,0.35185185185185186,7560.666666666667,3,1,50-60,Low,Medium,2.6666666666666665,0.375,6,0.0
10146,1972,PhD,Together,38887.0,1,0,2014-03-02,17,25,1,13,0,0,3,1,1,0,3,7,0,0,0,0,0,0,3,11,52,42,1,3,1,4,0,119,8.4,0.35,12962.333333333334,5,1,50-60,Medium,Low,3.0,0.2,4,0.0
5289,1975,2n Cycle,Single,41658.0,1,1,2012-11-09,30,8,4,12,15,4,29,2,1,1,2,4,0,0,0,0,0,0,3,11,49,72,2,3,1,4,0,597,14.4,0.12040133779264214,13886.0,2,0,40-50,Medium,Medium,2.0,0.4,6,0.0
2587,1972,PhD,Married,29791.0,1,0,2014-05-15,21,14,0,6,0,0,0,2,2,0,3,5,0,0,0,0,0,0,3,11,52,20,1,3,1,5,0,45,3.3333333333333335,0.43478260869565216,9930.333333333334,5,1,50-60,Low,Low,3.0,0.3333333333333333,2,0.0
4405,1956,Master,Married,63915.0,0,2,2013-07-30,2,622,7,115,30,0,15,2,6,3,12,5,0,0,0,0,0,0,3,11,68,789,2,4,1,21,0,334,35.86363636363637,2.355223880597015,15978.75,4,1,60+,High,High,5.666666666666667,0.09090909090909091,5,0.0
8663,1974,Graduation,Divorced,39996.0,1,1,2014-05-22,85,11,0,3,0,0,1,1,1,0,2,6,0,0,0,0,0,0,3,11,50,15,2,3,1,3,0,38,3.75,0.38461538461538464,13332.0,3,0,40-50,Medium,Low,2.6666666666666665,0.25,3,0.0
2589,1972,Graduation,Divorced,26759.0,1,0,2014-02-07,65,25,3,16,8,5,2,2,2,1,3,6,0,0,0,0,0,0,3,11,52,59,1,2,1,6,0,142,8.428571428571429,0.4125874125874126,13379.5,3,0,50-60,Low,Low,3.3333333333333335,0.2857142857142857,6,0.0
3421,1968,Master,Divorced,63841.0,0,1,2013-04-21,64,635,15,100,20,7,131,1,9,3,9,6,0,0,0,0,0,0,3,11,56,908,1,2,1,21,0,434,41.27272727272727,2.0873563218390805,31920.5,4,0,50-60,High,High,8.0,0.045454545454545456,6,0.0
10490,1969,PhD,Married,51039.0,1,1,2012-12-10,11,100,64,79,65,0,109,2,6,2,4,7,0,0,0,0,0,0,3,11,55,417,2,4,1,12,0,566,32.07692307692308,0.7354497354497355,12759.75,5,1,50-60,Medium,High,6.333333333333333,0.15384615384615385,5,0.0
4094,1961,Graduation,Married,60544.0,1,1,2012-08-25,92,201,2,43,3,5,35,4,5,1,5,6,0,0,0,0,0,0,3,11,63,289,2,4,1,11,0,673,24.083333333333332,0.4287833827893175,15136.0,3,1,60+,High,Medium,5.333333333333333,0.3333333333333333,6,0.0
9958,1972,Graduation,Married,65685.0,0,1,2014-03-29,54,642,14,49,0,7,57,1,9,2,9,5,0,0,0,0,0,0,3,11,52,769,1,3,1,20,0,92,36.61904761904762,8.268817204301076,21895.0,3,1,50-60,High,High,7.666666666666667,0.047619047619047616,5,0.0
2534,1953,Graduation,Married,37716.0,0,1,2014-04-21,4,97,1,41,6,2,41,2,4,1,3,7,0,0,0,0,0,0,3,11,71,188,1,3,1,8,0,69,20.88888888888889,2.6857142857142855,12572.0,3,1,60+,Medium,Medium,5.0,0.2222222222222222,6,0.0
4188,1957,Graduation,Single,36864.0,0,1,2012-08-13,53,204,5,39,17,0,89,3,5,2,4,8,0,0,0,0,0,0,3,11,67,354,1,2,1,11,0,685,29.5,0.5160349854227405,18432.0,3,0,60+,Medium,Medium,6.0,0.25,5,0.0
6613,1970,Master,Married,44511.0,1,0,2012-10-12,39,513,7,133,46,14,14,6,8,4,8,8,0,0,0,0,0,0,3,11,54,727,1,3,1,20,0,625,34.61904761904762,1.1613418530351438,14837.0,4,1,50-60,Medium,High,8.0,0.2857142857142857,6,0.0
10827,1967,PhD,Married,36947.0,1,1,2012-08-07,49,88,3,21,4,1,29,4,3,0,4,9,0,0,0,0,0,0,3,11,57,146,2,4,1,7,0,691,18.25,0.21098265895953758,9236.75,5,1,50-60,Medium,Medium,5.0,0.5,6,0.0
5491,1951,Master,Together,47352.0,0,1,2013-04-11,70,172,12,112,8,0,15,4,6,1,5,7,0,0,0,0,0,0,3,11,73,319,1,3,1,12,0,444,24.53846153846154,0.7168539325842697,15784.0,4,1,60+,Medium,Medium,6.333333333333333,0.3076923076923077,5,0.0
8402,1953,Master,Married,67087.0,0,1,2013-12-17,40,329,35,222,130,35,43,2,7,5,8,4,0,0,0,0,0,0,3,11,71,794,1,3,1,20,0,194,37.80952380952381,4.0717948717948715,22362.333333333332,4,1,60+,High,High,6.0,0.09523809523809523,6,0.0
8783,1950,Graduation,Married,57045.0,0,1,2012-09-08,40,296,13,104,11,13,17,3,4,2,9,3,0,0,0,0,0,0,3,11,74,454,1,3,1,15,0,659,28.375,0.6878787878787879,19015.0,3,1,60+,High,High,3.6666666666666665,0.1875,6,0.0
10010,1953,PhD,Divorced,36957.0,1,1,2012-09-06,43,100,2,16,2,1,31,4,3,2,2,9,0,0,0,0,0,0,3,11,71,152,2,3,1,7,0,661,19.0,0.229607250755287,12319.0,5,0,60+,Medium,Medium,5.0,0.5,6,0.0
618,1977,PhD,Married,69389.0,0,1,2012-09-28,17,422,7,238,69,46,15,1,7,2,12,4,0,0,0,0,0,0,3,11,47,797,1,3,1,21,0,639,36.22727272727273,1.2453125,23129.666666666668,5,1,40-50,Very High,High,6.0,0.045454545454545456,6,0.0
9121,1972,Graduation,Married,80134.0,1,0,2013-05-20,40,1218,16,272,104,0,80,2,5,3,6,6,0,1,1,1,0,0,3,11,52,1690,1,3,1,14,3,405,112.66666666666667,4.16256157635468,26711.333333333332,3,1,50-60,Very High,Very High,5.333333333333333,0.13333333333333333,5,0.6
361,1969,Master,Married,43142.0,1,1,2014-02-18,84,5,1,7,2,1,4,1,1,0,2,7,0,0,0,0,0,0,3,11,55,20,2,4,1,3,0,131,5.0,0.15151515151515152,10785.5,4,1,50-60,Medium,Low,3.0,0.25,6,0.0
4310,1944,Graduation,Married,80589.0,0,0,2014-01-22,25,507,93,520,242,40,26,1,5,10,5,1,0,0,0,1,0,0,3,11,80,1428,0,2,0,20,1,158,68.0,8.981132075471699,40294.5,3,1,60+,Very High,Very High,3.6666666666666665,0.047619047619047616,6,0.2
2678,1990,Graduation,Single,34412.0,1,0,2013-02-13,62,52,12,50,4,36,55,3,5,0,3,9,0,0,0,0,0,0,3,11,34,209,1,2,1,8,0,501,23.22222222222222,0.4163346613545817,17206.0,3,0,30-40,Low,Medium,6.333333333333333,0.3333333333333333,6,0.0
6376,1979,Graduation,Single,57537.0,1,0,2013-06-10,83,191,56,139,51,8,100,4,4,3,8,4,0,0,0,0,0,0,3,11,45,545,1,2,1,15,0,384,34.0625,1.4155844155844155,28768.5,3,0,40-50,High,High,4.0,0.25,6,0.0
524,1966,Basic,Together,22634.0,0,0,2013-01-16,47,2,23,11,8,6,46,1,2,1,2,8,0,0,0,0,0,0,3,11,58,96,0,2,0,5,0,529,16.0,0.1811320754716981,11317.0,1,1,50-60,Low,Medium,4.0,0.16666666666666666,6,0.0
10341,1948,Graduation,Together,51315.0,0,0,2014-02-23,45,68,28,39,16,30,41,1,2,2,5,2,0,0,0,0,0,0,3,11,76,222,0,2,0,9,0,126,22.2,1.7480314960629921,25657.5,3,1,60+,Medium,Medium,2.0,0.1,6,0.0
5654,1972,Graduation,Married,36026.0,2,1,2014-03-16,34,20,4,10,6,4,17,2,2,0,3,6,0,0,0,0,0,0,3,11,52,61,3,5,1,5,0,105,10.166666666666666,0.5754716981132075,7205.2,3,1,50-60,Medium,Low,3.3333333333333335,0.3333333333333333,6,0.0
4098,1973,Graduation,Married,24639.0,1,1,2014-01-28,3,20,3,16,0,4,1,3,2,0,4,6,0,0,0,0,0,0,3,11,51,44,2,4,1,6,0,152,6.285714285714286,0.2875816993464052,6159.75,3,1,50-60,Low,Low,3.3333333333333335,0.42857142857142855,5,0.0
7000,1972,2n Cycle,Single,65704.0,0,0,2013-10-13,18,279,172,74,38,8,246,1,2,10,10,1,0,0,0,0,0,0,3,11,52,817,0,1,0,22,0,259,35.52173913043478,3.1423076923076922,65704.0,2,0,50-60,High,High,1.6666666666666667,0.043478260869565216,6,0.0
2561,1966,Graduation,Single,63810.0,0,1,2012-11-11,45,977,12,253,16,12,101,4,4,3,12,8,0,1,0,0,0,0,3,11,58,1371,1,2,1,19,1,595,68.55,2.3003355704697985,31905.0,3,0,50-60,High,Very High,5.333333333333333,0.2,6,0.2
5229,1969,PhD,Together,54132.0,0,1,2014-02-16,81,30,1,8,0,0,3,1,1,0,3,7,0,0,0,0,0,0,3,11,55,42,1,3,1,4,0,133,8.4,0.31343283582089554,18044.0,5,1,50-60,High,Low,3.0,0.2,4,0.0
4086,1959,Graduation,Married,18690.0,0,0,2012-12-28,77,6,1,7,23,4,19,1,1,1,2,8,0,0,0,0,0,0,3,11,65,60,0,2,0,4,0,548,12.0,0.1092896174863388,9345.0,3,1,60+,Low,Low,3.3333333333333335,0.2,6,0.0
2428,1970,Graduation,Married,28164.0,1,0,2013-05-04,23,3,18,26,11,8,12,3,2,0,4,7,0,0,0,0,0,0,3,11,54,78,1,3,1,6,0,421,11.142857142857142,0.1848341232227488,9388.0,3,1,50-60,Low,Medium,3.6666666666666665,0.42857142857142855,6,0.0
8254,1974,PhD,Married,34596.0,1,0,2013-04-13,48,14,0,2,0,0,7,1,1,0,2,8,0,0,0,0,0,0,3,11,50,23,1,3,1,3,0,442,5.75,0.05191873589164785,11532.0,5,1,40-50,Low,Low,3.3333333333333335,0.25,3,0.0
2836,1972,PhD,Married,43269.0,1,0,2013-09-16,61,10,1,7,0,0,1,1,1,0,2,8,0,0,0,0,0,0,3,11,52,19,1,3,1,3,0,286,4.75,0.06620209059233449,14423.0,5,1,50-60,Medium,Low,3.3333333333333335,0.25,4,0.0
8418,1958,2n Cycle,Single,38741.0,1,1,2014-03-30,60,7,10,17,8,6,13,2,2,0,3,7,0,0,0,0,0,0,3,11,66,61,2,3,1,5,0,91,10.166666666666666,0.6630434782608695,12913.666666666666,2,0,60+,Medium,Low,3.6666666666666665,0.3333333333333333,6,0.0
1362,1972,Graduation,Single,31907.0,0,0,2013-03-04,75,33,87,64,175,16,74,1,6,1,6,7,0,0,0,0,0,0,3,11,52,449,0,1,0,13,0,482,32.07142857142857,0.9296066252587992,31907.0,3,0,50-60,Low,High,6.333333333333333,0.07142857142857142,6,0.0
7152,1983,Master,Married,27100.0,1,0,2013-04-05,64,12,0,13,2,0,10,1,1,0,3,7,0,0,0,0,0,0,3,11,41,37,1,3,1,4,0,450,7.4,0.082039911308204,9033.333333333334,4,1,40-50,Low,Low,3.0,0.2,4,0.0
10033,1973,2n Cycle,Divorced,31163.0,1,0,2014-02-13,54,2,3,10,11,2,10,1,1,0,3,6,0,0,0,0,0,0,3,11,51,38,1,2,1,4,0,136,7.6,0.2773722627737226,15581.5,2,0,50-60,Low,Low,2.6666666666666665,0.2,6,0.0
9349,1985,Graduation,Married,92533.0,0,0,2013-12-19,84,693,21,118,110,147,42,1,6,5,11,2,0,0,1,1,0,0,3,11,39,1131,0,2,0,22,2,192,49.17391304347826,5.860103626943006,46266.5,3,1,30-40,Very High,Very High,4.666666666666667,0.043478260869565216,6,0.4
274,1973,Graduation,Single,34853.0,1,1,2013-12-23,75,9,3,15,2,3,2,2,2,0,3,6,0,0,0,0,0,0,3,11,51,34,2,3,1,5,0,188,5.666666666666667,0.17989417989417988,11617.666666666666,3,0,50-60,Low,Low,3.3333333333333335,0.3333333333333333,6,0.0
3388,1967,Graduation,Divorced,70844.0,1,1,2013-10-30,16,129,26,67,3,67,2,5,6,1,5,7,0,0,0,0,0,0,3,11,57,294,2,3,1,12,0,242,22.615384615384617,1.2098765432098766,23614.666666666668,3,0,50-60,Very High,Medium,6.333333333333333,0.38461538461538464,6,0.0
922,1979,2n Cycle,Married,31086.0,1,1,2013-05-04,79,16,2,11,3,0,16,2,1,1,2,8,1,0,0,0,0,0,3,11,45,48,2,4,1,4,1,421,9.6,0.11374407582938388,7771.5,2,1,40-50,Low,Low,3.3333333333333335,0.4,5,0.2
8588,1961,Graduation,Married,60544.0,1,1,2012-08-25,92,201,2,43,3,5,35,4,5,1,5,6,0,0,0,0,0,0,3,11,63,289,2,4,1,11,0,673,24.083333333333332,0.4287833827893175,15136.0,3,1,60+,High,Medium,5.333333333333333,0.3333333333333333,6,0.0
2518,1986,2n Cycle,Together,20491.0,0,0,2013-01-25,16,5,4,5,4,2,10,1,0,1,2,7,0,0,0,0,0,0,3,11,38,30,0,2,0,3,0,520,7.5,0.05758157389635317,10245.5,2,1,30-40,Low,Low,2.3333333333333335,0.25,6,0.0
574,1964,Graduation,Married,42523.0,0,0,2014-04-23,96,14,36,11,3,26,35,1,1,1,4,2,0,0,0,0,0,0,3,11,60,125,0,2,0,6,0,67,17.857142857142858,1.838235294117647,21261.5,3,1,50-60,Medium,Medium,1.3333333333333333,0.14285714285714285,6,0.0
3220,1983,Graduation,Married,39922.0,1,0,2013-02-14,30,29,12,59,19,1,36,2,3,0,4,8,0,0,0,0,0,0,3,11,41,156,1,3,1,7,0,500,19.5,0.31137724550898205,13307.333333333334,3,1,40-50,Medium,Medium,4.666666666666667,0.25,6,0.0
5967,1952,Graduation,Together,33402.0,1,1,2013-07-18,60,26,2,19,10,5,8,3,2,1,3,8,0,0,0,0,0,0,3,11,72,70,2,4,1,6,0,346,10.0,0.2017291066282421,8350.5,3,1,60+,Low,Medium,4.0,0.42857142857142855,6,0.0
1183,1949,Master,Married,36408.0,1,1,2013-09-21,11,9,1,4,3,2,3,1,1,0,2,6,0,0,0,0,0,0,3,11,75,22,2,4,1,3,0,281,5.5,0.07801418439716312,9102.0,4,1,60+,Medium,Low,2.6666666666666665,0.25,6,0.0
6856,1979,Graduation,Together,21645.0,1,0,2012-09-03,75,14,0,23,4,5,19,3,3,0,3,9,0,0,0,0,0,0,3,11,45,65,1,3,1,6,0,664,9.285714285714286,0.09774436090225563,7215.0,3,1,40-50,Low,Low,5.0,0.42857142857142855,5,0.0
4530,1948,Master,Widow,78427.0,0,0,2012-10-24,36,972,19,595,180,26,138,3,3,7,10,3,0,0,0,1,0,0,3,11,76,1930,0,1,0,20,1,613,91.9047619047619,3.1433224755700326,78427.0,4,0,60+,Very High,Very High,3.0,0.14285714285714285,6,0.2
4682,1958,Graduation,Married,51876.0,0,0,2013-10-15,88,99,27,102,28,48,6,1,2,2,8,1,0,0,0,0,0,0,3,11,66,310,0,2,0,12,0,257,23.846153846153847,1.2015503875968991,25938.0,3,1,60+,High,Medium,1.6666666666666667,0.07692307692307693,6,0.0
8204,1971,2n Cycle,Married,78041.0,0,0,2012-12-16,93,482,35,553,72,160,17,1,4,4,9,2,0,0,0,0,0,0,3,11,53,1319,0,2,0,17,0,560,73.27777777777777,2.3511586452762923,39020.5,2,1,50-60,Very High,Very High,3.3333333333333335,0.05555555555555555,6,0.0
5221,1957,Graduation,Married,52852.0,0,1,2012-12-01,93,714,8,99,11,0,47,4,10,7,5,8,1,0,0,0,0,0,3,11,67,879,1,3,1,22,1,575,38.21739130434783,1.5260416666666667,17617.333333333332,3,1,60+,High,High,9.333333333333334,0.17391304347826086,5,0.2
1232,1982,PhD,Together,70038.0,0,0,2013-10-25,54,587,54,348,71,54,130,1,4,4,8,2,0,0,0,0,0,0,3,11,42,1244,0,2,0,16,0,247,73.17647058823529,5.016129032258065,35019.0,5,1,40-50,Very High,Very High,3.3333333333333335,0.058823529411764705,6,0.0
1927,1973,2n Cycle,Together,69401.0,0,1,2014-03-23,41,399,27,159,58,8,39,4,4,4,5,2,0,0,0,0,0,0,3,11,51,690,1,3,1,13,0,98,49.285714285714285,6.96969696969697,23133.666666666668,2,1,50-60,Very High,High,3.3333333333333335,0.2857142857142857,6,0.0
5788,1972,Graduation,Together,46053.0,1,0,2013-02-17,46,56,10,92,19,7,25,3,3,2,4,5,0,0,0,0,0,0,3,11,52,209,1,3,1,9,0,497,20.9,0.41967871485943775,15351.0,3,1,50-60,Medium,Medium,3.6666666666666665,0.3,6,0.0
6652,1965,Graduation,Married,77343.0,0,0,2014-06-09,28,227,151,573,98,54,31,1,3,4,9,1,0,0,0,0,0,0,3,11,59,1134,0,2,0,16,0,20,66.70588235294117,54.0,38671.5,3,1,50-60,Very High,Very High,2.3333333333333335,0.058823529411764705,6,0.0
6246,1953,Graduation,Single,73892.0,0,0,2013-11-13,40,703,102,601,0,58,43,1,3,11,8,1,0,0,0,0,0,0,3,11,71,1507,0,1,0,22,0,228,65.52173913043478,6.580786026200873,73892.0,3,0,60+,Very High,Very High,2.3333333333333335,0.043478260869565216,5,0.0
5975,1967,PhD,Single,40304.0,1,0,2013-09-30,82,37,0,17,0,0,3,1,2,0,3,7,0,0,0,0,0,0,3,11,57,57,1,2,1,5,0,272,9.5,0.2087912087912088,20152.0,5,0,50-60,Medium,Low,3.6666666666666665,0.16666666666666666,3,0.0
6875,1965,PhD,Together,32727.0,0,0,2012-08-28,38,167,13,180,86,13,70,2,7,3,5,8,0,0,0,0,0,0,3,11,59,529,0,2,0,15,0,670,33.0625,0.7883755588673621,16363.5,5,1,50-60,Low,High,7.333333333333333,0.125,6,0.0
4399,1969,Graduation,Together,68695.0,0,0,2014-06-25,3,458,81,356,106,50,40,1,4,4,7,2,0,0,0,0,0,0,3,11,55,1091,0,2,0,15,0,4,68.1875,218.2,34347.5,3,1,50-60,Very High,Very High,3.3333333333333335,0.0625,6,0.0
4042,1971,Graduation,Divorced,43300.0,0,1,2012-10-13,87,91,3,52,2,1,31,3,4,0,4,8,0,0,0,0,0,0,3,11,53,180,1,2,1,8,0,624,20.0,0.288,21650.0,3,0,50-60,Medium,Medium,5.333333333333333,0.3333333333333333,6,0.0
2157,1972,Graduation,Together,26290.0,1,1,2013-01-12,49,15,8,16,11,5,22,4,2,0,4,6,0,0,0,0,0,0,3,11,52,77,2,4,1,6,0,533,11.0,0.1441947565543071,6572.5,3,1,50-60,Low,Medium,3.3333333333333335,0.5714285714285714,6,0.0
2525,1974,PhD,Married,38410.0,0,0,2012-09-14,65,153,64,123,116,64,14,2,5,2,9,6,0,0,0,0,0,0,3,11,50,534,0,2,0,16,0,653,31.41176470588235,0.8165137614678899,19205.0,5,1,40-50,Medium,High,5.333333333333333,0.11764705882352941,6,0.0
8233,1950,Master,Widow,64866.0,0,1,2014-01-26,9,508,5,21,7,5,10,4,7,3,7,5,0,1,0,0,0,0,3,11,74,556,1,2,1,17,1,154,30.88888888888889,3.587096774193548,32433.0,4,0,60+,High,High,6.333333333333333,0.2222222222222222,6,0.2
9483,1959,Graduation,Together,57957.0,0,1,2013-08-19,24,290,59,177,77,5,29,7,4,6,8,3,0,0,0,0,0,1,3,11,65,637,1,3,1,18,0,314,33.526315789473685,2.022222222222222,19319.0,3,1,60+,High,High,3.6666666666666665,0.3684210526315789,6,0.0
2945,1955,PhD,Together,46015.0,1,1,2014-04-13,25,38,0,2,0,0,6,1,1,0,3,7,1,0,0,0,1,0,3,11,69,46,2,4,1,4,2,77,9.2,0.5897435897435898,11503.75,5,1,60+,Medium,Low,3.0,0.2,3,0.4
10403,1978,Graduation,Together,16531.0,1,0,2014-06-18,43,2,13,6,7,5,11,3,3,0,3,7,0,0,0,0,0,0,3,11,46,44,1,3,1,6,0,11,6.285714285714286,3.6666666666666665,5510.333333333333,3,1,40-50,Low,Low,4.333333333333333,0.42857142857142855,6,0.0
5074,1986,Master,Married,28072.0,1,0,2013-07-08,10,30,0,10,2,0,5,1,1,0,3,7,0,0,0,0,0,0,3,11,38,47,1,3,1,4,0,356,9.4,0.13165266106442577,9357.333333333334,4,1,30-40,Low,Low,3.0,0.2,4,0.0
10524,1963,Master,Divorced,49476.0,0,1,2013-06-20,29,386,23,95,54,41,196,4,2,11,5,2,0,0,0,0,0,0,3,11,61,795,1,2,1,18,0,374,41.8421052631579,2.12,24738.0,4,0,60+,Medium,High,2.0,0.21052631578947367,6,0.0
4690,1953,Graduation,Married,50725.0,0,1,2013-02-13,45,443,10,75,0,10,48,4,8,1,8,8,0,0,0,0,0,0,3,11,71,586,1,3,1,17,0,501,32.55555555555556,1.1673306772908367,16908.333333333332,3,1,60+,Medium,High,8.0,0.2222222222222222,5,0.0
7521,1952,Graduation,Together,83844.0,0,0,2013-05-12,57,901,31,345,75,31,191,1,4,4,11,1,0,0,1,0,0,0,3,11,72,1574,0,2,0,19,1,413,78.7,3.8019323671497585,41922.0,3,1,60+,Very High,Very High,3.0,0.05,6,0.2
4406,1970,Graduation,Together,67419.0,0,1,2013-01-16,29,846,84,352,91,56,42,4,9,4,8,5,0,0,0,0,0,0,3,11,54,1471,1,3,1,21,0,529,66.86363636363636,2.7754716981132077,22473.0,3,1,50-60,High,Very High,7.666666666666667,0.18181818181818182,6,0.0
9672,1970,2n Cycle,Married,23162.0,1,1,2013-12-21,82,8,3,9,19,4,22,3,1,1,3,6,0,0,0,0,0,0,3,11,54,65,2,4,1,5,0,190,10.833333333333334,0.3403141361256545,5790.5,2,1,50-60,Low,Low,2.6666666666666665,0.5,6,0.0
4864,1977,Graduation,Married,34380.0,1,0,2013-05-02,68,72,7,58,13,1,24,4,4,1,3,8,0,0,0,0,0,0,3,11,47,175,1,3,1,8,0,423,19.444444444444443,0.41273584905660377,11460.0,3,1,40-50,Low,Medium,5.333333333333333,0.4444444444444444,6,0.0
4706,1966,Graduation,Single,34704.0,0,1,2013-04-27,65,29,0,5,0,1,5,1,1,0,3,5,0,0,0,0,0,0,3,11,58,40,1,2,1,4,0,428,8.0,0.09324009324009325,17352.0,3,0,50-60,Low,Low,2.3333333333333335,0.2,4,0.0
25,1958,Graduation,Married,65148.0,0,1,2012-11-16,9,460,35,422,33,12,153,2,6,6,7,4,0,0,0,0,0,0,3,11,66,1115,1,3,1,19,0,590,55.75,1.88663282571912,21716.0,3,1,60+,High,Very High,5.333333333333333,0.1,6,0.0
3697,1954,Graduation,Together,39898.0,0,1,2013-02-12,20,69,8,26,12,7,12,2,3,0,4,7,0,0,0,0,0,0,3,11,70,134,1,3,1,7,0,502,16.75,0.2664015904572565,13299.333333333334,3,1,60+,Medium,Medium,4.333333333333333,0.25,6,0.0
217,1956,Master,Single,64857.0,0,0,2012-11-23,78,556,14,717,210,0,43,1,7,5,10,4,0,0,0,0,0,0,3,11,68,1540,0,1,0,22,0,583,66.95652173913044,2.636986301369863,64857.0,4,0,60+,High,Very High,6.0,0.043478260869565216,5,0.0
4220,1970,PhD,Married,59892.0,0,1,2013-11-02,26,73,0,13,0,1,0,1,2,1,3,3,0,0,0,0,0,0,3,11,54,87,1,3,1,6,0,239,12.428571428571429,0.3625,19964.0,5,1,50-60,High,Medium,2.3333333333333335,0.14285714285714285,3,0.0
5286,1987,Master,Single,41020.0,0,0,2013-10-28,68,112,1,54,7,7,36,1,3,2,4,3,0,0,0,0,0,0,3,11,37,217,0,1,0,9,0,244,21.7,0.8857142857142857,41020.0,4,0,30-40,Medium,Medium,3.0,0.1,6,0.0
9559,1961,PhD,Married,57072.0,0,1,2014-01-24,79,944,0,60,0,0,30,2,7,5,13,5,1,0,0,0,0,0,3,11,63,1034,1,3,1,25,1,156,39.76923076923077,6.585987261146497,19024.0,5,1,60+,High,High,6.333333333333333,0.07692307692307693,3,0.2
2849,1979,Graduation,Single,60474.0,0,1,2013-04-01,25,265,199,303,234,9,170,7,10,2,12,7,0,0,0,0,0,0,3,11,45,1180,1,2,1,24,0,454,47.2,2.5934065934065935,30237.0,3,0,40-50,High,Very High,9.0,0.28,6,0.0
7787,1960,Graduation,Together,62807.0,0,1,2012-08-31,83,526,28,135,10,21,99,3,5,3,12,5,0,0,0,0,0,0,3,11,64,819,1,3,1,20,0,667,39.0,1.2260479041916168,20935.666666666668,3,1,60+,High,High,5.0,0.14285714285714285,6,0.0
3102,1981,2n Cycle,Together,19414.0,1,0,2013-10-16,32,2,3,12,3,5,7,1,1,0,3,8,0,0,0,0,0,0,3,11,43,32,1,3,1,4,0,256,6.4,0.1245136186770428,6471.333333333333,2,1,40-50,Low,Low,3.3333333333333335,0.2,6,0.0
5868,1980,Graduation,Married,19107.0,1,0,2013-08-22,49,2,4,9,10,5,16,2,1,0,3,7,0,0,0,0,0,0,3,11,44,46,1,3,1,4,0,311,9.2,0.14743589743589744,6369.0,3,1,40-50,Low,Low,3.0,0.4,6,0.0
8370,1976,2n Cycle,Together,75484.0,0,1,2012-08-02,50,378,97,259,197,194,34,2,7,3,6,4,0,0,0,0,0,0,3,11,48,1159,1,3,1,16,0,696,68.17647058823529,1.6628407460545194,25161.333333333332,2,1,40-50,Very High,Very High,6.0,0.11764705882352941,6,0.0
9988,1976,Master,Single,70379.0,0,1,2013-03-03,84,553,25,142,65,67,8,3,6,3,13,4,0,0,0,0,0,0,3,11,48,860,1,2,1,22,0,483,37.391304347826086,1.7768595041322315,35189.5,4,0,40-50,Very High,High,5.333333333333333,0.13043478260869565,6,0.0
2939,1970,Master,Together,79419.0,0,0,2014-06-22,96,751,127,687,20,15,31,1,4,6,4,2,0,0,0,0,0,0,3,11,54,1631,0,2,0,14,0,7,108.73333333333333,203.875,39709.5,4,1,50-60,Very High,Very High,3.3333333333333335,0.06666666666666667,6,0.0
5529,1946,PhD,Together,64014.0,2,1,2014-06-10,56,406,0,30,0,0,8,7,8,2,5,7,0,0,0,1,0,0,3,11,78,444,3,5,1,15,1,19,27.75,22.2,12802.8,5,1,60+,High,High,7.666666666666667,0.4375,3,0.2
9743,1955,Graduation,Married,76998.0,0,1,2013-01-11,85,1449,89,161,69,35,107,2,11,8,8,6,0,0,1,0,0,0,3,11,69,1910,1,3,1,27,1,534,68.21428571428571,3.5700934579439254,25666.0,3,1,60+,Very High,Very High,9.333333333333334,0.07142857142857142,6,0.2
5763,1972,Master,Together,49854.0,1,0,2013-11-10,63,123,17,171,39,0,30,5,6,2,5,6,0,0,0,0,0,0,3,11,52,380,1,3,1,13,0,231,27.142857142857142,1.6379310344827587,16618.0,4,1,50-60,Medium,Medium,6.0,0.35714285714285715,5,0.0
3478,1971,PhD,Married,60585.0,1,1,2013-06-24,17,267,42,309,55,42,21,10,7,4,9,5,0,0,0,0,0,0,3,11,53,736,2,4,1,20,0,370,35.04761904761905,1.9838274932614555,15146.25,5,1,50-60,High,High,6.333333333333333,0.47619047619047616,6,0.0
7494,1950,PhD,Divorced,42873.0,1,1,2013-01-21,11,209,0,40,3,2,15,4,6,1,4,8,0,0,0,0,0,0,3,11,74,269,2,3,1,11,0,524,22.416666666666668,0.5123809523809524,14291.0,5,0,60+,Medium,Medium,6.666666666666667,0.3333333333333333,5,0.0
7250,1978,Graduation,Together,57867.0,1,0,2013-10-01,48,344,35,178,15,23,17,7,7,2,9,6,0,0,0,0,0,0,3,11,46,612,1,3,1,18,0,271,32.21052631578947,2.25,19289.0,3,1,40-50,High,High,6.666666666666667,0.3684210526315789,6,0.0
2005,1990,Graduation,Married,35765.0,1,0,2013-12-11,86,22,3,30,0,5,15,2,2,0,4,6,0,0,0,0,0,0,3,11,34,75,1,3,1,6,0,200,10.714285714285714,0.373134328358209,11921.666666666666,3,1,30-40,Medium,Medium,3.3333333333333335,0.2857142857142857,5,0.0
10770,1959,Graduation,Married,65492.0,0,0,2014-01-26,73,247,161,295,210,85,47,2,4,7,13,2,0,0,0,0,0,0,3,11,65,1045,0,2,0,24,0,154,41.8,6.741935483870968,32746.0,3,1,60+,High,High,3.3333333333333335,0.08,6,0.0
6885,1977,Graduation,Divorced,32952.0,1,0,2013-12-01,36,38,0,12,3,1,1,1,2,0,3,7,0,0,0,0,0,0,3,11,47,55,1,2,1,5,0,210,9.166666666666666,0.26066350710900477,16476.0,3,0,40-50,Low,Low,3.6666666666666665,0.16666666666666666,5,0.0
2072,1969,PhD,Together,53374.0,0,1,2012-08-16,34,896,10,101,13,10,34,6,4,2,9,9,1,0,0,0,0,0,3,11,55,1064,1,3,1,15,1,682,66.5,1.5578330893118595,17791.333333333332,5,1,50-60,High,Very High,5.666666666666667,0.375,6,0.2
9463,1959,Graduation,Together,71706.0,0,1,2012-11-13,16,931,56,253,91,98,14,4,9,5,7,5,0,0,0,0,0,0,3,11,65,1443,1,3,1,21,0,593,65.5909090909091,2.4292929292929295,23902.0,3,1,60+,Very High,Very High,7.666666666666667,0.18181818181818182,6,0.0
6318,1988,Graduation,Married,68487.0,0,0,2013-01-13,48,758,12,385,33,89,89,1,9,7,13,4,0,0,0,0,0,0,3,11,36,1366,0,2,0,29,0,532,45.53333333333333,2.5628517823639774,34243.5,3,1,30-40,Very High,Very High,7.333333333333333,0.03333333333333333,6,0.0
4093,1975,Master,Together,53253.0,1,1,2013-02-11,61,216,9,57,20,9,125,7,4,3,5,5,0,0,0,0,0,0,3,11,49,436,2,4,1,12,0,503,33.53846153846154,0.8650793650793651,13313.25,4,1,40-50,High,High,4.333333333333333,0.5384615384615384,6,0.0
5751,1973,2n Cycle,Divorced,31163.0,1,0,2014-02-13,54,2,3,10,11,2,10,1,1,0,3,6,0,0,0,0,0,0,3,11,51,38,1,2,1,4,0,136,7.6,0.2773722627737226,15581.5,2,0,50-60,Low,Low,2.6666666666666665,0.2,6,0.0
3340,1977,Graduation,Married,42014.0,1,0,2012-08-17,56,244,15,108,4,15,50,6,7,1,6,8,0,0,0,0,0,0,3,11,47,436,1,3,1,14,0,681,29.066666666666666,0.6392961876832844,14004.666666666666,3,1,40-50,Medium,High,7.333333333333333,0.4,6,0.0
3594,1973,Master,Married,54108.0,1,1,2012-11-05,74,539,6,91,8,6,97,13,8,2,9,8,0,0,0,0,0,0,3,11,51,747,2,4,1,19,0,601,37.35,1.2408637873754154,13527.0,4,1,50-60,High,High,8.0,0.65,6,0.0
3584,1955,PhD,Single,49667.0,0,0,2012-08-20,35,1181,26,120,17,13,39,2,5,10,5,8,1,0,0,0,0,0,3,11,69,1396,0,1,0,20,1,678,66.47619047619048,2.055964653902798,49667.0,5,0,60+,Medium,Very High,6.0,0.09523809523809523,6,0.2
3643,1974,Master,Married,63206.0,0,0,2014-03-20,65,750,8,125,11,8,26,1,4,3,6,2,0,0,1,0,0,0,3,11,50,928,0,2,0,13,1,101,66.28571428571429,9.098039215686274,31603.0,4,1,40-50,High,High,3.3333333333333335,0.07142857142857142,6,0.2
851,1972,Master,Married,57136.0,1,1,2013-07-09,48,306,5,109,21,109,92,9,5,2,10,6,0,0,0,0,0,0,3,11,52,642,2,4,1,17,0,355,35.666666666666664,1.803370786516854,14284.0,4,1,50-60,High,High,5.333333333333333,0.5,6,0.0
7706,1975,2n Cycle,Together,46772.0,0,1,2012-11-07,88,350,104,189,197,151,57,6,11,8,5,8,1,0,0,0,0,0,3,11,49,1048,1,3,1,24,1,599,41.92,1.7466666666666666,15590.666666666666,2,1,40-50,Medium,Very High,10.0,0.24,6,0.2
3967,1971,PhD,Married,78931.0,0,0,2013-10-25,19,331,197,170,58,152,35,1,2,8,13,1,0,0,0,0,0,0,3,11,53,943,0,2,0,23,0,247,39.291666666666664,3.8024193548387095,39465.5,5,1,50-60,Very High,High,1.6666666666666667,0.041666666666666664,6,0.0
10128,1958,Graduation,Together,53977.0,0,1,2013-06-08,21,620,16,165,0,24,82,5,5,5,12,5,0,0,0,0,0,0,3,11,66,907,1,3,1,22,0,386,39.43478260869565,2.343669250645995,17992.333333333332,3,1,60+,High,High,5.0,0.21739130434782608,5,0.0
486,1988,Graduation,Married,84219.0,0,0,2014-02-02,27,434,137,400,45,137,45,1,3,4,10,1,0,0,0,0,0,0,3,11,36,1198,0,2,0,17,0,147,66.55555555555556,8.094594594594595,42109.5,3,1,30-40,Very High,Very High,2.3333333333333335,0.05555555555555555,6,0.0
9,1975,Master,Single,46098.0,1,1,2012-08-18,86,57,0,27,0,0,36,4,3,2,2,8,0,0,0,0,0,0,3,11,49,120,2,3,1,7,0,680,15.0,0.1762114537444934,15366.0,4,0,40-50,Medium,Medium,4.666666666666667,0.5,3,0.0
9451,1965,Graduation,Married,73538.0,0,1,2012-11-25,92,811,76,428,99,137,107,3,10,4,9,7,0,0,0,0,0,0,3,11,59,1658,1,3,1,23,0,581,69.08333333333333,2.8487972508591066,24512.666666666668,3,1,50-60,Very High,Very High,9.0,0.125,6,0.0
9264,1986,Graduation,Married,79529.0,0,0,2014-04-27,1,423,42,706,73,197,197,1,4,8,9,2,0,0,0,0,0,0,3,11,38,1638,0,2,0,21,0,63,74.45454545454545,25.59375,39764.5,3,1,30-40,Very High,Very High,3.3333333333333335,0.045454545454545456,6,0.0
3865,1977,2n Cycle,Together,20981.0,0,0,2013-04-30,14,2,12,10,6,13,30,1,3,1,2,8,0,0,0,0,0,0,3,11,47,73,0,2,0,6,0,425,10.428571428571429,0.17136150234741784,10490.5,2,1,40-50,Low,Medium,4.666666666666667,0.14285714285714285,6,0.0
2853,1980,Graduation,Single,51766.0,1,0,2014-03-11,74,60,51,87,6,20,51,2,4,2,4,5,0,0,0,0,0,0,3,11,44,275,1,2,1,10,0,110,25.0,2.4774774774774775,25883.0,3,0,40-50,High,Medium,4.333333333333333,0.18181818181818182,6,0.0
1490,1962,Graduation,Married,55759.0,0,1,2012-11-28,84,675,0,85,10,7,77,5,10,3,8,8,0,0,0,0,0,0,3,11,62,854,1,3,1,21,0,578,38.81818181818182,1.4749568221070812,18586.333333333332,3,1,60+,High,High,9.333333333333334,0.22727272727272727,5,0.0
6310,1978,Graduation,Married,33039.0,1,0,2013-09-09,4,30,8,12,8,8,12,1,2,0,4,5,0,0,0,0,0,0,3,11,46,78,1,3,1,6,0,293,11.142857142857142,0.2653061224489796,11013.0,3,1,40-50,Low,Medium,3.0,0.14285714285714285,6,0.0
10380,1972,Master,Married,37787.0,1,0,2013-09-20,50,40,1,40,4,3,18,1,3,0,3,8,0,0,0,0,0,0,3,11,52,106,1,3,1,6,0,282,15.142857142857142,0.3745583038869258,12595.666666666666,4,1,50-60,Medium,Medium,4.666666666666667,0.14285714285714285,6,0.0
3887,1970,Graduation,Single,27242.0,1,0,2012-11-11,2,3,17,26,20,1,39,2,2,0,3,9,0,0,0,0,0,0,3,11,54,106,1,2,1,5,0,595,17.666666666666668,0.17785234899328858,13621.0,3,0,50-60,Low,Medium,4.333333333333333,0.3333333333333333,6,0.0
4278,1983,PhD,Single,87188.0,0,0,2013-06-03,73,910,111,724,49,74,55,1,10,2,6,3,0,0,0,0,0,0,3,11,41,1923,0,1,0,18,0,391,101.21052631578948,4.905612244897959,87188.0,5,0,40-50,Very High,Very High,7.666666666666667,0.05263157894736842,6,0.0
8643,1971,Graduation,Together,69930.0,0,0,2013-05-26,21,252,98,827,219,70,196,1,4,5,12,3,0,0,0,0,0,0,3,11,53,1662,0,2,0,21,0,399,75.54545454545455,4.155,34965.0,3,1,50-60,Very High,Very High,3.6666666666666665,0.045454545454545456,6,0.0
1998,1976,Graduation,Single,37697.0,1,0,2014-02-07,82,34,6,21,11,4,8,1,2,1,3,6,0,0,0,0,0,0,3,11,48,84,1,2,1,6,0,142,12.0,0.5874125874125874,18848.5,3,0,40-50,Medium,Medium,3.3333333333333335,0.14285714285714285,6,0.0
10795,1973,PhD,Married,37401.0,1,0,2014-05-06,14,19,3,19,3,1,3,2,2,0,3,7,0,0,0,0,0,0,3,11,51,48,1,3,1,5,0,54,8.0,0.8727272727272727,12467.0,5,1,50-60,Medium,Low,3.6666666666666665,0.3333333333333333,6,0.0
2408,1976,Graduation,Married,58597.0,1,1,2012-11-20,20,490,0,184,10,28,21,12,7,4,9,7,0,0,0,0,0,0,3,11,48,733,2,4,1,20,0,586,34.904761904761905,1.2487223168654173,14649.25,3,1,40-50,High,High,7.0,0.5714285714285714,5,0.0
202,1948,PhD,Widow,82032.0,0,0,2014-04-05,54,332,194,377,149,125,57,0,4,6,7,1,0,0,0,0,0,0,3,11,76,1234,0,1,0,17,0,85,68.55555555555556,14.348837209302326,82032.0,5,0,60+,Very High,Very High,3.0,0.0,6,0.0
7998,1958,Graduation,Together,28087.0,1,1,2012-12-11,77,53,8,17,13,0,21,3,2,2,2,7,0,0,0,0,0,0,3,11,66,112,2,4,1,6,0,565,16.0,0.1978798586572438,7021.75,3,1,60+,Low,Medium,3.6666666666666665,0.42857142857142855,5,0.0
830,1987,PhD,Single,74004.0,0,0,2014-02-24,5,784,48,560,42,176,48,1,4,6,4,3,0,0,1,1,0,0,3,11,37,1658,0,1,0,14,2,125,110.53333333333333,13.158730158730158,74004.0,5,0,30-40,Very High,Very High,3.6666666666666665,0.06666666666666667,6,0.4
3536,1960,Graduation,Together,19740.0,0,1,2013-03-24,65,7,11,3,10,4,20,2,1,1,3,5,0,0,0,0,0,0,3,11,64,55,1,3,1,5,0,462,9.166666666666666,0.11879049676025918,6580.0,3,1,60+,Low,Low,2.3333333333333335,0.3333333333333333,6,0.0
6050,1975,2n Cycle,Married,57036.0,0,1,2012-12-11,33,1171,43,219,19,14,47,4,6,3,13,9,1,0,0,0,0,0,3,11,49,1513,1,3,1,22,1,565,65.78260869565217,2.6731448763250882,19012.0,2,1,40-50,High,Very High,7.0,0.17391304347826086,6,0.2
125,1958,2n Cycle,Together,53083.0,1,1,2013-05-15,65,215,7,33,3,0,13,6,5,1,5,7,0,1,0,0,0,0,3,11,66,271,2,4,1,11,1,410,22.583333333333332,0.6593673965936739,13270.75,2,1,60+,High,Medium,5.666666666666667,0.5,5,0.2
3463,1975,PhD,Married,69283.0,0,1,2014-06-14,41,674,62,134,0,26,8,4,7,3,13,5,0,0,0,0,0,0,3,11,49,904,1,3,1,23,0,15,37.666666666666664,56.5,23094.333333333332,5,1,40-50,Very High,High,6.333333333333333,0.16666666666666666,5,0.0
2804,1975,Master,Single,46098.0,1,1,2012-08-18,86,57,0,27,0,0,36,4,3,2,2,8,0,0,0,0,0,0,3,11,49,120,2,3,1,7,0,680,15.0,0.1762114537444934,15366.0,4,0,40-50,Medium,Medium,4.666666666666667,0.5,3,0.0
3745,1988,2n Cycle,Married,23331.0,1,0,2012-09-04,92,5,36,7,0,10,45,2,3,0,3,8,0,0,0,0,0,0,3,11,36,103,1,3,1,6,0,663,14.714285714285714,0.15512048192771086,7777.0,2,1,30-40,Low,Medium,4.666666666666667,0.2857142857142857,5,0.0
9771,1988,2n Cycle,Single,23331.0,1,0,2012-10-05,97,104,20,101,24,15,5,6,5,1,5,9,0,0,0,0,0,0,3,11,36,269,1,2,1,11,0,632,22.416666666666668,0.42496050552922593,11665.5,2,0,30-40,Low,Medium,6.333333333333333,0.5,6,0.0
451,1989,Graduation,Single,9255.0,1,0,2013-12-20,91,9,0,7,2,0,4,1,1,1,2,8,0,0,0,0,0,0,3,11,35,22,1,2,1,4,0,191,4.4,0.11458333333333333,4627.5,3,0,30-40,Low,Low,3.3333333333333335,0.2,4,0.0
10530,1959,PhD,Widow,67786.0,0,0,2013-12-07,0,431,82,441,80,20,102,1,3,6,6,1,0,0,0,0,0,0,3,11,65,1156,0,1,0,15,0,204,72.25,5.639024390243902,67786.0,5,0,60+,High,Very High,2.3333333333333335,0.0625,6,0.0
1079,1971,PhD,Married,71969.0,0,1,2012-10-16,59,1000,0,76,0,0,10,3,3,4,9,8,0,1,0,0,0,0,3,11,53,1086,1,3,1,16,1,621,63.88235294117647,1.7459807073954985,23989.666666666668,5,1,50-60,Very High,Very High,4.666666666666667,0.17647058823529413,3,0.2
8920,1967,Master,Single,59235.0,1,0,2013-01-12,4,448,40,469,80,0,91,3,11,2,12,7,0,0,0,0,0,0,3,11,57,1128,1,2,1,25,0,533,43.38461538461539,2.1123595505617976,29617.5,4,0,50-60,High,Very High,9.666666666666666,0.11538461538461539,5,0.0
6678,1989,Graduation,Together,31928.0,1,0,2014-03-28,5,33,4,24,4,2,5,2,3,0,4,7,0,0,0,0,0,0,3,11,35,72,1,3,1,7,0,93,9.0,0.7659574468085106,10642.666666666666,3,1,30-40,Low,Medium,4.333333333333333,0.25,6,0.0
3852,1961,Master,Together,74881.0,1,1,2013-03-08,48,505,72,270,36,27,54,4,9,2,12,5,0,0,0,0,0,0,3,11,63,964,2,4,1,23,0,478,40.166666666666664,2.012526096033403,18720.25,4,1,60+,Very High,High,7.666666666666667,0.16666666666666666,6,0.0
528,1978,Graduation,Married,65819.0,0,0,2012-11-29,99,267,38,701,149,165,63,1,5,4,10,3,0,0,0,0,0,0,3,11,46,1383,0,2,0,19,0,577,69.15,2.3927335640138407,32909.5,3,1,40-50,High,Very High,4.333333333333333,0.05,6,0.0
73,1953,PhD,Single,51411.0,1,2,2013-05-26,81,14,0,3,0,0,1,1,0,0,3,5,0,0,0,0,0,0,3,11,71,18,3,4,1,3,0,399,4.5,0.045,12852.75,5,0,60+,High,Low,1.6666666666666667,0.25,3,0.0
5589,1964,Graduation,Divorced,51983.0,0,1,2012-08-31,95,631,0,115,10,7,30,3,9,2,10,7,0,0,0,0,0,0,3,11,60,793,1,2,1,21,0,667,36.04545454545455,1.187125748502994,25991.5,3,0,50-60,High,High,8.333333333333334,0.13636363636363635,5,0.0
10212,1986,Master,Together,42386.0,1,0,2013-01-13,43,65,4,16,0,4,11,1,3,0,3,8,0,0,0,0,0,0,3,11,38,100,1,3,1,6,0,532,14.285714285714286,0.18761726078799248,14128.666666666666,4,1,30-40,Medium,Medium,4.666666666666667,0.14285714285714285,5,0.0
6365,1987,2n Cycle,Married,30390.0,0,0,2013-09-02,5,10,12,12,25,1,20,1,2,0,3,6,0,0,0,0,0,0,3,11,37,80,0,2,0,5,0,300,13.333333333333334,0.26578073089701,15195.0,2,1,30-40,Low,Medium,3.3333333333333335,0.16666666666666666,6,0.0
5636,1963,Graduation,Single,30983.0,0,0,2012-11-09,50,51,4,50,12,1,49,1,4,0,3,8,0,0,0,0,0,0,3,11,61,167,0,1,0,7,0,597,20.875,0.2792642140468227,30983.0,3,0,60+,Low,Medium,5.333333333333333,0.125,6,0.0
591,1957,Graduation,Widow,66033.0,0,1,2013-01-20,76,293,35,179,46,59,65,2,8,3,7,7,0,0,0,0,0,0,3,11,67,677,1,2,1,18,0,525,35.63157894736842,1.2870722433460076,33016.5,3,0,60+,High,High,7.666666666666667,0.10526315789473684,6,0.0
2217,1975,2n Cycle,Married,37284.0,1,1,2013-03-29,46,11,1,2,2,1,6,1,0,0,3,6,0,0,0,0,0,0,3,11,49,23,2,4,1,3,0,457,5.75,0.05021834061135371,9321.0,2,1,40-50,Medium,Low,2.0,0.25,6,0.0
2544,1951,Master,Divorced,57530.0,0,1,2013-10-12,68,50,1,27,6,7,1,1,1,1,4,1,0,0,0,0,0,0,3,11,73,92,1,2,1,6,0,260,13.142857142857142,0.3524904214559387,28765.0,4,0,60+,High,Medium,1.0,0.14285714285714285,6,0.0
7725,1965,2n Cycle,Married,76800.0,0,0,2014-03-08,33,173,26,255,35,71,81,1,4,4,7,1,0,0,0,0,0,0,3,11,59,641,0,2,0,15,0,113,40.0625,5.62280701754386,38400.0,2,1,50-60,Very High,High,3.0,0.0625,6,0.0
8091,1956,Graduation,Married,63943.0,0,1,2012-09-02,50,423,184,368,13,97,21,1,6,4,6,5,0,0,0,0,0,0,3,11,68,1106,1,3,1,16,0,665,65.05882352941177,1.6606606606606606,21314.333333333332,3,1,60+,High,Very High,5.666666666666667,0.058823529411764705,6,0.0
7321,1962,Graduation,Together,76081.0,0,0,2014-05-23,85,292,30,415,63,33,200,1,4,5,4,2,0,0,0,1,0,0,3,11,62,1033,0,2,0,13,1,37,73.78571428571429,27.18421052631579,38040.5,3,1,60+,Very High,High,3.3333333333333335,0.07142857142857142,6,0.2
5462,1974,Graduation,Married,67445.0,0,1,2012-08-12,63,757,80,217,29,80,11,5,9,6,12,6,0,0,0,0,0,0,3,11,50,1174,1,3,1,27,0,686,41.92857142857143,1.7088791848617175,22481.666666666668,3,1,40-50,High,Very High,8.0,0.17857142857142858,6,0.0
7791,1967,Master,Married,37054.0,1,1,2013-09-15,89,12,1,6,0,1,5,2,1,0,3,7,0,0,0,0,0,0,3,11,57,25,2,4,1,4,0,287,5.0,0.08680555555555555,9263.5,4,1,50-60,Medium,Low,3.0,0.4,5,0.0
955,1962,Master,Together,47175.0,1,1,2012-10-28,81,167,2,44,6,2,19,7,4,2,4,8,1,0,0,0,0,0,3,11,62,240,2,4,1,10,1,609,21.818181818181817,0.39344262295081966,11793.75,4,1,60+,Medium,Medium,5.333333333333333,0.6363636363636364,6,0.2
4037,1976,Graduation,Divorced,31859.0,1,0,2013-06-14,77,3,1,3,8,0,5,1,1,0,2,7,0,0,0,0,0,0,3,11,48,20,1,2,1,3,0,380,5.0,0.05249343832020997,15929.5,3,0,40-50,Low,Low,3.0,0.25,5,0.0
6642,1961,Graduation,Divorced,27215.0,2,1,2013-01-23,50,30,5,22,8,9,28,4,2,1,4,6,0,0,0,0,0,0,3,11,63,102,3,4,1,7,0,522,12.75,0.1950286806883365,6803.75,3,0,60+,Low,Medium,3.3333333333333335,0.5,6,0.0
2793,1976,PhD,Divorced,70179.0,0,1,2013-07-21,10,532,88,168,69,44,133,3,7,3,13,5,0,0,0,0,0,0,3,11,48,1034,1,2,1,23,0,343,43.083333333333336,3.005813953488372,35089.5,5,0,40-50,Very High,High,6.333333333333333,0.125,6,0.0
5424,1983,Graduation,Married,39922.0,1,0,2013-02-14,30,29,12,59,19,1,36,2,3,0,4,8,0,0,0,0,0,0,3,11,41,156,1,3,1,7,0,500,19.5,0.31137724550898205,13307.333333333334,3,1,40-50,Medium,Medium,4.666666666666667,0.25,6,0.0
879,1976,Master,Married,49681.0,0,2,2013-11-04,66,411,0,26,0,0,21,6,7,1,7,7,0,0,0,0,0,0,3,11,48,458,2,4,1,15,0,237,28.625,1.9243697478991597,12420.25,4,1,40-50,Medium,High,7.0,0.375,3,0.0
9530,1988,Graduation,Married,24645.0,1,0,2012-11-01,16,5,3,4,4,1,0,1,1,0,2,8,0,0,0,0,0,0,3,11,36,17,1,3,1,3,0,605,4.25,0.028052805280528052,8215.0,3,1,30-40,Low,Low,3.3333333333333335,0.25,5,0.0
4828,1954,Graduation,Divorced,79865.0,0,1,2014-06-18,12,71,99,278,185,121,38,1,5,10,5,1,0,0,0,0,0,0,3,11,70,792,1,2,1,20,0,11,37.714285714285715,66.0,39932.5,3,0,60+,Very High,High,3.6666666666666665,0.047619047619047616,6,0.0
10699,1985,Graduation,Married,44322.0,1,0,2014-06-16,30,46,0,40,3,0,3,2,3,0,3,8,0,0,0,0,0,0,3,11,39,92,1,3,1,6,0,13,13.142857142857142,6.571428571428571,14774.0,3,1,30-40,Medium,Medium,4.666666666666667,0.2857142857142857,4,0.0
1497,1952,Graduation,Single,47958.0,0,1,2013-01-19,8,268,11,88,15,3,22,2,6,3,5,5,0,0,0,0,0,0,3,11,72,407,1,2,1,14,0,526,27.133333333333333,0.7722960151802657,23979.0,3,0,60+,Medium,High,5.666666666666667,0.13333333333333333,6,0.0
7476,1964,Master,Single,63972.0,0,1,2012-12-02,93,928,63,254,0,12,12,4,5,4,10,4,0,1,0,0,0,0,3,11,60,1269,1,2,1,19,1,574,63.45,2.2069565217391305,31986.0,4,0,50-60,High,Very High,4.666666666666667,0.2,5,0.2
4390,1954,Graduation,Together,75315.0,0,1,2014-04-15,14,459,15,171,142,23,31,2,5,4,12,2,0,0,0,0,0,0,3,11,70,841,1,3,1,21,0,75,38.22727272727273,11.06578947368421,25105.0,3,1,60+,Very High,High,4.0,0.09090909090909091,6,0.0
10478,1950,PhD,Married,55517.0,1,1,2012-09-27,53,483,0,108,0,6,36,5,11,1,6,9,0,0,0,0,0,0,3,11,74,633,2,4,1,18,0,640,33.31578947368421,0.9875195007800313,13879.25,5,1,60+,High,High,10.333333333333334,0.2631578947368421,4,0.0
1081,1957,PhD,Married,75283.0,1,2,2013-03-27,26,733,9,180,12,19,66,11,6,3,5,4,0,0,0,0,0,0,3,11,67,1019,3,5,1,14,0,459,67.93333333333334,2.215217391304348,15056.6,5,1,60+,Very High,High,5.333333333333333,0.7333333333333333,6,0.0
4261,1946,PhD,Single,82800.0,0,0,2012-11-24,23,1006,22,115,59,68,45,1,7,6,12,3,0,0,1,1,0,0,3,11,78,1315,0,1,0,25,2,582,50.57692307692308,2.2555746140651802,82800.0,5,0,60+,Very High,Very High,5.666666666666667,0.038461538461538464,6,0.4
9916,1954,Graduation,Married,38998.0,1,1,2012-11-03,92,34,1,14,0,0,5,3,2,0,3,8,0,0,0,0,0,1,3,11,70,54,2,4,1,5,0,603,9.0,0.08940397350993377,9749.5,3,1,60+,Medium,Low,4.0,0.5,4,0.0
8135,1986,Master,Married,27161.0,1,0,2013-10-28,41,7,4,23,7,0,11,1,1,0,3,7,0,0,0,0,0,0,3,11,38,52,1,3,1,4,0,244,10.4,0.21224489795918366,9053.666666666666,4,1,30-40,Low,Low,3.0,0.2,5,0.0
8685,1977,Graduation,Married,42014.0,1,0,2012-08-17,56,244,15,108,4,15,50,6,7,1,6,8,0,0,0,0,0,0,3,11,47,436,1,3,1,14,0,681,29.066666666666666,0.6392961876832844,14004.666666666666,3,1,40-50,Medium,High,7.333333333333333,0.4,6,0.0
4967,1960,PhD,Together,38201.0,0,1,2013-03-29,19,233,0,23,0,0,12,4,5,1,5,8,0,0,0,0,0,0,3,11,64,268,1,3,1,11,0,457,22.333333333333332,0.5851528384279476,12733.666666666666,5,1,60+,Medium,Medium,6.0,0.3333333333333333,3,0.0
2130,1982,Graduation,Together,45203.0,2,0,2014-03-23,4,35,3,67,10,8,24,1,3,1,3,6,0,0,0,0,0,0,3,11,42,147,2,4,1,7,0,98,18.375,1.4848484848484849,11300.75,3,1,40-50,Medium,Medium,4.0,0.125,6,0.0
9298,1947,PhD,Together,81574.0,0,0,2014-04-28,89,1252,0,465,46,35,0,1,4,5,8,1,0,1,1,0,0,0,3,11,77,1798,0,2,0,17,2,62,99.88888888888889,28.53968253968254,40787.0,5,1,60+,Very High,Very High,3.0,0.05555555555555555,4,0.4
8175,1992,Graduation,Married,34935.0,0,0,2013-06-21,71,34,4,66,3,10,20,1,2,1,4,7,0,0,0,0,0,0,3,11,32,137,0,2,0,7,0,373,17.125,0.3663101604278075,17467.5,3,1,30-40,Low,Medium,3.6666666666666665,0.125,6,0.0
6257,1976,Master,Single,60482.0,0,1,2013-01-23,81,255,43,134,37,14,24,1,7,2,7,7,0,0,0,0,0,0,3,11,48,507,1,2,1,16,0,522,29.823529411764707,0.9694072657743786,30241.0,4,0,40-50,High,High,7.0,0.058823529411764705,6,0.0
3790,1956,Graduation,Together,34633.0,2,1,2014-01-23,31,8,1,5,0,0,1,1,1,0,2,6,0,0,0,0,0,0,3,11,68,15,3,5,1,3,0,157,3.75,0.0949367088607595,6926.6,3,1,60+,Low,Low,2.6666666666666665,0.25,4,0.0
9952,1947,Master,Together,78093.0,0,0,2013-12-11,53,368,32,639,13,43,10,1,4,7,5,1,0,0,0,0,0,0,3,11,77,1105,0,2,0,16,0,200,65.0,5.497512437810945,39046.5,4,1,60+,Very High,Very High,3.0,0.058823529411764705,6,0.0
3503,1950,Graduation,Divorced,82460.0,0,0,2013-12-02,78,255,47,573,52,32,15,1,5,3,6,1,0,0,0,0,0,0,3,11,74,974,0,1,0,14,0,209,64.93333333333334,4.6380952380952385,82460.0,3,0,60+,Very High,High,3.6666666666666665,0.06666666666666667,6,0.0
5223,1966,Master,Together,45903.0,0,1,2014-04-23,80,33,8,10,2,10,3,2,2,1,3,4,0,0,0,0,0,0,3,11,58,66,1,3,1,6,0,67,9.428571428571429,0.9705882352941176,15301.0,4,1,50-60,Medium,Low,2.6666666666666665,0.2857142857142857,6,0.0
4608,1987,Graduation,Divorced,81361.0,0,0,2014-02-25,18,163,23,424,27,65,76,1,3,10,13,1,0,0,0,0,0,0,3,11,37,778,0,1,0,26,0,124,28.814814814814813,6.224,81361.0,3,0,30-40,Very High,High,2.3333333333333335,0.037037037037037035,6,0.0
1626,1973,PhD,Divorced,35860.0,1,1,2014-05-19,37,15,0,8,4,2,20,2,1,1,2,5,1,0,0,0,0,0,3,11,51,49,2,3,1,4,1,41,9.8,1.1666666666666667,11953.333333333334,5,0,50-60,Medium,Low,2.3333333333333335,0.4,5,0.2
4764,1952,Master,Together,40442.0,1,1,2012-08-19,52,45,12,52,25,22,13,4,3,1,4,7,0,0,0,0,0,0,3,11,72,169,2,4,1,8,0,679,18.77777777777778,0.2485294117647059,10110.5,4,1,60+,Medium,Medium,4.333333333333333,0.4444444444444444,6,0.0
2471,1965,Graduation,Married,61482.0,0,0,2014-06-27,39,48,58,68,16,66,43,1,3,2,6,2,0,0,0,0,0,0,3,11,59,299,0,2,0,11,0,2,24.916666666666668,99.66666666666667,30741.0,3,1,50-60,High,Medium,2.6666666666666665,0.08333333333333333,6,0.0
5892,1980,Graduation,Married,34968.0,1,0,2013-04-10,11,158,6,45,8,2,2,7,3,2,5,7,0,0,0,0,0,0,3,11,44,221,1,3,1,10,0,445,20.09090909090909,0.49551569506726456,11656.0,3,1,40-50,Low,Medium,4.333333333333333,0.6363636363636364,6,0.0
2612,1987,Graduation,Married,75794.0,0,0,2013-12-24,33,754,160,625,63,32,48,1,7,5,12,3,0,0,0,1,0,0,3,11,37,1682,0,2,0,24,1,187,67.28,8.946808510638299,37897.0,3,1,30-40,Very High,Very High,5.666666666666667,0.04,6,0.2
4971,1962,PhD,Together,31497.0,0,1,2012-12-06,22,108,1,28,13,1,4,2,3,1,4,8,0,0,0,0,0,0,3,11,62,155,1,3,1,8,0,570,17.22222222222222,0.2714535901926445,10499.0,5,1,60+,Low,Medium,4.666666666666667,0.2222222222222222,6,0.0
5185,1955,Graduation,Married,74268.0,0,0,2013-02-14,83,199,66,315,97,174,41,1,4,3,5,2,0,0,0,0,0,0,3,11,69,892,0,2,0,12,0,500,68.61538461538461,1.780439121756487,37134.0,3,1,60+,Very High,High,3.3333333333333335,0.07692307692307693,6,0.0
10069,1988,Basic,Together,13724.0,1,0,2012-08-31,43,2,7,5,2,15,27,1,2,0,2,9,1,0,0,0,0,0,3,11,36,58,1,3,1,4,1,667,11.6,0.08682634730538923,4574.666666666667,1,1,30-40,Low,Low,4.333333333333333,0.2,6,0.2
2262,1965,Master,Together,45143.0,0,1,2013-08-26,74,202,5,74,11,5,14,3,6,1,5,7,0,0,0,0,0,0,3,11,59,311,1,3,1,12,0,307,23.923076923076923,1.0097402597402598,15047.666666666666,4,1,50-60,Medium,Medium,6.333333333333333,0.23076923076923078,6,0.0
1131,1967,PhD,Single,52569.0,0,1,2014-04-05,54,85,0,3,0,0,7,1,2,0,4,3,0,0,0,0,0,0,3,11,57,95,1,2,1,6,0,85,13.571428571428571,1.1046511627906976,26284.5,5,0,50-60,High,Medium,2.3333333333333335,0.14285714285714285,3,0.0
1041,1973,PhD,Single,48432.0,0,1,2012-10-18,3,322,3,50,4,3,42,5,7,1,6,8,0,0,0,0,0,0,3,11,51,424,1,2,1,14,0,619,28.266666666666666,0.6838709677419355,24216.0,5,0,50-60,Medium,High,7.333333333333333,0.3333333333333333,6,0.0
24,1960,Master,Together,17144.0,1,1,2014-02-15,96,18,2,19,0,2,6,5,3,0,4,7,0,0,0,0,0,0,3,11,64,47,2,4,1,7,0,134,5.875,0.34814814814814815,4286.0,4,1,60+,Low,Low,4.333333333333333,0.625,5,0.0
3409,1984,Graduation,Single,36108.0,1,0,2013-10-15,68,141,8,129,3,11,47,3,7,1,4,9,1,0,0,0,0,0,3,11,40,339,1,2,1,12,1,257,26.076923076923077,1.313953488372093,18054.0,3,0,30-40,Medium,Medium,7.666666666666667,0.23076923076923078,6,0.2
7022,1971,Graduation,Married,76445.0,1,0,2012-09-28,2,739,107,309,140,80,35,1,2,5,13,6,0,0,0,0,0,0,3,11,53,1410,1,3,1,20,0,639,67.14285714285714,2.203125,25481.666666666668,3,1,50-60,Very High,Very High,3.3333333333333335,0.047619047619047616,6,0.0
7943,1975,PhD,Married,36663.0,1,0,2014-04-25,40,18,0,6,3,3,5,1,1,1,3,2,0,0,0,0,0,0,3,11,49,35,1,3,1,5,0,65,5.833333333333333,0.5303030303030303,12221.0,5,1,40-50,Medium,Low,1.3333333333333333,0.16666666666666666,5,0.0
5272,1965,Master,Married,53843.0,0,1,2013-06-27,64,378,0,88,19,4,73,4,8,5,3,7,0,0,0,0,0,0,3,11,59,562,1,3,1,16,0,367,33.05882352941177,1.5271739130434783,17947.666666666668,4,1,50-60,High,High,7.666666666666667,0.23529411764705882,5,0.0
2565,1955,Master,Divorced,70638.0,0,0,2013-06-01,69,1016,12,215,16,12,63,1,4,5,10,3,0,1,0,0,0,0,3,11,69,1334,0,1,0,19,1,393,66.7,3.3857868020304567,70638.0,4,0,60+,Very High,Very High,3.6666666666666665,0.05,6,0.2
800,1960,Graduation,Together,44512.0,1,1,2013-08-30,57,23,1,6,0,0,2,2,1,0,3,4,0,0,0,0,0,0,3,11,64,32,2,4,1,4,0,303,6.4,0.10526315789473684,11128.0,3,1,60+,Medium,Low,2.0,0.4,4,0.0
11092,1961,Graduation,Married,27116.0,1,1,2014-03-02,78,12,1,21,2,2,3,2,2,0,3,7,0,0,0,0,0,0,3,11,63,41,2,4,1,5,0,119,6.833333333333333,0.3416666666666667,6779.0,3,1,60+,Low,Low,3.6666666666666665,0.3333333333333333,6,0.0
5062,1963,PhD,Married,54072.0,1,1,2013-07-27,71,35,0,4,0,0,0,1,2,0,2,8,0,0,0,0,0,0,3,11,61,39,2,4,1,4,0,337,7.8,0.11538461538461539,13518.0,5,1,60+,High,Low,4.0,0.2,2,0.0
8969,1977,Graduation,Married,71855.0,0,1,2013-01-16,59,548,31,422,0,112,28,4,5,5,11,3,0,0,0,0,0,0,3,11,47,1141,1,3,1,21,0,529,51.86363636363637,2.1528301886792454,23951.666666666668,3,1,40-50,Very High,Very High,4.333333333333333,0.18181818181818182,5,0.0
4656,1990,2n Cycle,Single,51250.0,1,0,2013-03-30,28,342,32,230,34,32,40,5,10,5,4,9,1,0,0,0,0,0,3,11,34,710,1,2,1,19,1,456,35.5,1.5536105032822758,25625.0,2,0,30-40,Medium,High,9.666666666666666,0.25,6,0.2
4480,1973,Master,Married,60432.0,0,1,2014-03-09,61,365,3,15,4,3,11,5,7,2,5,6,0,0,0,0,0,0,3,11,51,401,1,3,1,14,0,112,26.733333333333334,3.5486725663716814,20144.0,4,1,50-60,High,High,6.666666666666667,0.3333333333333333,6,0.0
9971,1964,PhD,Married,65526.0,0,1,2014-04-11,22,397,19,69,12,0,9,1,4,4,8,2,0,0,0,0,0,0,3,11,60,506,1,3,1,16,0,79,29.764705882352942,6.325,21842.0,5,1,50-60,High,High,3.3333333333333335,0.058823529411764705,5,0.0
6729,1988,Graduation,Single,68655.0,0,0,2012-08-10,95,456,19,832,75,118,38,1,4,5,11,3,0,0,0,0,0,0,3,11,36,1538,0,1,0,20,0,688,73.23809523809524,2.2322206095791,68655.0,3,0,30-40,Very High,Very High,3.6666666666666665,0.047619047619047616,6,0.0
1773,1978,2n Cycle,Married,12393.0,0,0,2012-12-04,38,5,6,15,11,7,13,1,2,0,3,9,0,0,0,0,0,0,3,11,46,57,0,2,0,5,0,572,9.5,0.09947643979057591,6196.5,2,1,40-50,Low,Low,4.333333333333333,0.16666666666666666,6,0.0
9242,1990,Graduation,Single,64509.0,0,0,2013-08-17,19,836,185,575,24,25,77,1,6,3,9,4,1,0,0,0,0,0,3,11,34,1722,0,1,0,18,1,316,90.63157894736842,5.4321766561514195,64509.0,3,0,30-40,High,Very High,5.333333333333333,0.05263157894736842,6,0.2
1764,1975,Graduation,Single,33955.0,1,0,2013-08-09,92,100,2,128,23,7,10,4,5,1,5,8,0,0,0,0,0,0,3,11,49,270,1,2,1,11,0,324,22.5,0.8307692307692308,16977.5,3,0,40-50,Low,Medium,6.0,0.3333333333333333,6,0.0
6215,1977,Graduation,Married,31353.0,1,1,2013-12-29,24,10,0,10,3,1,7,2,1,1,2,8,0,0,0,0,0,0,3,11,47,31,2,4,1,4,0,182,6.2,0.16939890710382513,7838.25,3,1,40-50,Low,Low,3.3333333333333335,0.4,5,0.0
10099,1984,Graduation,Married,55434.0,1,0,2013-10-05,21,238,115,215,169,69,76,3,5,3,13,4,0,0,0,0,0,0,3,11,40,882,1,3,1,21,0,267,40.09090909090909,3.291044776119403,18478.0,3,1,30-40,High,High,4.666666666666667,0.13636363636363635,6,0.0
5423,1983,Graduation,Together,28359.0,1,0,2013-10-27,35,6,0,5,2,1,2,1,1,0,2,7,0,0,0,0,0,0,3,11,41,16,1,3,1,3,0,245,4.0,0.06504065040650407,9453.0,3,1,40-50,Low,Low,3.0,0.25,5,0.0
940,1987,Graduation,Single,57100.0,1,0,2014-05-18,9,158,11,99,15,11,17,2,3,2,7,3,0,0,0,0,0,0,3,11,37,311,1,2,1,12,0,42,23.923076923076923,7.232558139534884,28550.0,3,0,30-40,High,Medium,3.0,0.15384615384615385,6,0.0
3011,1965,Graduation,Married,69139.0,0,1,2014-01-27,23,86,12,75,33,15,6,1,4,1,5,4,0,0,0,0,0,0,3,11,59,227,1,3,1,10,0,153,20.636363636363637,1.474025974025974,23046.333333333332,3,1,50-60,Very High,Medium,4.0,0.09090909090909091,6,0.0
3298,1956,Master,Married,52973.0,0,1,2012-11-08,92,856,0,76,12,9,199,7,9,6,9,8,0,0,0,0,0,0,3,11,68,1152,1,3,1,24,0,598,46.08,1.9232053422370619,17657.666666666668,4,1,60+,High,Very High,8.666666666666666,0.28,5,0.0
8286,1965,PhD,Together,51717.0,0,1,2013-08-20,55,98,1,17,0,1,5,1,3,0,4,7,0,1,0,0,0,0,3,11,59,122,1,3,1,7,1,313,15.25,0.3885350318471338,17239.0,5,1,50-60,High,Medium,4.333333333333333,0.125,5,0.2
9668,1971,Graduation,Married,18793.0,1,0,2013-01-12,14,4,16,20,0,17,20,3,2,0,4,8,0,0,0,0,0,0,3,11,53,77,1,3,1,6,0,533,11.0,0.1441947565543071,6264.333333333333,3,1,50-60,Low,Medium,4.0,0.42857142857142855,5,0.0
5120,1982,2n Cycle,Together,66664.0,0,0,2012-09-25,78,398,96,447,220,96,32,1,5,7,6,3,0,0,0,0,0,0,3,11,42,1289,0,2,0,18,0,642,67.84210526315789,2.004665629860031,33332.0,2,1,40-50,High,Very High,4.333333333333333,0.05263157894736842,6,0.0
6097,1959,Graduation,Single,50664.0,1,1,2013-01-16,64,313,8,104,6,4,126,9,8,1,6,9,0,0,0,0,0,0,3,11,65,561,2,3,1,15,0,529,35.0625,1.058490566037736,16888.0,3,0,60+,Medium,High,8.333333333333334,0.5625,6,0.0
7019,1963,Graduation,Together,54414.0,1,1,2013-01-23,49,109,18,16,24,26,18,4,3,1,5,4,0,0,0,0,0,0,3,11,61,211,2,4,1,9,0,522,21.1,0.40344168260038243,13603.5,3,1,60+,High,Medium,3.3333333333333335,0.4,6,0.0
7408,1952,PhD,Married,54549.0,0,1,2014-03-03,8,216,2,6,0,0,9,2,5,1,4,7,0,0,0,0,0,0,3,11,72,233,1,3,1,10,0,118,21.181818181818183,1.9579831932773109,18183.0,5,1,60+,High,Medium,5.666666666666667,0.18181818181818182,4,0.0
8041,1971,PhD,Widow,47111.0,0,1,2012-09-08,35,595,71,153,120,112,41,6,3,2,10,9,0,0,0,0,0,0,3,11,53,1092,1,2,1,15,0,659,68.25,1.6545454545454545,23555.5,5,0,50-60,Medium,Very High,5.0,0.375,6,0.0
252,1963,PhD,Divorced,41003.0,0,0,2013-03-17,11,123,133,142,71,44,88,1,6,2,8,6,0,0,0,0,0,0,3,11,61,601,0,1,0,16,0,469,35.35294117647059,1.278723404255319,41003.0,5,0,60+,Medium,High,6.0,0.058823529411764705,6,0.0
9986,1982,Graduation,Together,19444.0,1,0,2014-02-22,8,16,0,23,3,2,10,3,4,1,2,7,0,0,0,0,0,0,3,11,42,54,1,3,1,7,0,127,6.75,0.421875,6481.333333333333,3,1,40-50,Low,Low,5.0,0.375,5,0.0
3276,1976,2n Cycle,Together,36301.0,1,0,2013-10-25,53,11,12,35,3,5,12,1,3,0,3,7,0,0,0,0,0,0,3,11,48,78,1,3,1,6,0,247,11.142857142857142,0.31451612903225806,12100.333333333334,2,1,40-50,Medium,Medium,4.333333333333333,0.14285714285714285,6,0.0
3859,1947,PhD,Together,73059.0,0,1,2013-08-31,36,410,112,420,0,82,71,1,9,3,13,4,0,0,0,0,0,0,3,11,77,1095,1,3,1,25,0,302,42.11538461538461,3.613861386138614,24353.0,5,1,60+,Very High,Very High,7.333333333333333,0.038461538461538464,5,0.0
3570,1969,PhD,Together,42731.0,1,0,2013-10-21,64,159,2,51,6,2,24,3,4,1,5,5,0,0,0,0,0,0,3,11,55,244,1,3,1,10,0,251,22.181818181818183,0.9682539682539683,14243.666666666666,5,1,50-60,Medium,Medium,4.333333333333333,0.2727272727272727,6,0.0
3783,1959,PhD,Married,52854.0,1,1,2014-03-24,43,105,0,10,0,1,0,2,2,1,4,5,0,0,0,0,0,0,3,11,65,116,2,4,1,7,0,97,14.5,1.183673469387755,13213.5,5,1,60+,High,Medium,3.0,0.25,3,0.0
10207,1978,Graduation,Together,22775.0,1,0,2013-06-19,40,5,1,8,0,0,1,1,1,0,2,8,0,0,0,0,0,0,3,11,46,15,1,3,1,3,0,375,3.75,0.0398936170212766,7591.666666666667,3,1,40-50,Low,Low,3.3333333333333335,0.25,4,0.0
10906,1948,PhD,Together,46681.0,0,2,2013-10-08,52,269,15,69,15,19,38,2,4,6,4,5,0,0,0,0,0,0,3,11,76,425,2,4,1,14,0,264,28.333333333333332,1.6037735849056605,11670.25,5,1,60+,Medium,High,4.333333333333333,0.13333333333333333,6,0.0
3427,1955,PhD,Married,59821.0,0,1,2013-04-12,11,629,0,70,0,0,35,6,11,2,7,8,0,0,0,0,0,0,3,11,69,734,1,3,1,20,0,443,34.95238095238095,1.6531531531531531,19940.333333333332,5,1,60+,High,High,10.0,0.2857142857142857,3,0.0
5209,1954,Graduation,Divorced,50002.0,0,1,2013-06-17,21,443,5,71,21,16,82,2,8,2,7,7,0,0,0,0,0,0,3,11,70,638,1,2,1,17,0,377,35.44444444444444,1.687830687830688,25001.0,3,0,60+,Medium,High,7.666666666666667,0.1111111111111111,6,0.0
10711,1945,Graduation,Married,69755.0,0,0,2013-10-02,23,217,77,373,111,23,93,1,3,6,12,1,0,0,0,0,0,0,3,11,79,894,0,2,0,21,0,270,40.63636363636363,3.2988929889298895,34877.5,3,1,60+,Very High,High,2.3333333333333335,0.045454545454545456,6,0.0
10785,1969,Graduation,Married,44078.0,1,1,2014-06-19,17,24,1,10,2,0,4,2,2,0,3,5,0,0,0,0,0,0,3,11,55,41,2,4,1,5,0,10,6.833333333333333,3.727272727272727,11019.5,3,1,50-60,Medium,Low,3.0,0.3333333333333333,5,0.0
2814,1976,Master,Together,30560.0,1,0,2013-06-27,6,9,1,5,4,5,7,1,1,0,3,7,0,0,0,0,0,0,3,11,48,31,1,3,1,4,0,367,6.2,0.08423913043478261,10186.666666666666,4,1,40-50,Low,Low,3.0,0.2,6,0.0
6866,1969,Master,Together,35924.0,1,1,2014-03-23,56,8,0,14,2,3,7,1,1,0,3,5,0,0,0,0,0,0,3,11,55,34,2,4,1,4,0,98,6.8,0.3434343434343434,8981.0,4,1,50-60,Medium,Low,2.3333333333333335,0.2,5,0.0
1665,1964,PhD,Divorced,64140.0,0,2,2013-09-23,71,1459,0,61,0,15,215,5,2,5,6,5,1,0,1,0,1,0,3,11,60,1750,2,3,1,13,3,279,125.0,6.25,21380.0,5,0,50-60,High,Very High,3.0,0.35714285714285715,4,0.6
6575,1981,Graduation,Together,56386.0,1,1,2012-10-27,51,230,48,214,13,32,75,8,9,1,7,9,0,0,0,0,0,0,3,11,43,612,2,4,1,17,0,610,34.0,1.0016366612111294,14096.5,3,1,40-50,High,High,9.0,0.4444444444444444,6,0.0
3829,1979,Basic,Together,24594.0,1,0,2013-12-10,94,1,3,6,10,0,9,1,1,0,3,5,0,0,0,0,0,0,3,11,45,29,1,3,1,4,0,201,5.8,0.14356435643564355,8198.0,1,1,40-50,Low,Low,2.3333333333333335,0.2,5,0.0
3091,1981,2n Cycle,Together,75774.0,1,0,2014-05-02,27,340,21,134,258,14,56,1,7,5,8,4,0,0,0,0,0,0,3,11,43,823,1,3,1,20,0,58,39.19047619047619,13.94915254237288,25258.0,2,1,40-50,Very High,High,6.0,0.047619047619047616,6,0.0
10141,1960,Master,Divorced,39228.0,0,0,2013-05-10,1,7,1,6,0,3,3,1,0,0,3,4,0,0,0,0,0,0,3,11,64,20,0,1,0,3,0,415,5.0,0.04807692307692308,39228.0,4,0,60+,Medium,Low,1.3333333333333333,0.25,5,0.0
5177,1974,Master,Married,58494.0,0,1,2013-12-12,56,298,7,68,4,0,19,2,6,2,6,6,0,0,0,0,0,0,3,11,50,396,1,3,1,14,0,199,26.4,1.98,19498.0,4,1,40-50,High,Medium,6.0,0.13333333333333333,5,0.0
7005,1981,Graduation,Single,58684.0,0,0,2014-06-16,71,479,35,179,28,7,85,1,5,3,12,2,0,1,0,0,0,0,3,11,43,813,0,1,0,20,1,13,38.714285714285715,58.07142857142857,58684.0,3,0,40-50,High,High,4.0,0.047619047619047616,6,0.2
6409,1967,Graduation,Divorced,57136.0,0,0,2013-05-18,18,267,140,599,34,12,127,1,7,5,7,6,0,0,0,0,0,0,3,11,57,1179,0,1,0,19,0,407,58.95,2.889705882352941,57136.0,3,0,50-60,High,Very High,6.666666666666667,0.05,6,0.0
7485,1950,PhD,Widow,56551.0,1,1,2014-05-07,48,67,4,32,17,2,16,3,2,1,4,4,0,0,0,0,0,0,3,11,74,138,2,3,1,7,0,53,17.25,2.5555555555555554,18850.333333333332,5,0,60+,High,Medium,2.6666666666666665,0.375,6,0.0
8079,1982,Graduation,Married,22448.0,1,0,2014-02-26,86,3,1,8,23,2,18,3,2,1,3,3,0,0,0,0,0,0,3,11,42,55,1,3,1,6,0,123,7.857142857142857,0.4435483870967742,7482.666666666667,3,1,40-50,Low,Low,2.3333333333333335,0.42857142857142855,6,0.0
8395,1961,Graduation,Single,82014.0,0,0,2012-08-20,48,980,37,265,35,163,31,1,3,6,12,6,0,0,0,0,0,0,3,11,63,1511,0,1,0,21,0,678,68.68181818181819,2.2253313696612667,82014.0,3,0,60+,Very High,Very High,4.0,0.045454545454545456,6,0.0
10352,1963,Graduation,Widow,34213.0,1,1,2012-09-07,2,50,4,28,6,3,26,3,3,1,2,9,0,0,0,0,0,0,3,11,61,117,2,3,1,6,0,660,16.714285714285715,0.17700453857791226,11404.333333333334,3,0,60+,Low,Medium,5.0,0.42857142857142855,6,0.0
13,1947,PhD,Widow,25358.0,0,1,2013-07-22,57,19,0,5,0,0,8,2,1,0,3,6,0,0,0,0,0,0,3,11,77,32,1,2,1,4,0,342,6.4,0.09329446064139942,12679.0,5,0,60+,Low,Low,2.6666666666666665,0.4,3,0.0
1834,1978,Master,Single,35544.0,1,0,2014-03-08,77,30,5,23,4,1,4,1,2,0,3,7,0,0,0,0,0,0,3,11,46,67,1,2,1,5,0,113,11.166666666666666,0.5877192982456141,17772.0,4,0,40-50,Medium,Low,3.6666666666666665,0.16666666666666666,6,0.0
2285,1954,Master,Together,36634.0,0,1,2013-05-28,0,213,9,76,4,3,30,3,5,2,5,7,0,0,0,0,0,0,3,11,70,335,1,3,1,12,0,397,25.76923076923077,0.8417085427135679,12211.333333333334,4,1,60+,Medium,Medium,5.666666666666667,0.23076923076923078,6,0.0
2295,1954,PhD,Married,62670.0,0,1,2014-02-02,57,539,30,92,80,46,38,1,5,3,13,3,0,0,0,0,0,0,3,11,70,825,1,3,1,21,0,147,37.5,5.574324324324325,20890.0,5,1,60+,High,High,4.333333333333333,0.045454545454545456,6,0.0
1378,1972,2n Cycle,Together,50334.0,0,1,2013-07-24,24,284,16,160,84,16,134,6,7,4,6,6,0,0,0,0,0,0,3,11,52,694,1,3,1,17,0,340,38.55555555555556,2.035190615835777,16778.0,2,1,50-60,Medium,High,6.666666666666667,0.3333333333333333,6,0.0
2781,1981,Graduation,Single,72066.0,0,0,2014-06-23,55,1003,34,536,134,51,34,1,4,6,6,2,0,0,1,1,0,0,3,11,43,1792,0,1,0,16,2,6,105.41176470588235,256.0,72066.0,3,0,40-50,Very High,Very High,3.3333333333333335,0.058823529411764705,6,0.4
1165,1958,PhD,Single,50729.0,1,1,2013-05-02,62,239,13,143,45,4,52,9,6,2,7,6,0,0,0,0,0,0,3,11,66,496,2,3,1,15,0,423,31.0,1.169811320754717,16909.666666666668,5,0,60+,Medium,High,6.0,0.5625,6,0.0
1404,1968,Graduation,Together,34916.0,2,0,2013-05-15,89,51,23,82,33,0,42,4,5,1,3,9,0,0,0,0,0,0,3,11,56,231,2,4,1,9,0,410,23.1,0.5620437956204379,8729.0,3,1,50-60,Low,Medium,6.333333333333333,0.4,5,0.0
6457,1976,Graduation,Divorced,64892.0,0,1,2014-05-29,77,527,24,230,32,24,65,2,6,4,12,4,0,0,0,0,0,0,3,11,48,902,1,2,1,22,0,31,39.21739130434783,28.1875,32446.0,3,0,40-50,High,High,5.333333333333333,0.08695652173913043,6,0.0
2639,1966,Graduation,Single,43602.0,1,1,2014-01-10,45,19,5,12,10,3,19,3,3,1,2,6,0,0,0,0,0,0,3,11,58,68,2,3,1,6,0,170,9.714285714285714,0.39766081871345027,14534.0,3,0,50-60,Medium,Low,4.0,0.42857142857142855,6,0.0
8299,1989,PhD,Single,33996.0,0,0,2013-09-11,46,40,2,15,8,0,6,1,1,1,3,4,0,0,0,0,0,0,3,11,35,71,0,1,0,5,0,291,11.833333333333334,0.24315068493150685,33996.0,5,0,30-40,Low,Medium,2.0,0.16666666666666666,5,0.0
6437,1985,2n Cycle,Single,41473.0,1,0,2013-06-19,80,21,8,20,15,3,9,1,2,0,3,7,0,0,0,0,0,0,3,11,39,76,1,2,1,5,0,375,12.666666666666666,0.20212765957446807,20736.5,2,0,30-40,Medium,Medium,3.6666666666666665,0.16666666666666666,6,0.0
6912,1967,PhD,Married,63246.0,0,2,2013-08-20,60,593,30,91,29,22,7,1,6,3,12,4,0,0,0,0,0,0,3,11,57,772,2,4,1,21,0,313,35.09090909090909,2.4585987261146496,15811.5,5,1,50-60,High,High,5.333333333333333,0.045454545454545456,6,0.0
7327,1959,PhD,Married,36732.0,1,1,2013-12-29,71,21,5,3,10,1,7,3,1,1,4,2,0,0,0,0,0,0,3,11,65,47,2,4,1,6,0,182,6.714285714285714,0.2568306010928962,9183.0,5,1,60+,Medium,Low,1.3333333333333333,0.42857142857142855,6,0.0
5299,1970,PhD,Married,69084.0,1,0,2013-11-19,43,1181,107,199,39,30,30,2,7,3,13,8,0,0,0,0,0,0,3,11,54,1586,1,3,1,23,0,222,66.08333333333333,7.112107623318385,23028.0,5,1,50-60,Very High,Very High,7.333333333333333,0.08333333333333333,6,0.0
4127,1967,PhD,Married,77766.0,0,1,2013-02-22,97,1004,59,265,115,59,27,2,11,10,11,6,1,0,0,0,0,0,3,11,57,1529,1,3,1,32,1,492,46.333333333333336,3.101419878296146,25922.0,5,1,50-60,Very High,Very High,9.333333333333334,0.06060606060606061,6,0.2
8143,1985,PhD,Single,37929.0,0,0,2013-07-30,49,202,2,46,3,2,10,2,4,2,5,7,0,1,0,1,0,0,3,11,39,265,0,1,0,11,2,334,22.083333333333332,0.7910447761194029,37929.0,5,0,30-40,Medium,Medium,5.0,0.16666666666666666,6,0.4
1964,1951,Graduation,Together,86610.0,0,0,2013-09-05,66,446,107,768,33,196,53,1,5,6,6,2,0,0,0,0,0,0,3,11,73,1603,0,2,0,17,0,297,89.05555555555556,5.379194630872483,43305.0,3,1,60+,Very High,Very High,4.0,0.05555555555555555,6,0.0
3690,1986,Master,Married,80141.0,0,0,2013-01-11,20,1184,102,673,52,40,40,1,7,4,10,6,0,0,1,0,0,0,3,11,38,2091,0,2,0,21,1,534,95.04545454545455,3.908411214953271,40070.5,4,1,30-40,Very High,Very High,6.666666666666667,0.045454545454545456,6,0.2
3433,1955,2n Cycle,Married,72635.0,0,0,2013-06-03,54,390,22,323,104,35,107,1,6,8,6,3,0,0,0,1,0,0,3,11,69,981,0,2,0,20,1,391,46.714285714285715,2.502551020408163,36317.5,2,1,60+,Very High,High,5.0,0.047619047619047616,6,0.2
3389,1970,Graduation,Married,69016.0,0,1,2012-11-22,61,726,53,363,123,107,161,4,8,9,13,5,0,0,0,0,0,0,3,11,54,1533,1,3,1,30,0,584,49.45161290322581,2.6205128205128205,23005.333333333332,3,1,50-60,Very High,Very High,7.0,0.12903225806451613,6,0.0
4712,1991,2n Cycle,Together,20193.0,0,0,2012-11-28,18,8,8,22,24,11,9,1,1,1,4,4,0,0,0,0,0,0,3,11,33,82,0,2,0,6,0,578,11.714285714285714,0.14162348877374784,10096.5,2,1,30-40,Low,Medium,2.0,0.14285714285714285,6,0.0
1170,1975,Graduation,Married,27573.0,1,0,2013-03-25,45,50,15,110,39,15,15,4,5,1,4,8,0,0,0,0,0,0,3,11,49,244,1,3,1,10,0,461,22.181818181818183,0.5281385281385281,9191.0,3,1,40-50,Low,Medium,6.0,0.36363636363636365,6,0.0
6347,1979,Basic,Single,15862.0,1,0,2013-06-27,26,1,1,4,11,9,10,1,1,0,3,8,0,0,0,0,0,0,3,11,45,36,1,2,1,4,0,367,7.2,0.09782608695652174,7931.0,1,0,40-50,Low,Low,3.3333333333333335,0.2,6,0.0
4065,1976,PhD,Married,49544.0,1,0,2013-02-12,0,308,0,73,0,0,23,2,5,1,8,7,0,0,0,0,0,0,3,11,48,404,1,3,1,14,0,502,26.933333333333334,0.8031809145129225,16514.666666666668,5,1,40-50,Medium,High,5.666666666666667,0.13333333333333333,3,0.0
8230,1980,Graduation,Married,33228.0,1,0,2014-01-23,28,22,2,31,7,4,5,1,2,0,3,7,0,0,0,0,0,0,3,11,44,71,1,3,1,5,0,157,11.833333333333334,0.44936708860759494,11076.0,3,1,40-50,Low,Medium,3.6666666666666665,0.16666666666666666,6,0.0
1215,1978,Graduation,Together,70440.0,0,0,2013-10-08,49,690,117,499,76,102,88,1,5,10,7,3,0,0,0,1,0,0,3,11,46,1572,0,2,0,22,1,264,68.34782608695652,5.932075471698113,35220.0,3,1,40-50,Very High,Very High,4.333333333333333,0.043478260869565216,6,0.2
5939,1971,Graduation,Together,38232.0,1,1,2014-01-17,84,43,5,28,7,6,33,4,3,1,3,5,0,0,0,0,0,0,3,11,53,122,2,4,1,7,0,163,15.25,0.7439024390243902,9558.0,3,1,50-60,Medium,Medium,3.6666666666666665,0.5,6,0.0
2156,1955,PhD,Married,22554.0,1,1,2012-11-03,38,27,0,10,0,0,4,4,2,0,4,5,0,0,0,0,0,0,3,11,69,41,2,4,1,6,0,603,5.857142857142857,0.06788079470198675,5638.5,5,1,60+,Low,Low,3.0,0.5714285714285714,3,0.0
10323,1952,Graduation,Married,49413.0,0,1,2013-10-25,88,205,7,41,3,2,46,2,4,2,5,5,0,0,0,0,0,0,3,11,72,304,1,3,1,11,0,247,25.333333333333332,1.2258064516129032,16471.0,3,1,60+,Medium,Medium,4.333333333333333,0.16666666666666666,6,0.0
7947,1969,Graduation,Married,42231.0,1,1,2014-03-25,99,24,0,8,0,1,4,1,1,0,3,5,0,0,0,0,0,0,3,11,55,37,2,4,1,4,0,96,7.4,0.38144329896907214,10557.75,3,1,50-60,Medium,Low,2.3333333333333335,0.2,4,0.0
1891,1980,Master,Divorced,78789.0,0,0,2012-08-08,12,667,50,850,21,83,83,1,4,6,5,2,0,0,0,0,0,0,3,11,44,1754,0,1,0,15,0,690,109.625,2.5383502170767005,78789.0,4,0,40-50,Very High,Very High,3.3333333333333335,0.0625,6,0.0
2570,1968,Graduation,Together,56534.0,0,1,2013-07-23,35,691,7,61,10,0,46,4,10,4,7,8,0,1,0,0,1,0,3,11,56,815,1,3,1,21,2,341,37.04545454545455,2.3830409356725144,18844.666666666668,3,1,50-60,High,High,9.333333333333334,0.18181818181818182,5,0.4
9256,1971,Graduation,Single,58350.0,0,1,2013-01-04,5,493,26,206,116,80,80,4,8,3,12,6,0,0,0,0,0,0,3,11,53,1001,1,2,1,23,0,541,41.708333333333336,1.8468634686346863,29175.0,3,0,50-60,High,High,7.333333333333333,0.16666666666666666,6,0.0
295,1989,Graduation,Single,81217.0,0,0,2013-07-19,77,493,70,324,146,40,84,1,3,7,11,1,0,0,0,0,0,0,3,11,35,1157,0,1,0,21,0,345,52.59090909090909,3.3439306358381504,81217.0,3,0,30-40,Very High,Very High,2.3333333333333335,0.045454545454545456,6,0.0
7397,1951,Graduation,Single,49090.0,0,1,2013-07-19,45,494,5,82,7,0,100,3,7,2,9,7,0,0,0,0,0,0,3,11,73,688,1,2,1,18,0,345,36.21052631578947,1.9884393063583814,24545.0,3,0,60+,Medium,High,7.0,0.15789473684210525,5,0.0
6349,1987,Master,Divorced,61787.0,0,0,2013-07-06,71,621,73,414,78,48,85,1,8,4,6,5,0,0,0,0,0,0,3,11,37,1319,0,1,0,18,0,358,69.42105263157895,3.6740947075208914,61787.0,4,0,30-40,High,Very High,7.0,0.05263157894736842,6,0.0
10790,1985,PhD,Married,18169.0,1,0,2013-02-19,40,9,0,5,0,0,7,1,1,0,2,8,0,0,0,0,0,0,3,11,39,21,1,3,1,3,0,495,5.25,0.04233870967741935,6056.333333333333,5,1,30-40,Low,Low,3.3333333333333335,0.25,3,0.0
10398,1981,2n Cycle,Single,24336.0,1,0,2012-08-27,82,1,6,2,8,2,12,1,1,0,2,7,0,0,0,0,0,0,3,11,43,31,1,2,1,3,0,671,7.75,0.046130952380952384,12168.0,2,0,40-50,Low,Low,3.0,0.25,6,0.0
2431,1990,Graduation,Married,18222.0,0,0,2012-12-31,70,12,4,19,12,6,14,1,2,0,3,8,0,0,0,0,0,0,3,11,34,67,0,2,0,5,0,545,11.166666666666666,0.1227106227106227,9111.0,3,1,30-40,Low,Low,4.0,0.16666666666666666,6,0.0
550,1952,Graduation,Divorced,62335.0,0,1,2013-05-23,87,243,131,217,85,6,26,2,3,3,13,2,0,0,0,0,0,0,3,11,72,708,1,2,1,19,0,402,35.4,1.7568238213399503,31167.5,3,0,60+,High,High,2.6666666666666665,0.1,6,0.0
1890,1971,2n Cycle,Together,42033.0,1,1,2012-09-19,95,11,1,4,2,0,7,1,1,0,2,7,0,0,0,0,0,0,3,11,53,25,2,4,1,3,0,648,6.25,0.03852080123266564,10508.25,2,1,50-60,Medium,Low,3.0,0.25,5,0.0
10742,1983,PhD,Married,86580.0,0,0,2013-02-27,72,532,21,127,26,20,20,0,4,2,5,1,0,0,1,0,0,0,3,11,41,746,0,2,0,11,1,487,62.166666666666664,1.528688524590164,43290.0,5,1,40-50,Very High,High,3.0,0.0,6,0.2
10356,1957,PhD,Divorced,41437.0,1,1,2012-09-22,5,29,0,2,0,0,1,1,1,0,3,7,0,0,0,0,0,0,3,11,67,32,2,3,1,4,0,645,6.4,0.04953560371517028,13812.333333333334,5,0,60+,Medium,Low,3.0,0.2,3,0.0
4676,1951,Master,Widow,73705.0,0,2,2014-03-05,86,612,91,520,258,107,107,2,9,6,8,5,0,0,0,0,0,0,3,11,73,1695,2,3,1,23,0,116,70.625,14.487179487179487,24568.333333333332,4,0,60+,Very High,Very High,7.666666666666667,0.08333333333333333,6,0.0
8852,1976,Graduation,Married,61064.0,0,1,2012-08-31,80,387,126,342,0,45,180,5,8,4,11,6,0,0,0,0,0,0,3,11,48,1080,1,3,1,23,0,667,45.0,1.6167664670658684,20354.666666666668,3,1,40-50,High,Very High,7.333333333333333,0.20833333333333334,5,0.0
3565,1955,Master,Married,38452.0,1,1,2014-03-30,62,56,0,14,0,0,2,3,3,0,3,7,0,0,0,0,0,0,3,11,69,72,2,4,1,6,0,91,10.285714285714286,0.782608695652174,9613.0,4,1,60+,Medium,Medium,4.333333333333333,0.42857142857142855,3,0.0
5294,1989,Graduation,Single,18358.0,1,0,2013-11-20,49,6,8,19,16,4,4,3,3,0,4,7,0,0,0,0,0,0,3,11,35,57,1,2,1,7,0,221,7.125,0.25675675675675674,9179.0,3,0,30-40,Low,Low,4.333333333333333,0.375,6,0.0
1958,1973,PhD,Together,55012.0,0,1,2014-03-21,85,582,0,65,0,0,13,6,8,2,9,5,0,0,0,0,0,0,3,11,51,660,1,3,1,19,0,100,33.0,6.534653465346534,18337.333333333332,5,1,50-60,High,High,7.0,0.3,3,0.0
7349,1973,Basic,Together,9722.0,1,0,2012-10-02,7,6,17,16,6,16,42,4,3,1,3,8,0,0,0,0,0,0,3,11,51,103,1,3,1,7,0,635,12.875,0.1619496855345912,3240.6666666666665,1,1,50-60,Low,Medium,4.666666666666667,0.5,6,0.0
8799,1984,PhD,Married,38175.0,1,0,2013-09-23,6,70,6,69,2,3,3,3,3,1,4,7,0,0,0,0,0,0,3,11,40,153,1,3,1,8,0,279,17.0,0.5464285714285714,12725.0,5,1,30-40,Medium,Medium,4.333333333333333,0.3333333333333333,6,0.0
1351,1956,Master,Together,58656.0,0,1,2012-09-20,25,962,12,194,16,24,12,4,7,8,13,6,0,0,1,0,0,0,3,11,68,1220,1,3,1,28,1,647,42.06896551724138,1.882716049382716,19552.0,4,1,60+,High,Very High,6.666666666666667,0.13793103448275862,6,0.2
1045,1965,Graduation,Together,52117.0,0,1,2012-08-16,55,112,10,107,30,0,20,2,5,2,4,7,0,0,0,0,0,0,3,11,59,279,1,3,1,11,0,682,23.25,0.4084919472913616,17372.333333333332,3,1,50-60,High,Medium,5.666666666666667,0.16666666666666666,5,0.0
7732,1978,Graduation,Married,64813.0,1,0,2014-01-02,81,293,0,124,179,97,52,1,7,2,10,5,0,0,0,0,0,0,3,11,46,745,1,3,1,19,0,178,37.25,4.162011173184357,21604.333333333332,3,1,40-50,High,High,6.333333333333333,0.05,5,0.0
8070,1973,PhD,Married,54222.0,0,1,2014-03-01,98,199,12,31,3,12,7,1,3,3,5,3,0,0,0,0,0,0,3,11,51,264,1,3,1,11,0,120,22.0,2.1818181818181817,18074.0,5,1,50-60,High,Medium,3.0,0.08333333333333333,6,0.0
7832,1959,Master,Married,77520.0,0,1,2013-08-28,30,940,44,396,0,88,58,1,8,7,7,4,1,0,1,1,0,0,3,11,65,1526,1,3,1,22,3,305,66.34782608695652,4.9869281045751634,25840.0,4,1,60+,Very High,Very High,6.666666666666667,0.043478260869565216,5,0.6
2202,1978,Graduation,Together,41154.0,0,1,2013-04-09,98,44,2,11,2,3,7,1,1,0,4,5,0,0,0,0,0,0,3,11,46,69,1,3,1,5,0,446,11.5,0.15436241610738255,13718.0,3,1,40-50,Medium,Medium,2.3333333333333335,0.16666666666666666,6,0.0
7396,1966,Graduation,Married,80398.0,0,0,2012-11-10,92,342,51,936,207,35,26,1,5,8,12,3,0,0,1,0,0,0,3,11,58,1597,0,2,0,25,1,596,61.42307692307692,2.675041876046901,40199.0,3,1,50-60,Very High,Very High,4.333333333333333,0.038461538461538464,6,0.2
4055,1992,Basic,Single,18746.0,1,0,2014-05-29,41,2,10,11,12,9,20,2,3,0,3,6,0,0,0,0,0,0,3,11,32,64,1,2,1,6,0,31,9.142857142857142,2.0,9373.0,1,0,30-40,Low,Low,4.0,0.2857142857142857,6,0.0
10340,1984,Graduation,Together,35196.0,1,0,2012-11-13,68,75,12,141,43,39,187,6,6,1,5,8,0,0,0,0,0,0,3,11,40,497,1,3,1,12,0,593,38.23076923076923,0.8367003367003367,11732.0,3,1,30-40,Low,High,6.666666666666667,0.46153846153846156,6,0.0
10091,1956,Graduation,Single,60230.0,0,1,2013-05-20,78,520,20,367,39,81,40,2,6,3,6,5,0,0,0,0,0,0,3,11,68,1067,1,2,1,15,0,405,66.6875,2.62807881773399,30115.0,3,0,60+,High,Very High,5.666666666666667,0.125,6,0.0
7629,1977,Graduation,Married,22108.0,1,1,2014-05-08,46,5,3,9,6,2,6,2,2,0,3,7,0,0,0,0,0,0,3,11,47,31,2,4,1,5,0,52,5.166666666666667,0.5849056603773585,5527.0,3,1,40-50,Low,Low,3.6666666666666665,0.3333333333333333,6,0.0
10640,1974,Graduation,Together,44392.0,1,1,2013-09-05,71,87,5,71,7,12,29,5,4,1,4,7,0,0,0,0,0,0,3,11,50,211,2,4,1,9,0,297,21.1,0.7080536912751678,11098.0,3,1,40-50,Medium,Medium,5.0,0.5,6,0.0
3498,1976,PhD,Married,55424.0,0,1,2012-11-25,6,462,61,184,10,53,107,4,7,5,9,6,1,0,0,0,0,0,3,11,48,877,1,3,1,21,1,581,39.86363636363637,1.506872852233677,18474.666666666668,5,1,40-50,High,High,6.666666666666667,0.18181818181818182,6,0.2
1172,1983,PhD,Married,92491.0,0,0,2013-05-01,71,979,44,935,29,25,22,1,7,5,12,3,0,1,1,1,0,0,3,11,41,2034,0,2,0,24,3,424,81.36,4.785882352941177,46245.5,5,1,40-50,Very High,Very High,5.666666666666667,0.04,6,0.6
569,1991,Graduation,Single,90273.0,0,0,2013-12-14,32,704,129,853,120,74,111,1,5,6,7,2,0,1,1,1,0,0,3,11,33,1991,0,1,0,18,3,197,104.78947368421052,10.055555555555555,90273.0,3,0,30-40,Very High,Very High,4.0,0.05263157894736842,6,0.6
4686,1962,PhD,Widow,82571.0,0,0,2014-04-02,28,861,31,558,62,95,79,0,6,5,13,2,0,0,1,0,0,0,3,11,62,1686,0,1,0,24,1,88,67.44,18.9438202247191,82571.0,5,0,60+,Very High,Very High,4.666666666666667,0.0,6,0.2
1381,1982,PhD,Single,38513.0,1,0,2014-01-28,20,172,3,115,16,0,18,5,6,1,5,8,0,0,0,0,0,0,3,11,42,324,1,2,1,12,0,152,24.923076923076923,2.1176470588235294,19256.5,5,0,40-50,Medium,Medium,6.666666666666667,0.38461538461538464,5,0.0
2634,1979,Master,Single,16653.0,1,0,2014-04-18,10,5,7,31,15,4,7,3,2,1,3,6,0,0,0,0,0,0,3,11,45,69,1,2,1,6,0,72,9.857142857142858,0.9452054794520548,8326.5,4,0,40-50,Low,Medium,3.3333333333333335,0.42857142857142855,6,0.0
10905,1955,Graduation,Together,42586.0,1,1,2012-10-29,7,194,2,56,0,0,0,5,4,1,6,8,0,0,0,0,0,0,3,11,69,252,2,4,1,11,0,608,21.0,0.41379310344827586,10646.5,3,1,60+,Medium,Medium,5.333333333333333,0.4166666666666667,3,0.0
1744,1965,Basic,Single,23529.0,0,1,2013-01-07,67,9,7,13,3,2,20,1,1,1,2,6,0,0,0,0,0,0,3,11,59,54,1,2,1,4,0,538,10.8,0.10018552875695733,11764.5,1,0,50-60,Low,Low,2.6666666666666665,0.2,6,0.0
1000,1961,Master,Together,74881.0,1,1,2013-03-08,48,505,72,270,36,27,54,4,9,2,12,5,0,0,0,0,0,0,3,11,63,964,2,4,1,23,0,478,40.166666666666664,2.012526096033403,18720.25,4,1,60+,Very High,High,7.666666666666667,0.16666666666666666,6,0.0
3828,1951,Graduation,Married,71107.0,0,1,2013-02-17,61,533,10,217,198,174,195,2,7,6,13,4,0,0,0,0,0,0,3,11,73,1327,1,3,1,26,0,497,49.148148148148145,2.6646586345381524,23702.333333333332,3,1,60+,Very High,Very High,6.0,0.07407407407407407,6,0.0
8605,1964,PhD,Together,46910.0,1,1,2014-03-23,36,48,0,14,0,0,6,2,2,0,3,6,0,0,0,0,0,0,3,11,60,68,2,4,1,5,0,98,11.333333333333334,0.6868686868686869,11727.5,5,1,50-60,Medium,Low,3.3333333333333335,0.3333333333333333,3,0.0
10304,1959,Graduation,Married,18690.0,0,0,2012-12-28,77,6,1,7,23,4,19,1,1,1,2,8,0,0,0,0,0,0,3,11,65,60,0,2,0,4,0,548,12.0,0.1092896174863388,9345.0,3,1,60+,Low,Low,3.3333333333333335,0.2,6,0.0
4351,1955,Graduation,Divorced,37244.0,1,1,2013-04-27,90,18,2,10,0,0,25,1,1,1,2,7,1,0,0,0,0,0,3,11,69,55,2,3,1,4,1,428,11.0,0.1282051282051282,12414.666666666666,3,0,60+,Medium,Low,3.0,0.2,4,0.2
10129,1966,Graduation,Together,82427.0,0,0,2014-03-12,35,482,147,509,104,107,107,1,3,5,12,1,0,0,1,0,0,0,3,11,58,1456,0,2,0,20,1,109,69.33333333333333,13.236363636363636,41213.5,3,1,50-60,Very High,Very High,2.3333333333333335,0.047619047619047616,6,0.2
2499,1958,2n Cycle,Single,75342.0,0,1,2013-05-06,38,204,97,97,21,118,26,1,5,2,10,4,0,0,0,0,0,0,3,11,66,563,1,2,1,17,0,419,31.27777777777778,1.3404761904761904,37671.0,2,0,60+,Very High,High,4.666666666666667,0.05555555555555555,6,0.0
10092,1954,Graduation,Divorced,70044.0,0,1,2013-02-18,46,1073,0,250,153,14,14,4,7,10,5,5,0,0,0,0,0,0,3,11,70,1504,1,2,1,22,0,496,65.3913043478261,3.0261569416498992,35022.0,3,0,60+,Very High,Very High,6.333333333333333,0.17391304347826086,5,0.0
7500,1967,Graduation,Single,79146.0,1,1,2014-04-24,33,245,16,223,21,43,16,2,8,1,8,6,0,0,0,0,0,0,3,11,57,564,2,3,1,17,0,66,31.333333333333332,8.417910447761194,26382.0,3,0,50-60,Very High,High,7.333333333333333,0.1111111111111111,6,0.0
5796,1963,Graduation,Married,77437.0,0,0,2013-11-26,70,560,21,442,29,44,29,1,4,5,13,1,0,0,1,0,0,0,3,11,61,1125,0,2,0,22,1,215,48.91304347826087,5.208333333333333,38718.5,3,1,60+,Very High,Very High,3.0,0.043478260869565216,6,0.2
10556,1959,Graduation,Married,54984.0,0,1,2014-05-24,51,173,13,131,32,3,6,4,6,1,6,7,0,0,0,1,0,0,3,11,65,358,1,3,1,13,1,36,25.571428571428573,9.675675675675675,18328.0,3,1,60+,High,Medium,6.333333333333333,0.2857142857142857,6,0.2
1064,1971,PhD,Married,42403.0,1,0,2013-12-11,18,22,1,11,0,5,3,1,1,0,3,8,0,0,0,0,0,0,3,11,53,42,1,3,1,4,0,200,8.4,0.208955223880597,14134.333333333334,5,1,50-60,Medium,Low,3.3333333333333335,0.2,5,0.0
48,1964,Graduation,Together,55761.0,0,1,2014-04-24,97,136,1,12,0,3,32,2,4,1,3,6,0,1,0,0,0,0,3,11,60,184,1,3,1,8,1,66,20.444444444444443,2.746268656716418,18587.0,3,1,50-60,High,Medium,4.666666666666667,0.2222222222222222,5,0.2
7610,1983,Graduation,Together,37292.0,1,0,2013-04-18,32,275,0,86,10,23,66,5,6,3,5,8,0,0,0,0,0,0,3,11,41,460,1,3,1,14,0,437,30.666666666666668,1.0502283105022832,12430.666666666666,3,1,40-50,Medium,High,6.666666666666667,0.3333333333333333,5,0.0
263,1945,PhD,Single,45576.0,0,0,2014-05-28,9,56,19,29,2,14,25,1,3,1,3,8,0,0,0,0,0,0,3,11,79,145,0,1,0,7,0,32,18.125,4.393939393939394,45576.0,5,0,60+,Medium,Medium,4.666666666666667,0.125,6,0.0
10814,1947,Graduation,Together,70321.0,0,0,2013-01-16,6,303,23,751,82,26,191,1,6,5,13,4,0,0,0,0,0,0,3,11,77,1376,0,2,0,24,0,529,55.04,2.5962264150943395,35160.5,3,1,60+,Very High,Very High,5.333333333333333,0.04,6,0.0
9710,1969,PhD,Divorced,58086.0,0,1,2013-01-20,80,708,7,62,0,0,15,2,11,3,7,8,0,0,0,0,0,0,3,11,55,792,1,2,1,21,0,525,36.0,1.505703422053232,29043.0,5,0,50-60,High,High,10.0,0.09090909090909091,4,0.0
9292,1952,Graduation,Married,81795.0,0,0,2012-10-26,74,324,132,693,27,118,88,1,4,11,7,2,0,0,0,0,0,0,3,11,72,1382,0,2,0,22,0,611,60.08695652173913,2.258169934640523,40897.5,3,1,60+,Very High,Very High,3.3333333333333335,0.043478260869565216,6,0.0
10250,1947,Basic,Together,28389.0,0,0,2012-11-20,49,1,5,3,7,4,8,1,1,0,2,7,0,0,0,0,0,0,3,11,77,28,0,2,0,3,0,586,7.0,0.04770017035775128,14194.5,1,1,60+,Low,Low,3.0,0.25,6,0.0
7881,1946,Master,Married,66835.0,0,0,2013-09-28,21,620,26,195,34,17,141,1,6,4,13,2,0,0,0,0,0,0,3,11,78,1033,0,2,0,23,0,274,43.041666666666664,3.7563636363636363,33417.5,4,1,60+,High,High,4.666666666666667,0.041666666666666664,6,0.0
5847,1969,Graduation,Divorced,69901.0,0,1,2013-05-29,95,312,21,206,102,92,149,3,7,3,10,5,0,0,0,0,0,0,3,11,55,882,1,2,1,20,0,396,42.0,2.2216624685138537,34950.5,3,0,50-60,Very High,High,6.333333333333333,0.14285714285714285,6,0.0
3571,1961,PhD,Together,63342.0,0,1,2012-10-16,48,918,21,118,13,10,21,3,8,3,5,6,0,1,0,0,0,0,3,11,63,1101,1,3,1,16,1,621,64.76470588235294,1.770096463022508,21114.0,5,1,60+,High,Very High,7.333333333333333,0.17647058823529413,6,0.2
7807,1974,Graduation,Married,44989.0,0,1,2012-09-12,26,98,0,106,49,10,106,5,5,1,5,6,0,0,0,0,0,0,3,11,50,369,1,3,1,11,0,655,30.75,0.5625,14996.333333333334,3,1,40-50,Medium,Medium,5.333333333333333,0.4166666666666667,5,0.0
3878,1980,2n Cycle,Single,31859.0,1,0,2014-02-27,3,3,4,7,15,8,11,1,1,0,3,7,0,0,0,0,0,0,3,11,44,48,1,2,1,4,0,122,9.6,0.3902439024390244,15929.5,2,0,40-50,Low,Low,3.0,0.2,6,0.0
5092,1949,PhD,Widow,51569.0,0,1,2013-02-12,39,380,0,47,6,0,34,4,7,1,7,8,0,1,0,0,0,0,3,11,75,467,1,2,1,15,1,502,29.1875,0.9284294234592445,25784.5,5,0,60+,High,High,7.333333333333333,0.25,4,0.2
2154,1971,Graduation,Widow,30372.0,1,1,2012-12-25,33,15,0,12,7,3,7,3,2,0,3,7,0,0,0,0,0,0,3,11,53,44,2,3,1,5,0,551,7.333333333333333,0.07971014492753623,10124.0,3,0,50-60,Low,Low,3.6666666666666665,0.5,5,0.0
5394,1979,Basic,Single,16014.0,1,1,2013-03-17,42,3,9,4,7,8,7,4,1,1,4,3,0,0,0,0,0,0,3,11,45,38,2,3,1,6,0,469,5.428571428571429,0.08085106382978724,5338.0,1,0,40-50,Low,Low,1.6666666666666667,0.5714285714285714,6,0.0
3798,1968,Graduation,Married,41120.0,1,1,2013-11-06,80,24,2,23,0,8,24,3,2,1,3,6,0,0,0,0,0,0,3,11,56,81,2,4,1,6,0,235,11.571428571428571,0.3432203389830508,10280.0,3,1,50-60,Medium,Medium,3.3333333333333335,0.42857142857142855,5,0.0
3524,1971,Master,Single,39763.0,1,0,2013-08-04,9,80,1,60,4,6,16,2,5,1,2,9,0,0,0,0,0,0,3,11,53,167,1,2,1,8,0,329,18.555555555555557,0.5060606060606061,19881.5,4,0,50-60,Medium,Medium,6.333333333333333,0.2222222222222222,6,0.0
5247,1955,PhD,Married,38725.0,1,1,2014-05-10,52,31,0,6,2,1,5,2,1,0,4,4,0,0,0,0,0,0,3,11,69,45,2,4,1,5,0,50,7.5,0.8823529411764706,9681.25,5,1,60+,Medium,Low,2.0,0.3333333333333333,5,0.0
5883,1972,Graduation,Married,77981.0,1,0,2013-05-26,78,138,120,204,16,126,60,3,7,4,7,5,0,0,0,0,0,0,3,11,52,664,1,3,1,18,0,399,34.94736842105263,1.66,25993.666666666668,3,1,50-60,Very High,High,6.333333333333333,0.15789473684210525,6,0.0
2118,1964,2n Cycle,Married,62905.0,0,1,2013-09-10,68,166,75,96,119,107,59,3,7,2,8,4,0,0,0,0,0,0,3,11,60,622,1,3,1,17,0,292,34.55555555555556,2.1228668941979523,20968.333333333332,2,1,50-60,High,High,6.0,0.16666666666666666,6,0.0
8812,1979,2n Cycle,Divorced,13533.0,1,0,2013-03-10,45,12,3,8,8,0,17,2,2,0,3,7,0,0,0,0,0,0,3,11,45,48,1,2,1,5,0,476,8.0,0.10062893081761007,6766.5,2,0,40-50,Low,Low,3.6666666666666665,0.3333333333333333,5,0.0
6616,1975,Graduation,Together,59481.0,0,1,2013-10-23,47,178,3,85,71,66,58,2,3,3,8,2,0,0,0,0,0,0,3,11,49,461,1,3,1,14,0,249,30.733333333333334,1.844,19827.0,3,1,40-50,High,High,2.6666666666666665,0.13333333333333333,6,0.0
2797,1977,Graduation,Married,72117.0,0,1,2013-08-20,34,707,20,171,65,60,50,1,9,7,9,5,0,0,0,0,0,0,3,11,47,1073,1,3,1,25,0,313,41.26923076923077,3.417197452229299,24039.0,3,1,40-50,Very High,Very High,7.666666666666667,0.038461538461538464,6,0.0
4328,1986,2n Cycle,Married,21955.0,1,0,2013-09-07,81,5,1,7,17,14,11,2,2,1,3,6,0,0,0,0,0,0,3,11,38,55,1,3,1,6,0,295,7.857142857142857,0.1858108108108108,7318.333333333333,2,1,30-40,Low,Low,3.3333333333333335,0.2857142857142857,6,0.0
9167,1956,Graduation,Married,67131.0,0,1,2013-03-26,72,465,71,250,93,35,62,3,9,2,12,6,0,0,0,0,0,0,3,11,68,976,1,3,1,23,0,460,40.666666666666664,2.117136659436009,22377.0,3,1,60+,High,High,8.0,0.125,6,0.0
10560,1980,PhD,Single,36802.0,1,0,2014-06-16,23,16,1,2,0,0,1,1,1,0,3,5,0,0,0,0,0,0,3,11,44,20,1,2,1,4,0,13,4.0,1.4285714285714286,18401.0,5,0,40-50,Medium,Low,2.3333333333333335,0.2,4,0.0
2631,1982,Graduation,Together,71853.0,0,0,2013-05-08,29,358,108,413,141,97,32,1,2,8,6,1,0,0,0,0,0,0,3,11,42,1149,0,2,0,16,0,417,67.58823529411765,2.748803827751196,35926.5,3,1,40-50,Very High,Very High,1.6666666666666667,0.058823529411764705,6,0.0
8312,1961,Basic,Married,28249.0,0,0,2014-06-15,80,1,9,7,2,14,10,1,2,0,3,6,0,0,0,0,0,0,3,11,63,43,0,2,0,5,0,14,7.166666666666667,2.8666666666666667,14124.5,1,1,60+,Low,Low,3.3333333333333335,0.16666666666666666,6,0.0
5534,1975,Master,Married,47808.0,0,1,2013-10-20,30,123,1,26,2,0,72,2,3,2,3,7,1,0,0,0,0,0,3,11,49,224,1,3,1,8,1,252,24.88888888888889,0.8853754940711462,15936.0,4,1,40-50,Medium,Medium,4.333333333333333,0.2222222222222222,5,0.2
5093,1974,PhD,Divorced,25509.0,1,0,2012-09-18,15,40,3,30,10,7,11,3,3,0,3,9,0,0,0,0,0,0,3,11,50,101,1,2,1,6,0,649,14.428571428571429,0.15538461538461537,12754.5,5,0,40-50,Low,Medium,5.0,0.42857142857142855,6,0.0
7592,1946,PhD,Married,51012.0,0,0,2013-04-18,86,102,9,63,2,9,24,1,4,1,4,6,0,0,0,0,0,0,3,11,78,209,0,2,0,9,0,437,20.9,0.4771689497716895,25506.0,5,1,60+,Medium,Medium,4.666666666666667,0.1,6,0.0
8895,1985,Graduation,Single,70596.0,0,0,2012-10-05,68,347,44,534,17,0,26,1,3,5,12,2,0,0,0,0,0,0,3,11,39,968,0,1,0,20,0,632,46.095238095238095,1.529225908372828,70596.0,3,0,30-40,Very High,High,2.6666666666666665,0.047619047619047616,5,0.0
8584,1952,PhD,Together,85431.0,0,0,2013-06-08,54,376,53,462,168,53,53,1,2,7,7,0,0,0,0,0,0,0,3,11,72,1165,0,2,0,16,0,386,68.52941176470588,3.0103359173126614,42715.5,5,1,60+,Very High,Very High,1.3333333333333333,0.058823529411764705,6,0.0
2694,1967,Graduation,Married,42664.0,0,1,2014-03-18,44,21,0,3,0,0,0,1,1,0,3,6,0,0,0,0,0,0,3,11,57,24,1,3,1,4,0,103,4.8,0.23076923076923078,14221.333333333334,3,1,50-60,Medium,Low,2.6666666666666665,0.2,2,0.0
8910,1955,Graduation,Together,42586.0,1,1,2012-10-29,7,194,2,56,0,0,0,5,4,1,6,8,0,0,0,0,0,0,3,11,69,252,2,4,1,11,0,608,21.0,0.41379310344827586,10646.5,3,1,60+,Medium,Medium,5.333333333333333,0.4166666666666667,3,0.0
7433,1985,Graduation,Single,29760.0,1,0,2012-08-29,87,64,4,68,7,5,17,4,3,1,4,8,0,0,0,0,0,0,3,11,39,165,1,2,1,8,0,669,18.333333333333332,0.2462686567164179,14880.0,3,0,30-40,Low,Medium,4.666666666666667,0.4444444444444444,6,0.0
164,1977,PhD,Married,28973.0,0,0,2012-10-13,59,206,0,46,3,2,12,2,5,1,5,8,0,0,0,0,0,0,3,11,47,269,0,2,0,11,0,624,22.416666666666668,0.4304,14486.5,5,1,40-50,Low,Medium,6.0,0.16666666666666666,5,0.0
10477,1973,PhD,Together,39435.0,1,0,2013-08-06,16,71,0,18,0,0,13,1,3,1,2,7,0,0,0,0,0,0,3,11,51,102,1,3,1,6,0,327,14.571428571428571,0.31097560975609756,13145.0,5,1,50-60,Medium,Medium,4.333333333333333,0.14285714285714285,3,0.0
2681,1984,2n Cycle,Married,65370.0,0,0,2013-08-01,1,71,22,112,138,89,29,1,2,3,13,1,0,0,0,0,0,0,3,11,40,461,0,2,0,18,0,332,24.263157894736842,1.3843843843843844,32685.0,2,1,30-40,High,High,1.6666666666666667,0.05263157894736842,6,0.0
5150,1979,Basic,Single,20194.0,1,0,2012-12-17,64,0,4,7,11,10,15,2,2,0,3,6,0,0,0,0,0,0,3,11,45,47,1,2,1,5,0,559,7.833333333333333,0.08392857142857142,10097.0,1,0,40-50,Low,Low,3.3333333333333335,0.3333333333333333,5,0.0
5283,1976,PhD,Single,42473.0,1,1,2014-02-17,72,93,1,21,0,4,25,3,2,1,4,5,0,0,0,0,0,0,3,11,48,144,2,3,1,7,0,132,18.0,1.0827067669172932,14157.666666666666,5,0,40-50,Medium,Medium,3.0,0.375,5,0.0
9645,1968,Graduation,Married,64590.0,0,0,2012-10-14,98,920,138,168,36,46,30,1,9,4,10,6,0,0,0,0,0,0,3,11,56,1338,0,2,0,23,0,623,55.75,2.144230769230769,32295.0,3,1,50-60,High,Very High,8.0,0.041666666666666664,6,0.0
10678,1959,Graduation,Together,71232.0,0,1,2013-11-28,91,653,17,170,34,26,17,2,11,2,10,7,0,0,0,0,0,0,3,11,65,917,1,3,1,23,0,213,38.208333333333336,4.285046728971962,23744.0,3,1,60+,Very High,High,9.666666666666666,0.08333333333333333,6,0.0
7261,1971,Graduation,Together,34600.0,1,1,2013-01-01,8,199,33,60,8,3,15,5,5,2,5,8,0,0,0,0,0,0,3,11,53,318,2,4,1,12,0,544,24.46153846153846,0.5834862385321101,8650.0,3,1,50-60,Low,Medium,6.0,0.38461538461538464,6,0.0
9648,1967,Graduation,Single,46904.0,1,1,2012-11-03,20,153,4,56,0,9,31,4,5,1,4,8,0,0,0,0,0,0,3,11,57,253,2,3,1,10,0,603,23.0,0.41887417218543044,15634.666666666666,3,0,50-60,Medium,Medium,6.0,0.36363636363636365,5,0.0
2870,1973,Graduation,Married,49094.0,0,1,2012-09-21,6,376,0,38,11,8,69,5,6,3,6,6,0,0,0,0,0,0,3,11,51,502,1,3,1,15,0,646,31.375,0.7758887171561051,16364.666666666666,3,1,50-60,Medium,High,6.0,0.3125,5,0.0
8008,1983,Graduation,Together,36075.0,1,0,2013-12-09,54,46,0,30,12,1,30,1,2,0,4,6,0,0,0,0,0,0,3,11,41,119,1,3,1,6,0,202,17.0,0.5862068965517241,12025.0,3,1,40-50,Medium,Medium,3.3333333333333335,0.14285714285714285,5,0.0
1513,1979,2n Cycle,Together,60839.0,1,1,2012-08-28,72,600,21,128,223,150,128,13,2,2,12,8,0,0,0,0,0,0,3,11,45,1250,2,4,1,16,0,670,73.52941176470588,1.8628912071535022,15209.75,2,1,40-50,High,Very High,4.0,0.7647058823529411,6,0.0
6173,1979,Graduation,Together,77298.0,0,1,2013-11-02,46,425,115,292,23,35,79,1,6,6,11,3,0,0,0,0,0,0,3,11,45,969,1,3,1,23,0,239,40.375,4.0375,25766.0,3,1,40-50,Very High,High,5.0,0.041666666666666664,6,0.0
1419,1950,Graduation,Together,34026.0,1,1,2013-08-05,11,18,6,15,12,8,17,3,2,1,3,5,0,0,0,0,0,0,3,11,74,76,2,4,1,6,0,328,10.857142857142858,0.23100303951367782,8506.5,3,1,60+,Low,Medium,3.0,0.42857142857142855,6,0.0
9150,1963,PhD,Single,48918.0,1,1,2014-04-12,21,52,0,9,0,0,1,2,1,0,4,4,0,0,0,0,0,0,3,11,61,62,2,3,1,5,0,78,10.333333333333334,0.7848101265822784,16306.0,5,0,60+,Medium,Low,2.0,0.3333333333333333,3,0.0
7960,1962,2n Cycle,Together,82122.0,0,0,2013-08-15,89,734,22,350,151,25,100,1,3,9,13,1,0,0,1,0,0,0,3,11,62,1382,0,2,0,25,1,318,53.15384615384615,4.332288401253918,41061.0,2,1,60+,Very High,Very High,2.3333333333333335,0.038461538461538464,6,0.2
1250,1976,Graduation,Single,37697.0,1,0,2014-02-07,82,34,6,21,11,4,8,1,2,1,3,6,0,0,0,0,0,0,3,11,48,84,1,2,1,6,0,142,12.0,0.5874125874125874,18848.5,3,0,40-50,Medium,Medium,3.3333333333333335,0.14285714285714285,6,0.0
9905,1952,Graduation,Together,34074.0,1,1,2013-07-13,69,135,1,41,10,1,67,5,3,3,3,6,1,0,0,0,0,0,3,11,72,255,2,4,1,9,1,351,25.5,0.7244318181818182,8518.5,3,1,60+,Low,Medium,4.0,0.5,6,0.2
10691,1960,Master,Married,28520.0,1,1,2013-06-14,55,11,0,10,0,2,20,1,1,1,2,6,0,0,0,0,0,0,3,11,64,43,2,4,1,4,0,380,8.6,0.11286089238845144,7130.0,4,1,60+,Low,Low,2.6666666666666665,0.2,4,0.0
7002,1955,Graduation,Single,62535.0,0,1,2013-10-03,13,163,48,90,0,45,52,1,3,2,8,3,0,0,0,0,0,0,3,11,69,398,1,2,1,13,0,269,28.428571428571427,1.474074074074074,31267.5,3,0,60+,High,High,3.0,0.07142857142857142,5,0.0
2952,1977,Master,Single,36273.0,1,0,2014-04-16,80,29,3,30,3,2,9,2,3,0,3,6,0,0,0,0,0,0,3,11,47,76,1,2,1,6,0,74,10.857142857142858,1.0133333333333334,18136.5,4,0,40-50,Medium,Medium,4.0,0.2857142857142857,6,0.0
8439,1964,Graduation,Together,63404.0,0,2,2014-06-06,97,734,26,70,11,44,17,2,6,3,4,4,0,0,0,1,0,0,3,11,60,902,2,4,1,13,1,23,64.42857142857143,37.583333333333336,15851.0,3,1,50-60,High,High,5.333333333333333,0.14285714285714285,6,0.2
762,1981,2n Cycle,Together,75774.0,1,0,2014-05-02,27,340,21,134,258,14,56,1,7,5,8,4,0,0,0,0,0,0,3,11,43,823,1,3,1,20,0,58,39.19047619047619,13.94915254237288,25258.0,2,1,40-50,Very High,High,6.0,0.047619047619047616,6,0.0
2831,1976,Graduation,Together,78416.0,0,1,2014-06-27,99,453,38,279,188,38,183,2,7,7,10,3,0,0,0,0,0,0,3,11,48,1179,1,3,1,24,0,2,47.16,393.0,26138.666666666668,3,1,40-50,Very High,Very High,5.666666666666667,0.08,6,0.0
6977,1974,Graduation,Together,75702.0,0,1,2012-10-14,87,1073,0,629,145,37,37,1,10,5,13,6,0,0,1,0,0,0,3,11,50,1921,1,3,1,28,1,623,66.24137931034483,3.078525641025641,25234.0,3,1,40-50,Very High,Very High,8.666666666666666,0.034482758620689655,5,0.2
6289,1951,Master,Together,59385.0,1,1,2013-04-28,85,135,0,10,0,4,36,2,3,1,4,5,0,0,0,0,0,0,3,11,73,185,2,4,1,8,0,427,20.555555555555557,0.4322429906542056,14846.25,4,1,60+,High,Medium,3.6666666666666665,0.2222222222222222,4,0.0
4168,1966,Graduation,Single,37070.0,1,1,2013-03-20,30,231,7,137,4,15,39,9,5,1,8,7,0,0,0,0,0,0,3,11,58,433,2,3,1,14,0,466,28.866666666666667,0.9271948608137045,12356.666666666666,3,0,50-60,Medium,High,5.666666666666667,0.6,6,0.0
8397,1951,Graduation,Married,44689.0,1,1,2014-01-10,82,18,0,5,0,0,11,2,1,1,2,7,1,0,0,0,0,0,3,11,73,34,2,4,1,4,1,170,6.8,0.19883040935672514,11172.25,3,1,60+,Medium,Low,3.0,0.4,3,0.2
9284,1958,Graduation,Together,53977.0,0,1,2013-06-08,21,620,16,165,0,24,82,5,5,5,12,5,0,0,0,0,0,0,3,11,66,907,1,3,1,22,0,386,39.43478260869565,2.343669250645995,17992.333333333332,3,1,60+,High,High,5.0,0.21739130434782608,5,0.0
3130,1964,Graduation,Single,18701.0,1,1,2013-06-04,95,12,4,2,10,6,10,4,2,0,4,5,0,0,0,0,0,0,3,11,60,44,2,3,1,6,0,390,6.285714285714286,0.11253196930946291,6233.666666666667,3,0,50-60,Low,Low,3.0,0.5714285714285714,6,0.0
1619,1956,Graduation,Married,90369.0,0,0,2014-04-28,2,292,51,981,224,23,17,1,4,6,6,1,0,0,0,0,0,0,3,11,68,1588,0,2,0,16,0,62,93.41176470588235,25.206349206349206,45184.5,3,1,60+,Very High,Very High,3.0,0.058823529411764705,6,0.0
1990,1974,PhD,Single,63159.0,0,0,2012-11-05,74,965,34,586,89,86,37,1,3,5,8,3,1,0,0,0,0,0,3,11,50,1797,0,1,0,16,1,601,105.70588235294117,2.985049833887043,63159.0,5,0,40-50,High,Very High,3.0,0.058823529411764705,6,0.2
5513,1966,Graduation,Together,37758.0,1,1,2012-10-04,49,27,2,10,0,0,1,2,1,0,3,8,0,0,0,0,0,0,3,11,58,40,2,4,1,4,0,633,8.0,0.06309148264984227,9439.5,3,1,50-60,Medium,Low,3.3333333333333335,0.4,4,0.0
269,1963,PhD,Single,46757.0,0,1,2012-11-16,71,777,30,163,0,51,122,6,4,4,7,9,0,0,0,0,0,0,3,11,61,1143,1,2,1,15,0,590,71.4375,1.9340101522842639,23378.5,5,0,60+,Medium,Very High,5.666666666666667,0.375,5,0.0
8093,1969,Master,Married,79734.0,0,0,2014-06-28,72,572,8,232,23,62,17,1,4,3,6,1,0,0,0,1,0,0,3,11,55,914,0,2,0,13,1,1,65.28571428571429,457.0,39867.0,4,1,50-60,Very High,High,3.0,0.07142857142857142,6,0.2
10513,1992,Graduation,Together,63207.0,0,0,2013-01-20,68,438,169,565,91,169,70,1,2,3,6,7,0,0,0,1,0,0,3,11,32,1502,0,2,0,11,1,525,125.16666666666667,2.8555133079847907,31603.5,3,1,30-40,High,Very High,3.6666666666666665,0.08333333333333333,6,0.2
10177,1954,Graduation,Divorced,72071.0,0,1,2013-02-14,4,531,69,300,150,138,150,3,5,4,8,2,0,0,0,0,0,0,3,11,70,1338,1,2,1,17,0,500,74.33333333333333,2.6706586826347305,36035.5,3,0,60+,Very High,Very High,4.0,0.16666666666666666,6,0.0
2549,1983,PhD,Together,21840.0,1,0,2013-07-21,80,17,0,9,0,0,1,1,1,0,3,9,0,0,0,0,0,0,3,11,41,27,1,3,1,4,0,343,5.4,0.07848837209302326,7280.0,5,1,40-50,Low,Low,3.6666666666666665,0.2,3,0.0
5782,1982,2n Cycle,Together,58582.0,0,1,2013-09-28,15,402,35,106,101,77,42,2,9,2,9,5,0,1,0,0,0,0,3,11,42,763,1,3,1,20,1,274,36.333333333333336,2.7745454545454544,19527.333333333332,2,1,40-50,High,High,7.666666666666667,0.09523809523809523,6,0.2
10057,1951,Graduation,Single,72282.0,0,0,2013-07-19,70,503,27,419,90,139,153,1,5,7,9,7,0,0,0,0,0,0,3,11,73,1331,0,1,0,21,0,345,60.5,3.846820809248555,72282.0,3,0,60+,Very High,Very High,5.666666666666667,0.045454545454545456,6,0.0
10307,1956,Graduation,Married,50387.0,0,2,2013-08-31,91,369,9,87,12,14,34,3,6,2,8,5,0,0,0,0,0,0,3,11,68,525,2,4,1,16,0,302,30.88235294117647,1.7326732673267327,12596.75,3,1,60+,Medium,High,5.666666666666667,0.17647058823529413,6,0.0
2415,1962,Graduation,Together,62568.0,0,1,2014-04-07,99,362,17,398,80,35,61,3,5,3,5,4,0,0,0,1,0,0,3,11,62,953,1,3,1,13,1,83,68.07142857142857,11.345238095238095,20856.0,3,1,60+,High,High,4.666666666666667,0.21428571428571427,6,0.2
5684,1971,Master,Divorced,44635.0,1,1,2013-10-11,25,56,0,9,0,0,3,2,2,0,3,7,0,0,0,0,0,0,3,11,53,68,2,3,1,5,0,261,11.333333333333334,0.2595419847328244,14878.333333333334,4,0,50-60,Medium,Low,3.6666666666666665,0.3333333333333333,3,0.0
8334,1971,Master,Single,33316.0,1,1,2013-10-04,34,79,1,31,4,4,12,3,2,1,4,6,0,0,0,0,0,0,3,11,53,131,2,3,1,7,0,268,16.375,0.48698884758364314,11105.333333333334,4,0,50-60,Low,Medium,3.3333333333333335,0.375,6,0.0
9166,1968,Graduation,Married,63967.0,0,1,2013-08-09,57,387,84,141,73,35,162,3,4,4,12,2,0,0,0,0,0,0,3,11,56,882,1,3,1,20,0,324,42.0,2.713846153846154,21322.333333333332,3,1,50-60,High,High,3.3333333333333335,0.14285714285714285,6,0.0
1440,1978,2n Cycle,Together,52513.0,0,0,2012-09-04,84,367,17,241,104,188,232,2,9,5,9,7,0,0,0,0,0,0,3,11,46,1149,0,2,0,23,0,663,47.875,1.730421686746988,26256.5,2,1,40-50,High,Very High,8.333333333333334,0.08333333333333333,6,0.0
78,1969,Graduation,Married,25293.0,1,0,2013-09-15,51,15,0,11,0,2,9,1,1,1,2,8,0,0,0,0,0,0,3,11,55,37,1,3,1,4,0,287,7.4,0.1284722222222222,8431.0,3,1,50-60,Low,Low,3.3333333333333335,0.2,4,0.0
5441,1965,PhD,Widow,54111.0,0,1,2013-08-25,97,267,6,54,8,3,50,2,5,2,6,5,0,0,0,0,0,0,3,11,59,388,1,2,1,13,0,308,27.714285714285715,1.255663430420712,27055.5,5,0,50-60,High,Medium,5.0,0.14285714285714285,6,0.0
5302,1986,Graduation,Together,78394.0,0,0,2013-02-15,13,298,27,697,216,24,166,1,4,6,5,2,0,0,0,0,0,0,3,11,38,1428,0,2,0,15,0,499,89.25,2.856,39197.0,3,1,30-40,Very High,Very High,3.3333333333333335,0.0625,6,0.0
4687,1958,Master,Married,80739.0,0,0,2013-05-23,92,674,92,736,39,0,92,1,3,11,9,1,0,0,0,0,0,0,3,11,66,1633,0,2,0,23,0,402,68.04166666666667,4.052109181141439,40369.5,4,1,60+,Very High,Very High,2.3333333333333335,0.041666666666666664,5,0.0
1087,1975,Master,Together,22669.0,1,0,2013-05-22,30,16,14,36,37,22,48,3,4,1,2,9,0,0,0,0,0,0,3,11,49,173,1,3,1,7,0,403,21.625,0.4282178217821782,7556.333333333333,4,1,40-50,Low,Medium,5.666666666666667,0.375,6,0.0
6859,1987,Graduation,Single,29236.0,1,0,2013-10-08,30,37,4,24,16,9,9,2,4,0,3,9,0,0,0,0,0,0,3,11,37,99,1,2,1,7,0,264,12.375,0.37358490566037733,14618.0,3,0,30-40,Low,Medium,5.666666666666667,0.25,6,0.0
9860,1959,Graduation,Together,44911.0,0,1,2013-03-15,11,159,0,22,2,1,31,3,4,1,4,7,0,0,0,0,0,0,3,11,65,215,1,3,1,9,0,471,21.5,0.4555084745762712,14970.333333333334,3,1,60+,Medium,Medium,5.0,0.3,5,0.0
7129,1962,PhD,Married,54693.0,0,1,2013-02-17,72,686,17,142,23,26,35,8,6,4,13,6,0,0,0,0,0,0,3,11,62,929,1,3,1,23,0,497,38.708333333333336,1.8654618473895583,18231.0,5,1,60+,High,High,6.0,0.3333333333333333,6,0.0
5866,1974,Graduation,Together,48186.0,1,0,2014-03-20,39,97,3,66,12,7,34,3,4,1,4,7,0,0,0,0,0,0,3,11,50,219,1,3,1,9,0,101,21.9,2.1470588235294117,16062.0,3,1,40-50,Medium,Medium,5.0,0.3,6,0.0
10521,1977,Graduation,Married,54809.0,1,1,2013-09-11,0,63,6,57,13,13,22,4,2,1,5,4,0,0,0,0,0,0,3,11,47,174,2,4,1,8,0,291,19.333333333333332,0.5958904109589042,13702.25,3,1,40-50,High,Medium,2.6666666666666665,0.4444444444444444,6,0.0
7393,1978,Graduation,Together,41580.0,1,1,2012-12-10,15,56,5,24,4,0,3,3,2,1,3,5,0,0,0,0,0,0,3,11,46,92,2,4,1,6,0,566,13.142857142857142,0.16225749559082892,10395.0,3,1,40-50,Medium,Medium,3.0,0.42857142857142855,5,0.0
7849,1970,PhD,Married,80336.0,0,0,2013-09-09,12,209,19,456,160,142,66,1,2,9,13,1,0,0,0,0,0,0,3,11,54,1052,0,2,0,24,0,293,42.08,3.578231292517007,40168.0,5,1,50-60,Very High,Very High,1.6666666666666667,0.04,6,0.0
332,1957,Graduation,Married,47743.0,0,1,2013-03-22,56,198,2,43,0,12,20,3,4,1,6,6,0,1,0,0,0,0,3,11,67,275,1,3,1,11,1,464,22.916666666666668,0.5913978494623656,15914.333333333334,3,1,60+,Medium,Medium,4.666666666666667,0.25,5,0.2
9847,1955,2n Cycle,Married,62972.0,0,1,2012-08-03,39,313,15,47,20,0,192,2,7,4,3,6,0,0,0,0,0,0,3,11,69,587,1,3,1,14,0,695,39.13333333333333,0.8433908045977011,20990.666666666668,2,1,60+,High,High,6.666666666666667,0.13333333333333333,5,0.0
531,1954,PhD,Divorced,57333.0,0,1,2012-09-22,55,941,14,397,76,58,176,11,8,5,9,6,0,0,0,0,0,0,3,11,70,1662,1,2,1,22,0,645,72.26086956521739,2.5727554179566563,28666.5,5,0,60+,High,Very High,7.333333333333333,0.4782608695652174,6,0.0
9576,1982,PhD,Together,32313.0,1,0,2013-02-11,60,86,4,56,2,4,7,3,4,0,4,9,0,0,0,0,0,0,3,11,42,159,1,3,1,8,0,503,17.666666666666668,0.31547619047619047,10771.0,5,1,40-50,Low,Medium,5.666666666666667,0.3333333333333333,6,0.0
6906,1953,Master,Widow,84953.0,0,0,2013-06-03,73,167,48,602,63,72,72,1,3,10,4,2,0,1,1,1,0,0,3,11,71,1024,0,1,0,17,3,391,56.888888888888886,2.6122448979591835,84953.0,4,0,60+,Very High,High,2.6666666666666665,0.05555555555555555,6,0.6
7419,1968,Master,Divorced,27071.0,1,0,2014-04-23,90,8,3,19,0,2,3,2,2,0,3,6,0,0,0,0,0,0,3,11,56,35,1,2,1,5,0,67,5.833333333333333,0.5147058823529411,13535.5,4,0,50-60,Low,Low,3.3333333333333335,0.3333333333333333,5,0.0
3170,1957,Master,Together,68148.0,0,0,2013-08-31,86,389,66,408,37,57,85,1,4,4,6,2,0,0,0,0,0,0,3,11,67,1042,0,2,0,14,0,302,69.46666666666667,3.438943894389439,34074.0,4,1,60+,High,High,3.3333333333333335,0.06666666666666667,6,0.0
8527,1965,Master,Together,65735.0,1,1,2013-12-07,37,239,7,119,4,15,11,5,6,2,6,7,0,0,0,0,0,0,3,11,59,395,2,4,1,14,0,204,26.333333333333332,1.9268292682926829,16433.75,4,1,50-60,High,Medium,6.333333333333333,0.3333333333333333,6,0.0
7872,1975,PhD,Married,86836.0,0,0,2012-09-12,7,179,21,273,0,21,63,1,6,10,6,5,1,0,1,1,0,0,3,11,49,557,0,2,0,22,3,655,24.217391304347824,0.8490853658536586,43418.0,5,1,40-50,Very High,High,5.666666666666667,0.043478260869565216,5,0.6
10595,1990,Graduation,Married,30093.0,0,0,2013-07-08,19,2,6,28,13,4,16,1,2,0,3,7,0,0,0,0,0,0,3,11,34,69,0,2,0,5,0,356,11.5,0.19327731092436976,15046.5,3,1,30-40,Low,Medium,3.6666666666666665,0.16666666666666666,6,0.0
4609,1966,PhD,Married,57705.0,0,1,2014-01-11,14,383,0,53,6,4,40,3,8,1,6,6,0,0,0,0,0,0,3,11,58,486,1,3,1,15,0,169,30.375,2.8588235294117648,19235.0,5,1,50-60,High,High,7.333333333333333,0.1875,5,0.0
5010,1988,Graduation,Single,25008.0,1,0,2014-02-02,72,2,8,8,6,1,9,2,1,0,3,8,0,0,0,0,0,0,3,11,36,34,1,2,1,4,0,147,6.8,0.22972972972972974,12504.0,3,0,30-40,Low,Low,3.3333333333333335,0.4,6,0.0
4427,1995,2n Cycle,Single,83257.0,0,0,2012-09-18,56,536,27,590,38,107,67,1,5,10,12,6,1,0,1,0,0,1,3,11,29,1365,0,1,0,27,2,649,48.75,2.1,83257.0,2,0,<30,Very High,Very High,5.333333333333333,0.03571428571428571,6,0.4
1168,1978,PhD,Married,72159.0,0,0,2012-10-29,62,322,53,899,34,40,53,1,4,6,10,2,0,0,0,0,0,0,3,11,46,1401,0,2,0,20,0,608,66.71428571428571,2.3004926108374386,36079.5,5,1,40-50,Very High,Very High,3.3333333333333335,0.047619047619047616,6,0.0
9595,1961,Graduation,Together,64260.0,0,0,2013-01-11,1,539,169,816,20,0,30,1,4,5,4,3,0,0,0,0,0,0,3,11,63,1574,0,2,0,13,0,534,112.42857142857143,2.9420560747663553,32130.0,3,1,60+,High,Very High,3.6666666666666665,0.07142857142857142,5,0.0
10163,1984,PhD,Single,82733.0,0,0,2013-09-10,28,712,50,420,65,38,38,1,8,4,7,4,0,0,0,0,0,0,3,11,40,1323,0,1,0,19,0,292,66.15,4.515358361774744,82733.0,5,0,30-40,Very High,Very High,6.666666666666667,0.05,6,0.0
2886,1971,Master,Divorced,74290.0,0,1,2013-08-12,70,1121,0,72,0,12,12,4,10,8,10,6,0,1,0,1,0,0,3,11,53,1217,1,2,1,28,2,321,41.96551724137931,3.779503105590062,37145.0,4,0,50-60,Very High,Very High,8.666666666666666,0.13793103448275862,4,0.4
6710,1951,Master,Single,58217.0,2,1,2012-11-17,84,68,1,13,3,5,13,1,2,0,4,6,0,0,0,0,0,0,3,11,73,103,3,4,1,6,0,589,14.714285714285714,0.17457627118644067,14554.25,4,0,60+,High,Medium,3.3333333333333335,0.14285714285714285,6,0.0
5316,1976,Master,Together,21024.0,0,0,2013-07-04,89,36,4,18,6,2,18,1,2,0,4,7,0,0,0,0,0,0,3,11,48,84,0,2,0,6,0,360,12.0,0.23268698060941828,10512.0,4,1,40-50,Low,Medium,3.6666666666666665,0.14285714285714285,6,0.0
9029,1972,PhD,Married,70116.0,0,0,2013-01-26,73,707,44,603,95,58,29,1,2,8,12,1,0,0,0,0,0,0,3,11,52,1536,0,2,0,22,0,519,66.78260869565217,2.953846153846154,35058.0,5,1,50-60,Very High,Very High,1.6666666666666667,0.043478260869565216,6,0.0
521,1985,Graduation,Together,54006.0,1,0,2012-09-18,42,174,77,203,6,24,97,2,8,1,7,7,0,0,0,0,0,0,3,11,39,581,1,3,1,16,0,649,34.1764705882353,0.8938461538461538,18002.0,3,1,30-40,High,High,7.666666666666667,0.11764705882352941,6,0.0
1459,1966,PhD,Married,69063.0,0,1,2012-11-07,16,666,35,124,69,8,26,1,5,3,5,3,0,0,0,0,0,0,3,11,58,928,1,3,1,13,0,599,66.28571428571429,1.5466666666666666,23021.0,5,1,50-60,Very High,High,4.333333333333333,0.07142857142857142,6,0.0
10241,1975,2n Cycle,Divorced,11448.0,0,0,2013-12-15,16,0,0,0,6,2,6,1,1,0,2,6,0,0,0,0,0,0,3,11,49,14,0,1,0,3,0,196,3.5,0.07106598984771574,11448.0,2,0,40-50,Low,Low,2.6666666666666665,0.25,3,0.0
1630,1979,Graduation,Single,61825.0,0,1,2013-08-07,56,162,50,100,55,30,27,1,4,2,8,4,0,0,0,0,0,0,3,11,45,424,1,2,1,14,0,326,28.266666666666666,1.2966360856269112,30912.5,3,0,40-50,High,High,4.0,0.06666666666666667,6,0.0
3254,1971,Graduation,Married,70886.0,1,0,2013-10-14,65,407,70,239,103,88,53,1,5,4,4,2,0,0,0,0,0,0,3,11,53,960,1,3,1,13,0,258,68.57142857142857,3.7065637065637067,23628.666666666668,3,1,50-60,Very High,High,4.0,0.07142857142857142,6,0.0
9064,1982,Graduation,Married,69109.0,0,0,2012-11-09,10,823,25,459,124,29,95,1,6,6,7,4,0,0,1,0,0,0,3,11,42,1555,0,2,0,19,1,597,77.75,2.600334448160535,34554.5,3,1,40-50,Very High,Very High,5.333333333333333,0.05,6,0.2
3678,1973,Graduation,Widow,60208.0,1,1,2012-10-07,13,488,23,71,15,0,59,11,8,3,7,7,0,1,0,0,0,0,3,11,51,656,2,3,1,18,1,630,34.526315789473685,1.0396196513470681,20069.333333333332,3,0,50-60,High,High,7.666666666666667,0.5789473684210527,5,0.2
4227,1968,Master,Together,32889.0,1,1,2013-09-06,78,28,0,13,4,2,8,3,2,1,3,5,0,0,0,0,0,0,3,11,56,55,2,4,1,6,0,296,7.857142857142857,0.18518518518518517,8222.25,4,1,50-60,Low,Low,3.0,0.42857142857142855,5,0.0
9467,1984,Graduation,Single,34738.0,1,0,2014-05-11,51,3,2,10,3,0,2,1,1,0,3,6,0,0,0,0,0,0,3,11,40,20,1,2,1,4,0,49,4.0,0.4,17369.0,3,0,30-40,Low,Low,2.6666666666666665,0.2,5,0.0
8486,1971,Master,Together,30538.0,1,0,2012-10-01,27,284,0,52,8,3,20,4,9,0,4,10,0,0,0,0,0,0,3,11,53,367,1,3,1,13,0,636,26.214285714285715,0.576138147566719,10179.333333333334,4,1,50-60,Low,Medium,9.333333333333334,0.2857142857142857,5,0.0
3286,1967,PhD,Divorced,26642.0,1,0,2014-03-01,71,13,2,15,2,2,8,2,2,0,3,6,0,0,0,0,0,0,3,11,57,42,1,2,1,5,0,120,7.0,0.34710743801652894,13321.0,5,0,50-60,Low,Low,3.3333333333333335,0.3333333333333333,6,0.0
8602,1964,Graduation,Divorced,69932.0,0,1,2013-06-12,97,412,172,153,150,105,57,2,7,6,11,4,0,0,0,0,0,0,3,11,60,1049,1,2,1,24,0,382,41.96,2.7389033942558747,34966.0,3,0,50-60,Very High,Very High,6.0,0.08,6,0.0
3722,1972,Graduation,Single,44503.0,1,1,2014-04-16,83,31,1,8,0,0,8,2,2,0,3,6,0,0,0,0,0,0,3,11,52,48,2,3,1,5,0,74,8.0,0.64,14834.333333333334,3,0,50-60,Medium,Low,3.3333333333333335,0.3333333333333333,4,0.0
6715,1948,PhD,Single,60200.0,0,1,2013-01-02,3,502,19,132,0,6,26,6,6,2,11,6,0,0,0,0,0,0,3,11,76,685,1,2,1,19,0,543,34.25,1.2591911764705883,30100.0,5,0,60+,High,High,6.0,0.3,5,0.0
4796,1952,Graduation,Divorced,49638.0,0,1,2014-04-19,71,18,10,3,3,5,0,1,1,0,3,2,0,0,0,0,0,0,3,11,72,39,1,2,1,4,0,71,7.8,0.5416666666666666,24819.0,3,0,60+,Medium,Low,1.3333333333333333,0.2,5,0.0
9612,1987,2n Cycle,Single,23830.0,0,0,2014-02-07,3,1,8,6,4,8,16,1,1,0,3,7,0,0,0,0,0,0,3,11,37,43,0,1,0,4,0,142,8.6,0.3006993006993007,23830.0,2,0,30-40,Low,Low,3.0,0.2,6,0.0
3766,1959,Master,Widow,33051.0,0,0,2012-08-16,15,100,71,243,108,94,219,3,9,1,8,9,0,0,0,0,0,0,3,11,65,835,0,1,0,18,0,682,43.94736842105263,1.2225475841874085,33051.0,4,0,60+,Low,High,9.0,0.15789473684210525,6,0.0
1399,1958,Graduation,Married,72905.0,0,0,2014-01-21,52,407,114,445,181,165,203,1,3,7,9,1,0,0,0,1,0,0,3,11,66,1515,0,2,0,19,1,159,75.75,9.46875,36452.5,3,1,60+,Very High,Very High,2.3333333333333335,0.05,6,0.2
1570,1951,PhD,Together,69702.0,0,1,2013-02-19,8,664,9,240,50,19,57,2,7,7,10,4,0,0,0,0,0,0,3,11,73,1039,1,3,1,24,0,495,41.56,2.094758064516129,23234.0,5,1,60+,Very High,High,6.0,0.08,6,0.0
3426,1975,Graduation,Divorced,70300.0,1,0,2013-07-15,89,1045,61,338,60,46,46,3,5,5,13,8,0,0,0,0,0,0,3,11,49,1596,1,2,1,23,0,349,66.5,4.56,35150.0,3,0,40-50,Very High,Very High,6.0,0.125,6,0.0
3074,1984,PhD,Married,70643.0,0,0,2012-10-15,66,1218,107,304,23,143,33,1,5,8,4,6,0,0,0,0,0,0,3,11,40,1828,0,2,0,17,0,622,101.55555555555556,2.9341894060995184,35321.5,5,1,30-40,Very High,Very High,5.333333333333333,0.05555555555555555,6,0.0
8341,1969,PhD,Married,30396.0,1,0,2014-04-30,22,15,0,6,0,1,12,2,1,1,2,7,1,0,0,0,0,0,3,11,55,34,1,3,1,4,1,60,6.8,0.5573770491803278,10132.0,5,1,50-60,Low,Low,3.0,0.4,4,0.2
5180,1968,PhD,Divorced,50616.0,0,1,2014-04-18,56,128,0,16,0,1,4,2,4,0,4,7,0,0,0,0,0,0,3,11,56,149,1,2,1,8,0,72,16.555555555555557,2.041095890410959,25308.0,5,0,50-60,Medium,Medium,5.0,0.2222222222222222,4,0.0
6461,1969,Master,Single,62772.0,0,1,2013-05-19,74,581,49,157,43,8,108,1,5,6,11,2,0,1,0,0,0,0,3,11,55,946,1,2,1,22,1,406,41.130434782608695,2.324324324324324,31386.0,4,0,50-60,High,High,4.0,0.043478260869565216,6,0.2
7679,1985,PhD,Single,30298.0,0,0,2014-05-19,48,6,3,12,6,1,0,1,1,1,3,3,0,0,0,0,0,0,3,11,39,28,0,1,0,5,0,41,4.666666666666667,0.6666666666666666,30298.0,5,0,30-40,Low,Low,1.6666666666666667,0.16666666666666666,5,0.0
10702,1984,Graduation,Single,52413.0,1,0,2012-11-03,67,185,8,133,56,56,12,2,7,1,7,7,0,0,0,0,0,0,3,11,40,450,1,2,1,15,0,603,28.125,0.7450331125827815,26206.5,3,0,30-40,High,High,7.0,0.125,6,0.0
7505,1957,PhD,Married,44155.0,1,1,2014-01-19,24,22,1,9,0,0,14,1,1,1,2,4,0,0,0,0,0,0,3,11,67,46,2,4,1,4,0,161,9.2,0.2839506172839506,11038.75,5,1,60+,Medium,Low,2.0,0.2,4,0.0
5113,1971,PhD,Divorced,86979.0,0,0,2013-11-07,67,584,100,835,65,83,35,1,5,5,5,2,1,0,0,0,0,0,3,11,53,1702,0,1,0,15,1,234,106.375,7.242553191489361,86979.0,5,0,50-60,Very High,Very High,4.0,0.0625,6,0.2
10858,1975,Graduation,Together,76532.0,1,1,2013-09-09,38,355,30,177,90,138,30,4,9,5,7,5,0,0,0,0,0,0,3,11,49,820,2,4,1,21,0,293,37.27272727272727,2.7891156462585034,19133.0,3,1,40-50,Very High,High,7.666666666666667,0.18181818181818182,6,0.0
2961,1982,Graduation,Married,42081.0,1,0,2013-02-26,86,175,10,110,54,6,27,2,6,3,4,6,1,0,0,0,0,0,3,11,42,382,1,3,1,13,1,488,27.285714285714285,0.7811860940695297,14027.0,3,1,40-50,Medium,Medium,6.0,0.14285714285714285,6,0.2
2747,1988,PhD,Married,67546.0,0,0,2012-08-31,90,864,134,768,150,38,172,1,4,10,5,3,0,0,0,0,0,0,3,11,36,2126,0,2,0,19,0,667,106.3,3.182634730538922,33773.0,5,1,30-40,High,Very High,3.6666666666666665,0.05,6,0.0
3010,1989,Master,Together,88420.0,0,0,2014-05-02,87,957,153,612,99,95,153,1,4,7,8,1,1,0,1,1,0,0,3,11,35,2069,0,2,0,19,3,58,103.45,35.067796610169495,44210.0,4,1,30-40,Very High,Very High,3.0,0.05,6,0.6
5790,1985,Graduation,Married,31158.0,1,0,2013-01-27,62,25,6,16,20,0,5,2,2,0,3,8,0,0,0,0,0,0,3,11,39,72,1,3,1,5,0,518,12.0,0.13872832369942195,10386.0,3,1,30-40,Low,Medium,4.0,0.3333333333333333,5,0.0
6892,1968,Graduation,Divorced,61671.0,0,1,2014-06-03,23,641,7,56,0,0,28,8,10,4,6,8,0,1,0,1,0,0,3,11,56,732,1,2,1,20,2,26,34.857142857142854,27.11111111111111,30835.5,3,0,50-60,High,High,9.333333333333334,0.38095238095238093,4,0.4
1743,1974,Graduation,Single,69719.0,0,0,2014-05-26,99,273,86,208,177,14,43,1,2,3,5,1,0,0,0,0,0,0,3,11,50,801,0,1,0,10,0,34,72.81818181818181,22.885714285714286,69719.0,3,0,40-50,Very High,High,1.6666666666666667,0.09090909090909091,6,0.0
3578,1949,Graduation,Divorced,49160.0,0,1,2013-10-20,29,122,21,43,25,10,15,2,3,1,6,6,0,0,0,0,0,0,3,11,75,236,1,2,1,10,0,252,21.454545454545453,0.932806324110672,24580.0,3,0,60+,Medium,Medium,4.0,0.18181818181818182,6,0.0
8462,1978,Basic,Together,24882.0,1,0,2012-09-09,52,1,4,10,29,0,36,1,1,1,2,6,1,0,0,0,0,0,3,11,46,80,1,3,1,4,1,658,16.0,0.12139605462822459,8294.0,1,1,40-50,Low,Medium,2.6666666666666665,0.2,5,0.2
5558,1954,PhD,Single,90933.0,0,0,2014-03-31,90,1020,31,430,62,63,79,1,4,6,4,1,0,0,1,0,0,0,3,11,70,1685,0,1,0,14,1,90,112.33333333333333,18.516483516483518,90933.0,5,0,60+,Very High,Very High,3.0,0.06666666666666667,6,0.2
8780,1950,PhD,Together,59292.0,0,1,2013-06-13,71,378,14,68,19,14,14,2,3,5,8,3,0,0,0,0,0,0,3,11,74,507,1,3,1,16,0,381,29.823529411764707,1.3272251308900525,19764.0,5,1,60+,High,High,3.0,0.11764705882352941,6,0.0
10789,1964,PhD,Married,45759.0,1,1,2013-02-23,13,42,1,18,3,0,4,2,2,0,3,7,0,0,0,0,0,0,3,11,60,68,2,4,1,5,0,491,11.333333333333334,0.13821138211382114,11439.75,5,1,50-60,Medium,Low,3.6666666666666665,0.3333333333333333,5,0.0
10779,1983,Graduation,Single,22148.0,0,0,2014-04-13,16,15,5,14,0,4,11,1,1,0,3,7,0,0,0,0,0,0,3,11,41,49,0,1,0,4,0,77,9.8,0.6282051282051282,22148.0,3,0,40-50,Low,Low,3.0,0.2,5,0.0
5896,1987,Master,Married,73395.0,0,0,2014-03-18,94,272,7,80,20,7,11,1,4,4,6,2,0,0,0,0,0,0,3,11,37,397,0,2,0,14,0,103,26.466666666666665,3.8173076923076925,36697.5,4,1,30-40,Very High,High,3.3333333333333335,0.06666666666666667,6,0.0
2337,1971,Graduation,Divorced,29819.0,1,0,2013-10-24,77,9,1,24,2,1,2,3,3,0,3,6,0,0,0,0,0,0,3,11,53,39,1,2,1,6,0,248,5.571428571428571,0.1566265060240964,14909.5,3,0,50-60,Low,Low,4.0,0.42857142857142855,6,0.0
10951,1968,Graduation,Married,45688.0,0,1,2014-01-25,20,279,0,18,0,0,9,2,3,1,8,4,0,1,0,0,0,0,3,11,56,306,1,3,1,12,1,155,23.53846153846154,1.9615384615384615,15229.333333333334,3,1,50-60,Medium,Medium,3.3333333333333335,0.15384615384615385,3,0.2
544,1954,Graduation,Married,62820.0,0,0,2013-05-11,51,398,61,265,138,61,53,1,3,4,6,1,0,0,0,0,0,0,3,11,70,976,0,2,0,13,0,414,69.71428571428571,2.351807228915663,31410.0,3,1,60+,High,High,2.3333333333333335,0.07142857142857142,6,0.0
17,1971,PhD,Married,60491.0,0,1,2013-09-06,81,637,47,237,12,19,76,4,6,11,7,5,0,0,0,0,0,0,3,11,53,1028,1,3,1,24,0,296,41.12,3.461279461279461,20163.666666666668,5,1,50-60,High,High,5.666666666666667,0.16,6,0.0
10680,1986,Graduation,Together,33235.0,1,0,2014-02-05,71,45,0,16,2,1,6,1,3,0,3,7,0,0,0,0,0,0,3,11,38,70,1,3,1,6,0,144,10.0,0.4827586206896552,11078.333333333334,3,1,30-40,Low,Medium,4.333333333333333,0.14285714285714285,5,0.0
3265,1959,Graduation,Married,35701.0,0,0,2013-03-19,36,21,1,9,7,3,5,1,1,0,3,6,0,0,0,0,0,0,3,11,65,46,0,2,0,4,0,467,9.2,0.09829059829059829,17850.5,3,1,60+,Medium,Low,2.6666666666666665,0.2,6,0.0
5623,1980,Master,Married,31535.0,1,0,2013-09-26,95,15,4,13,0,0,19,1,1,1,2,7,1,0,0,0,0,0,3,11,44,51,1,3,1,4,1,276,10.2,0.18411552346570398,10511.666666666666,4,1,40-50,Low,Low,3.0,0.2,4,0.2
5832,1960,2n Cycle,Together,92556.0,0,0,2014-04-20,32,493,183,352,184,23,28,0,3,5,13,0,0,0,0,0,0,0,3,11,64,1263,0,2,0,21,0,70,57.40909090909091,17.788732394366196,46278.0,2,1,60+,Very High,Very High,2.0,0.0,6,0.0
5544,1970,Graduation,Single,67384.0,0,1,2012-11-10,32,957,40,175,158,53,107,2,7,8,5,5,0,1,0,0,0,0,3,11,54,1490,1,2,1,20,1,596,70.95238095238095,2.4958123953098825,33692.0,3,0,50-60,High,Very High,6.333333333333333,0.09523809523809523,6,0.2
6417,1971,Master,Together,80573.0,0,0,2012-10-14,85,829,138,430,60,92,15,1,4,6,13,2,0,0,0,0,0,0,3,11,53,1564,0,2,0,23,0,623,65.16666666666667,2.5064102564102564,40286.5,4,1,50-60,Very High,Very High,3.3333333333333335,0.041666666666666664,6,0.0
5831,1967,Graduation,Married,77870.0,0,1,2012-08-22,93,1017,50,500,65,50,133,3,5,5,5,8,0,1,0,1,0,0,3,11,57,1815,1,3,1,15,2,676,113.4375,2.6809453471196454,25956.666666666668,3,1,50-60,Very High,Very High,6.0,0.1875,6,0.4
7101,1963,PhD,Widow,52278.0,0,1,2013-01-25,24,953,0,71,0,0,174,6,10,5,10,8,0,0,0,0,0,0,3,11,61,1198,1,2,1,25,0,520,46.07692307692308,2.2994241842610363,26139.0,5,0,60+,High,Very High,9.333333333333334,0.23076923076923078,3,0.0
10176,1968,Graduation,Single,57107.0,0,1,2012-08-24,44,159,0,120,0,0,137,7,4,4,8,8,0,1,0,0,1,0,3,11,56,416,1,2,1,16,2,674,24.470588235294116,0.6162962962962963,28553.5,3,0,50-60,High,High,5.333333333333333,0.4117647058823529,3,0.4
2326,1990,Graduation,Married,18929.0,0,0,2013-02-16,15,32,0,8,23,4,18,1,1,0,4,6,0,0,0,0,0,0,3,11,34,85,0,2,0,5,0,498,14.166666666666666,0.17034068136272545,9464.5,3,1,30-40,Low,Medium,2.6666666666666665,0.16666666666666666,5,0.0
4385,1981,PhD,Single,36038.0,1,0,2013-05-31,82,23,0,15,0,2,7,2,3,0,3,6,0,0,0,0,0,0,3,11,43,47,1,2,1,6,0,394,6.714285714285714,0.1189873417721519,18019.0,5,0,40-50,Medium,Low,4.0,0.2857142857142857,4,0.0
2929,1976,Graduation,Single,20180.0,0,0,2013-02-20,27,18,42,24,15,20,18,1,2,1,4,7,0,0,0,0,0,0,3,11,48,137,0,1,0,7,0,494,17.125,0.2767676767676768,20180.0,3,0,40-50,Low,Medium,3.6666666666666665,0.125,6,0.0
10686,1965,PhD,Together,34230.0,1,1,2012-12-26,72,15,0,4,0,0,2,1,1,0,2,7,0,0,0,0,0,0,3,11,59,21,2,4,1,3,0,550,5.25,0.038112522686025406,8557.5,5,1,50-60,Low,Low,3.0,0.25,3,0.0
2546,1977,2n Cycle,Single,31878.0,0,1,2014-06-22,7,23,4,5,10,5,23,1,1,0,4,3,0,0,0,0,0,0,3,11,47,70,1,2,1,5,0,7,11.666666666666666,8.75,15939.0,2,0,40-50,Low,Medium,1.6666666666666667,0.16666666666666666,6,0.0
3283,1972,2n Cycle,Married,70932.0,0,1,2014-01-19,57,200,193,100,46,185,185,2,6,2,12,3,0,0,0,0,0,0,3,11,52,909,1,3,1,20,0,161,43.285714285714285,5.611111111111111,23644.0,2,1,50-60,Very High,High,5.0,0.09523809523809523,6,0.0
3138,1956,Graduation,Single,91249.0,0,0,2012-10-20,84,1324,27,119,71,108,27,0,7,9,6,4,0,1,1,1,1,0,3,11,68,1676,0,1,0,22,4,617,72.8695652173913,2.7119741100323624,91249.0,3,0,60+,Very High,Very High,6.0,0.0,6,0.8
4994,1943,Master,Single,77598.0,0,0,2013-10-01,53,1193,33,281,129,66,33,1,7,5,13,3,0,0,1,0,0,0,3,11,81,1735,0,1,0,25,1,271,66.73076923076923,6.3786764705882355,77598.0,4,0,60+,Very High,Very High,5.666666666666667,0.038461538461538464,6,0.2
7966,1959,Graduation,Single,80982.0,1,1,2013-01-08,48,505,137,401,104,22,22,3,11,5,11,5,0,0,0,0,0,1,3,11,65,1191,2,3,1,27,0,537,42.535714285714285,2.2137546468401488,26994.0,3,0,60+,Very High,Very High,9.0,0.10714285714285714,6,0.0
3112,1977,Master,Married,22701.0,1,0,2013-09-05,2,2,4,9,0,4,5,1,1,0,3,5,0,0,0,0,0,0,3,11,47,24,1,3,1,4,0,297,4.8,0.08053691275167785,7567.0,4,1,40-50,Low,Low,2.3333333333333335,0.2,5,0.0
10872,1969,PhD,Married,55212.0,0,1,2012-11-23,65,1103,0,45,0,0,34,3,4,2,11,8,0,1,0,0,1,0,3,11,55,1182,1,3,1,17,2,583,65.66666666666667,2.0239726027397262,18404.0,5,1,50-60,High,Very High,5.333333333333333,0.16666666666666666,3,0.4
2181,1970,Graduation,Married,70617.0,0,0,2013-06-23,45,353,61,753,40,46,27,1,3,3,7,2,0,0,0,0,0,0,3,11,54,1280,0,2,0,13,0,371,91.42857142857143,3.4408602150537635,35308.5,3,1,50-60,Very High,Very High,2.6666666666666665,0.07142857142857142,6,0.0
1867,1957,Graduation,Single,64849.0,0,0,2012-11-13,42,652,48,350,94,84,108,1,9,3,6,5,0,0,0,0,0,0,3,11,67,1336,0,1,0,18,0,593,70.3157894736842,2.249158249158249,64849.0,3,0,60+,High,Very High,7.666666666666667,0.05263157894736842,6,0.0
1518,1965,Master,Married,62694.0,1,1,2013-06-17,29,379,6,157,25,91,91,5,9,3,7,7,0,0,0,0,0,0,3,11,59,749,2,4,1,19,0,377,37.45,1.9814814814814814,15673.5,4,1,50-60,High,High,8.333333333333334,0.25,6,0.0
5734,1974,PhD,Married,61917.0,1,1,2013-11-20,83,46,4,36,2,2,1,1,2,0,4,5,0,0,0,0,0,0,3,11,50,91,2,4,1,6,0,221,13.0,0.4099099099099099,15479.25,5,1,40-50,High,Medium,3.0,0.14285714285714285,6,0.0
2878,1947,PhD,Married,67472.0,0,1,2013-09-28,93,162,31,127,8,17,69,2,4,2,7,3,0,0,0,0,0,0,3,11,77,414,1,3,1,13,0,274,29.571428571428573,1.5054545454545454,22490.666666666668,5,1,60+,High,High,3.6666666666666665,0.14285714285714285,6,0.0
1458,1982,Master,Married,21059.0,1,0,2014-01-07,40,8,3,19,3,3,8,3,3,0,3,6,0,0,0,0,0,0,3,11,42,44,1,3,1,6,0,173,6.285714285714286,0.25287356321839083,7019.666666666667,4,1,40-50,Low,Low,4.0,0.42857142857142855,6,0.0
7007,1968,Master,Married,29543.0,2,0,2014-04-01,47,17,3,18,3,4,18,2,3,1,2,7,0,0,0,0,0,0,3,11,56,63,2,4,1,6,0,89,9.0,0.7,7385.75,4,1,50-60,Low,Low,4.333333333333333,0.2857142857142857,6,0.0
6200,1951,Graduation,Married,75903.0,0,1,2013-04-08,50,340,108,185,130,38,100,2,6,6,9,3,0,0,0,0,0,0,3,11,73,901,1,3,1,21,0,447,40.95454545454545,2.0111607142857144,25301.0,3,1,60+,Very High,High,5.0,0.09090909090909091,6,0.0
1403,1975,2n Cycle,Together,34984.0,1,1,2012-09-06,40,8,4,15,3,5,3,2,1,0,3,7,0,0,0,0,0,0,3,11,49,38,2,4,1,4,0,661,7.6,0.05740181268882175,8746.0,2,1,40-50,Low,Low,3.0,0.4,6,0.0
4827,1956,PhD,Single,54998.0,0,1,2013-03-10,3,154,22,202,39,30,8,5,4,2,9,4,0,0,0,0,0,0,3,11,68,455,1,2,1,15,0,476,28.4375,0.9538784067085954,27499.0,5,0,60+,High,High,4.0,0.3125,6,0.0
6250,1949,PhD,Widow,54356.0,0,1,2012-11-19,62,710,15,30,20,0,0,3,11,2,8,8,0,0,0,0,0,0,3,11,75,775,1,2,1,21,0,587,35.22727272727273,1.3180272108843538,27178.0,5,0,60+,High,High,10.0,0.13636363636363635,4,0.0
9291,1959,Master,Married,34242.0,0,1,2014-03-23,25,8,2,4,0,0,1,1,0,0,3,5,0,0,0,0,0,0,3,11,65,15,1,3,1,3,0,98,3.75,0.15151515151515152,11414.0,4,1,60+,Low,Low,1.6666666666666667,0.25,4,0.0
2478,1973,Graduation,Married,25410.0,1,0,2013-08-31,48,2,2,4,13,13,4,1,1,0,4,4,0,0,0,0,0,0,3,11,51,38,1,3,1,5,0,302,6.333333333333333,0.1254125412541254,8470.0,3,1,50-60,Low,Low,2.0,0.16666666666666666,6,0.0
1139,1984,PhD,Married,73356.0,0,0,2014-02-06,56,1050,14,322,0,14,112,1,5,11,5,2,1,0,1,1,0,0,3,11,40,1512,0,2,0,21,3,143,68.72727272727273,10.5,36678.0,5,1,30-40,Very High,Very High,4.0,0.045454545454545456,5,0.6
5138,1950,Graduation,Together,28320.0,0,1,2013-01-14,68,19,1,14,3,2,4,1,1,0,3,8,0,0,0,0,0,0,3,11,74,43,1,3,1,4,0,531,8.6,0.08082706766917293,9440.0,3,1,60+,Low,Low,3.3333333333333335,0.2,6,0.0
5393,1977,Graduation,Single,23763.0,1,0,2012-08-07,64,22,0,6,6,2,6,1,1,0,3,7,0,0,0,0,0,0,3,11,47,42,1,2,1,4,0,691,8.4,0.06069364161849711,11881.5,3,0,40-50,Low,Low,3.0,0.2,5,0.0
10413,1984,Graduation,Married,72570.0,0,0,2014-04-25,67,274,83,216,151,141,224,1,4,6,12,1,0,0,0,0,0,0,3,11,40,1089,0,2,0,22,0,65,47.34782608695652,16.5,36285.0,3,1,30-40,Very High,Very High,3.0,0.043478260869565216,6,0.0
5015,1976,Master,Married,34529.0,1,0,2012-09-14,94,68,6,38,3,6,41,2,2,2,3,7,0,0,0,0,0,0,3,11,48,162,1,3,1,7,0,653,20.25,0.24770642201834864,11509.666666666666,4,1,40-50,Low,Medium,3.6666666666666665,0.25,6,0.0
10868,1951,Graduation,Widow,70792.0,0,0,2013-02-06,82,344,45,654,104,11,114,2,3,4,10,3,0,0,0,0,0,0,3,11,73,1272,0,1,0,17,0,508,70.66666666666667,2.4990176817288803,70792.0,3,0,60+,Very High,Very High,3.0,0.1111111111111111,6,0.0
10676,1982,Graduation,Married,63211.0,0,0,2012-11-02,3,145,193,459,205,26,145,2,3,8,7,2,0,0,0,0,0,0,3,11,42,1173,0,2,0,18,0,604,61.73684210526316,1.9388429752066116,31605.5,3,1,40-50,High,Very High,2.6666666666666665,0.10526315789473684,6,0.0
2495,1974,Master,Married,83891.0,0,1,2014-06-20,24,217,38,350,111,85,15,1,4,7,10,1,0,0,0,0,0,0,3,11,50,816,1,3,1,21,0,9,37.09090909090909,81.6,27963.666666666668,4,1,40-50,Very High,High,3.0,0.045454545454545456,6,0.0
7842,1968,Graduation,Single,36065.0,1,1,2013-03-31,54,18,7,34,10,2,3,3,3,0,3,8,0,0,0,0,0,0,3,11,56,74,2,3,1,6,0,455,10.571428571428571,0.16228070175438597,12021.666666666666,3,0,50-60,Medium,Medium,4.666666666666667,0.42857142857142855,6,0.0
9955,1954,Graduation,Together,39898.0,0,1,2013-02-12,20,69,8,26,12,7,12,2,3,0,4,7,0,0,0,0,0,0,3,11,70,134,1,3,1,7,0,502,16.75,0.2664015904572565,13299.333333333334,3,1,60+,Medium,Medium,4.333333333333333,0.25,6,0.0
6663,1940,PhD,Single,51141.0,0,0,2013-07-08,96,144,0,7,0,0,6,1,3,1,4,5,0,0,0,0,0,0,3,11,84,157,0,1,0,8,0,356,17.444444444444443,0.43977591036414565,51141.0,5,0,60+,Medium,Medium,3.6666666666666665,0.1111111111111111,3,0.0
2162,1976,Graduation,Married,56939.0,0,1,2013-09-18,19,256,34,103,90,29,49,2,3,3,10,3,0,0,0,0,0,0,3,11,48,561,1,3,1,16,0,284,33.0,1.9684210526315788,18979.666666666668,3,1,40-50,High,High,3.0,0.11764705882352941,6,0.0
3434,1951,Graduation,Single,80872.0,0,0,2014-05-12,60,483,72,567,94,12,108,1,4,4,10,1,0,0,0,0,0,0,3,11,73,1336,0,1,0,18,0,48,70.3157894736842,27.26530612244898,80872.0,3,0,60+,Very High,Very High,3.0,0.05263157894736842,6,0.0
7919,1976,PhD,Together,72335.0,0,0,2012-08-13,2,1285,105,653,28,21,0,1,10,4,8,8,0,0,0,0,0,0,3,11,48,2092,0,2,0,22,0,685,90.95652173913044,3.0495626822157433,36167.5,5,1,40-50,Very High,Very High,9.333333333333334,0.043478260869565216,5,0.0
5626,1964,PhD,Single,61798.0,0,0,2013-11-23,13,338,4,89,11,8,13,1,4,2,9,4,0,0,0,0,0,0,3,11,60,463,0,1,0,15,0,218,28.9375,2.1141552511415527,61798.0,5,0,50-60,High,High,4.0,0.0625,6,0.0
6428,1950,PhD,Widow,76842.0,0,0,2014-05-03,37,605,10,345,84,54,32,1,1,8,7,0,0,0,0,0,0,0,3,11,74,1130,0,1,0,16,0,57,66.47058823529412,19.482758620689655,76842.0,5,0,60+,Very High,Very High,0.6666666666666666,0.058823529411764705,6,0.0
8514,1976,Graduation,Together,29478.0,1,0,2014-01-17,59,8,0,7,3,1,1,1,1,0,3,6,0,0,0,0,0,0,3,11,48,20,1,3,1,4,0,163,4.0,0.12195121951219512,9826.0,3,1,40-50,Low,Low,2.6666666666666665,0.2,5,0.0
10448,1956,Graduation,Single,46998.0,0,1,2012-10-22,55,172,41,86,45,6,27,5,5,3,5,7,1,0,0,0,0,0,3,11,68,377,1,2,1,13,1,615,26.928571428571427,0.612012987012987,23499.0,3,0,60+,Medium,Medium,5.666666666666667,0.35714285714285715,6,0.2
7530,1950,PhD,Widow,56551.0,1,1,2014-05-07,48,67,4,32,17,2,16,3,2,1,4,4,0,0,0,0,0,0,3,11,74,138,2,3,1,7,0,53,17.25,2.5555555555555554,18850.333333333332,5,0,60+,High,Medium,2.6666666666666665,0.375,6,0.0
8925,1965,Master,Married,70053.0,0,1,2013-07-03,38,512,53,98,81,179,89,3,8,5,10,5,0,0,0,0,0,0,3,11,59,1012,1,3,1,23,0,361,42.166666666666664,2.7955801104972378,23351.0,4,1,50-60,Very High,High,7.0,0.125,6,0.0
3009,1962,PhD,Widow,71670.0,0,0,2013-07-09,8,1462,16,128,0,0,160,1,5,3,6,6,0,1,1,0,1,0,3,11,62,1766,0,1,0,14,3,355,117.73333333333333,4.96067415730337,71670.0,5,0,60+,Very High,Very High,5.333333333333333,0.06666666666666667,4,0.6
6355,1978,Graduation,Married,44359.0,1,1,2014-06-17,19,20,0,14,7,3,1,3,2,0,4,3,0,0,0,0,0,0,3,11,46,45,2,4,1,6,0,12,6.428571428571429,3.4615384615384617,11089.75,3,1,40-50,Medium,Low,2.3333333333333335,0.42857142857142855,5,0.0
3517,1952,Graduation,Single,40887.0,1,1,2013-05-06,32,50,4,44,10,10,43,3,3,1,3,9,0,0,0,0,0,0,3,11,72,161,2,3,1,7,0,419,20.125,0.38333333333333336,13629.0,3,0,60+,Medium,Medium,5.0,0.375,6,0.0
1158,1966,Graduation,Divorced,48877.0,0,1,2014-01-05,27,102,1,15,2,0,24,1,3,0,4,7,0,0,0,0,0,0,3,11,58,144,1,2,1,7,0,175,18.0,0.8181818181818182,24438.5,3,0,50-60,Medium,Medium,4.333333333333333,0.125,5,0.0
6203,1947,Graduation,Together,74485.0,0,0,2013-08-24,58,499,149,815,173,49,49,1,6,7,12,3,0,0,0,0,0,0,3,11,77,1734,0,2,0,25,0,309,66.6923076923077,5.593548387096774,37242.5,3,1,60+,Very High,Very High,5.0,0.038461538461538464,6,0.0
7165,1972,Graduation,Together,64474.0,0,1,2013-10-22,59,381,35,172,56,86,93,2,8,2,10,5,0,0,0,0,0,0,3,11,52,823,1,3,1,20,0,250,39.19047619047619,3.2788844621513946,21491.333333333332,3,1,50-60,High,High,7.0,0.09523809523809523,6,0.0
3595,1963,Graduation,Together,77226.0,0,1,2014-02-28,29,631,43,239,128,76,21,2,6,8,12,3,0,0,0,0,0,0,3,11,61,1138,1,3,1,26,0,121,42.148148148148145,9.327868852459016,25742.0,3,1,60+,Very High,Very High,5.0,0.07407407407407407,6,0.0
8537,1949,Graduation,Widow,72643.0,0,0,2013-02-27,60,526,80,553,123,94,53,1,3,10,7,2,0,0,0,1,0,0,3,11,75,1429,0,1,0,20,1,487,68.04761904761905,2.92827868852459,72643.0,3,0,60+,Very High,Very High,2.6666666666666665,0.047619047619047616,6,0.2
4331,1978,Master,Together,85738.0,0,0,2014-01-23,41,913,26,376,17,26,13,1,3,6,11,1,0,1,1,0,0,0,3,11,46,1371,0,2,0,20,2,157,65.28571428571429,8.677215189873417,42869.0,4,1,40-50,Very High,Very High,2.3333333333333335,0.047619047619047616,6,0.4
6281,1966,Graduation,Divorced,55686.0,0,1,2013-02-14,27,673,0,199,37,47,26,2,6,3,5,4,1,0,0,0,0,0,3,11,58,982,1,2,1,14,1,500,65.46666666666667,1.9600798403193613,27843.0,3,0,50-60,High,High,5.333333333333333,0.13333333333333333,5,0.2
4338,1983,Graduation,Single,39062.0,1,0,2014-03-25,28,23,0,9,0,0,12,1,1,0,3,4,1,0,0,0,0,0,3,11,41,44,1,2,1,4,1,96,8.8,0.4536082474226804,19531.0,3,0,40-50,Medium,Low,2.0,0.2,3,0.2
2452,1971,Graduation,Together,34600.0,1,1,2013-01-01,8,199,33,60,8,3,15,5,5,2,5,8,0,0,0,0,0,0,3,11,53,318,2,4,1,12,0,544,24.46153846153846,0.5834862385321101,8650.0,3,1,50-60,Low,Medium,6.0,0.38461538461538464,6,0.0
9507,1975,Graduation,Married,40794.0,0,1,2013-04-07,18,261,23,73,4,23,50,2,6,3,5,7,0,0,0,0,0,0,3,11,49,434,1,3,1,14,0,448,28.933333333333334,0.9665924276169265,13598.0,3,1,40-50,Medium,High,6.333333333333333,0.13333333333333333,6,0.0
8360,1971,2n Cycle,Married,54690.0,1,1,2013-11-07,76,111,16,37,7,9,18,3,3,1,5,3,0,0,0,0,0,0,3,11,53,198,2,4,1,9,0,234,19.8,0.8425531914893617,13672.5,2,1,50-60,High,Medium,3.0,0.3,6,0.0
5117,1963,2n Cycle,Married,32632.0,0,0,2012-08-02,32,63,151,137,153,19,53,2,4,4,8,5,0,0,0,0,0,0,3,11,61,576,0,2,0,16,0,696,33.88235294117647,0.8263988522238164,16316.0,2,1,60+,Low,High,4.333333333333333,0.11764705882352941,6,0.0
4867,1968,PhD,Single,38236.0,1,1,2013-09-20,2,58,0,18,2,0,10,4,3,0,4,7,0,0,0,0,0,0,3,11,56,88,2,3,1,7,0,282,11.0,0.31095406360424027,12745.333333333334,5,0,50-60,Medium,Medium,4.333333333333333,0.5,4,0.0
9289,1979,Graduation,Married,36781.0,1,0,2014-04-10,16,29,1,17,0,3,13,1,2,1,2,8,0,0,0,0,0,0,3,11,45,63,1,3,1,5,0,80,10.5,0.7777777777777778,12260.333333333334,3,1,40-50,Medium,Low,4.0,0.16666666666666666,5,0.0
10913,1984,Master,Single,31385.0,1,0,2012-12-05,56,3,2,12,0,1,9,1,1,0,2,8,1,0,0,0,0,0,3,11,40,27,1,2,1,3,1,571,6.75,0.0472027972027972,15692.5,4,0,30-40,Low,Low,3.3333333333333335,0.25,5,0.2
3032,1984,Graduation,Married,24570.0,1,0,2013-02-27,97,28,34,62,11,14,44,3,4,0,4,9,0,0,0,0,0,0,3,11,40,193,1,3,1,8,0,487,21.444444444444443,0.39549180327868855,8190.0,3,1,30-40,Low,Medium,5.666666666666667,0.3333333333333333,6,0.0
8524,1974,PhD,Divorced,25509.0,1,0,2012-09-18,15,40,3,30,10,7,11,3,3,0,3,9,0,0,0,0,0,0,3,11,50,101,1,2,1,6,0,649,14.428571428571429,0.15538461538461537,12754.5,5,0,40-50,Low,Medium,5.0,0.42857142857142855,6,0.0
4470,1962,Master,Married,58646.0,0,1,2013-06-10,3,62,1,44,6,5,22,1,2,1,4,4,0,0,0,0,0,0,3,11,62,140,1,3,1,7,0,384,17.5,0.36363636363636365,19548.666666666668,4,1,60+,High,Medium,2.6666666666666665,0.125,6,0.0
1406,1975,Graduation,Single,53201.0,1,1,2013-02-12,49,280,7,81,20,0,27,8,6,3,5,7,0,0,0,0,0,0,3,11,49,415,2,3,1,14,0,502,27.666666666666668,0.8250497017892644,17733.666666666668,3,0,40-50,High,High,6.333333333333333,0.5333333333333333,5,0.0
8619,1957,Graduation,Together,21994.0,0,1,2012-12-24,4,9,0,6,3,1,3,1,0,0,3,5,0,0,0,0,0,0,3,11,67,22,1,3,1,3,0,552,5.5,0.039783001808318265,7331.333333333333,3,1,60+,Low,Low,1.6666666666666667,0.25,5,0.0
10821,1978,Graduation,Married,57113.0,1,1,2013-02-06,45,182,4,33,0,2,42,6,4,1,5,7,0,0,0,0,0,0,3,11,46,263,2,4,1,10,0,508,23.90909090909091,0.5166994106090373,14278.25,3,1,40-50,High,Medium,5.0,0.5454545454545454,5,0.0
4552,1991,Graduation,Married,51373.0,0,0,2013-06-22,37,83,2,101,64,26,117,1,3,5,3,4,0,0,0,0,0,0,3,11,33,393,0,2,0,11,0,372,32.75,1.0536193029490617,25686.5,3,1,30-40,Medium,Medium,3.3333333333333335,0.08333333333333333,6,0.0
898,1986,Graduation,Married,23477.0,1,0,2013-10-21,39,38,15,54,3,8,29,3,3,0,4,8,0,0,0,0,0,0,3,11,38,147,1,3,1,7,0,251,18.375,0.5833333333333334,7825.666666666667,3,1,30-40,Low,Medium,4.666666666666667,0.375,6,0.0
9797,1956,Graduation,Married,58116.0,0,1,2014-04-13,38,228,19,130,4,11,51,2,3,3,8,2,0,0,0,0,0,0,3,11,68,443,1,3,1,14,0,77,29.533333333333335,5.67948717948718,19372.0,3,1,60+,High,High,2.6666666666666665,0.13333333333333333,6,0.0
10949,1963,PhD,Divorced,72968.0,0,0,2013-12-16,8,1092,37,592,145,37,55,1,5,5,8,3,0,0,0,1,0,0,3,11,61,1958,0,1,0,18,1,195,103.05263157894737,9.989795918367347,72968.0,5,0,60+,Very High,Very High,4.333333333333333,0.05263157894736842,6,0.2
8212,1971,Master,Married,39791.0,0,1,2013-03-28,89,85,15,27,13,13,21,2,3,1,4,7,0,0,0,0,0,0,3,11,53,174,1,3,1,8,0,458,19.333333333333332,0.3790849673202614,13263.666666666666,4,1,50-60,Medium,Medium,4.333333333333333,0.2222222222222222,6,0.0
4547,1960,Graduation,Together,13672.0,1,1,2013-04-17,86,6,2,9,2,1,5,2,1,0,3,8,0,0,0,0,0,0,3,11,64,25,2,4,1,4,0,438,5.0,0.05694760820045558,3418.0,3,1,60+,Low,Low,3.3333333333333335,0.4,6,0.0
4122,1975,Graduation,Married,79205.0,0,0,2012-08-29,73,504,23,117,179,28,44,1,6,5,4,4,0,0,0,1,0,0,3,11,49,895,0,2,0,15,1,669,55.9375,1.335820895522388,39602.5,3,1,40-50,Very High,High,5.333333333333333,0.0625,6,0.2
10841,1975,PhD,Together,56559.0,0,1,2012-12-25,46,226,22,133,41,31,31,3,4,3,8,4,0,0,0,0,0,0,3,11,49,484,1,3,1,15,0,551,30.25,0.8768115942028986,18853.0,5,1,40-50,High,High,4.0,0.1875,6,0.0
5370,1973,PhD,Married,32644.0,1,0,2013-01-16,38,239,3,141,0,7,23,4,7,1,6,8,1,0,0,0,0,0,3,11,51,413,1,3,1,14,1,529,27.533333333333335,0.779245283018868,10881.333333333334,5,1,50-60,Low,High,7.333333333333333,0.26666666666666666,5,0.2
176,1980,2n Cycle,Single,67506.0,0,1,2014-01-02,73,90,38,67,33,36,67,1,4,1,6,3,0,0,0,0,0,0,3,11,44,331,1,2,1,11,0,178,27.583333333333332,1.8491620111731844,33753.0,2,0,40-50,High,Medium,3.6666666666666665,0.08333333333333333,6,0.0
4860,1970,Graduation,Single,24206.0,1,0,2013-03-08,66,7,2,8,3,2,3,1,1,0,3,6,0,0,0,0,0,0,3,11,54,25,1,2,1,4,0,478,5.0,0.05219206680584551,12103.0,3,0,50-60,Low,Low,2.6666666666666665,0.2,6,0.0
4023,1970,Graduation,Married,22979.0,1,0,2012-09-06,29,16,17,19,20,21,22,3,3,2,2,8,0,0,0,0,0,0,3,11,54,115,1,3,1,7,0,661,14.375,0.17371601208459214,7659.666666666667,3,1,50-60,Low,Medium,4.666666666666667,0.375,6,0.0
6679,1966,Graduation,Single,33279.0,0,0,2014-06-12,29,10,3,3,0,0,0,1,0,0,3,3,0,0,0,0,0,0,3,11,58,16,0,1,0,3,0,17,4.0,0.8888888888888888,33279.0,3,0,50-60,Low,Low,1.0,0.25,3,0.0
9923,1972,Master,Single,46423.0,1,1,2013-09-18,6,68,0,16,0,0,8,3,2,0,4,7,0,0,0,0,0,0,3,11,52,92,2,3,1,6,0,284,13.142857142857142,0.32280701754385965,15474.333333333334,4,0,50-60,Medium,Medium,3.6666666666666665,0.42857142857142855,3,0.0
7181,1977,Graduation,Married,30368.0,0,1,2013-11-07,97,35,0,13,2,0,2,2,2,0,3,8,0,0,0,0,0,0,3,11,47,52,1,3,1,5,0,234,8.666666666666666,0.22127659574468084,10122.666666666666,3,1,40-50,Low,Low,4.0,0.3333333333333333,4,0.0
3599,1970,Graduation,Married,63684.0,0,1,2012-11-26,61,575,80,428,208,93,80,3,8,4,8,5,0,0,0,0,0,0,3,11,54,1464,1,3,1,20,0,580,69.71428571428571,2.5197934595524956,21228.0,3,1,50-60,High,Very High,7.0,0.14285714285714285,6,0.0
405,1964,Graduation,Divorced,41638.0,0,1,2013-02-13,68,315,0,31,4,0,91,4,5,5,3,8,1,0,0,0,0,0,3,11,60,441,1,2,1,13,1,501,31.5,0.8784860557768924,20819.0,3,0,50-60,Medium,High,6.0,0.2857142857142857,4,0.2
6870,1959,PhD,Divorced,68805.0,0,1,2013-09-17,73,182,2,49,17,13,20,1,3,1,7,2,0,0,0,0,0,0,3,11,65,283,1,2,1,11,0,285,23.583333333333332,0.9895104895104895,34402.5,5,0,60+,Very High,Medium,2.6666666666666665,0.08333333333333333,6,0.0
832,1966,PhD,Together,65814.0,0,1,2014-03-02,90,561,14,113,10,14,35,3,8,2,10,5,0,0,0,0,0,0,3,11,58,747,1,3,1,20,0,119,35.57142857142857,6.225,21938.0,5,1,50-60,High,High,7.0,0.14285714285714285,6,0.0
2002,1958,Graduation,Divorced,71964.0,0,0,2013-05-20,81,587,51,932,180,34,86,1,5,6,5,3,0,0,0,0,0,0,3,11,66,1870,0,1,0,16,0,405,110.0,4.605911330049261,71964.0,3,0,60+,Very High,Very High,4.333333333333333,0.058823529411764705,6,0.0
3657,1986,Graduation,Single,39146.0,1,0,2013-02-14,1,94,1,33,13,12,12,3,4,0,4,8,0,0,0,0,0,0,3,11,38,165,1,2,1,8,0,500,18.333333333333332,0.32934131736526945,19573.0,3,0,30-40,Medium,Medium,5.333333333333333,0.3333333333333333,6,0.0
1951,1981,Basic,Married,34445.0,0,0,2013-01-27,92,228,122,122,208,129,30,6,11,2,8,9,0,0,0,0,0,0,3,11,43,839,0,2,0,21,0,518,38.13636363636363,1.6165703275529866,17222.5,1,1,40-50,Low,High,10.333333333333334,0.2727272727272727,6,0.0
3262,1958,Graduation,Single,68281.0,0,0,2012-08-07,31,995,112,417,42,48,41,1,2,9,13,5,0,0,0,0,0,0,3,11,66,1655,0,1,0,24,0,691,66.2,2.3916184971098264,68281.0,3,0,60+,High,Very High,3.0,0.04,6,0.0
4102,1975,2n Cycle,Married,37284.0,1,1,2013-03-29,46,11,1,2,2,1,6,1,0,0,3,6,0,0,0,0,0,0,3,11,49,23,2,4,1,3,0,457,5.75,0.05021834061135371,9321.0,2,1,40-50,Medium,Low,2.0,0.25,6,0.0
7042,1983,Graduation,Married,36790.0,0,0,2013-03-01,14,3,3,14,15,21,10,1,2,1,2,9,0,0,0,0,0,0,3,11,41,66,0,2,0,5,0,485,11.0,0.13580246913580246,18395.0,3,1,40-50,Medium,Low,4.333333333333333,0.16666666666666666,6,0.0
10598,1967,Graduation,Together,27943.0,1,1,2013-04-15,89,12,1,16,4,1,3,3,2,0,3,8,0,0,0,0,0,0,3,11,57,37,2,4,1,5,0,440,6.166666666666667,0.08390022675736962,6985.75,3,1,50-60,Low,Low,4.0,0.5,6,0.0
255,1951,Graduation,Divorced,22263.0,1,1,2014-03-30,31,17,0,2,0,0,2,2,1,0,3,6,0,0,0,0,0,1,3,11,73,21,2,3,1,4,0,91,4.2,0.22826086956521738,7421.0,3,0,60+,Low,Low,2.6666666666666665,0.4,3,0.0
2375,1972,Graduation,Together,30261.0,1,2,2012-09-25,75,8,0,5,0,3,6,1,0,0,3,8,0,0,0,0,0,0,3,11,52,22,3,5,1,3,0,642,5.5,0.03421461897356143,6052.2,3,1,50-60,Low,Low,2.6666666666666665,0.25,4,0.0
9829,1978,Graduation,Together,28587.0,1,0,2014-02-12,42,22,4,17,12,10,13,3,2,0,4,6,0,0,0,0,0,0,3,11,46,78,1,3,1,6,0,137,11.142857142857142,0.5652173913043478,9529.0,3,1,40-50,Low,Medium,3.3333333333333335,0.42857142857142855,6,0.0
6214,1982,Master,Married,43815.0,1,0,2013-04-05,53,14,10,29,4,7,15,1,2,0,3,6,0,0,0,0,0,0,3,11,42,79,1,3,1,5,0,450,13.166666666666666,0.17516629711751663,14605.0,4,1,40-50,Medium,Medium,3.3333333333333335,0.16666666666666666,6,0.0
4954,1956,Graduation,Married,48195.0,1,1,2014-01-21,53,106,27,68,52,7,5,6,4,2,5,6,0,0,0,0,0,0,3,11,68,265,2,4,1,11,0,159,22.083333333333332,1.65625,12048.75,3,1,60+,Medium,Medium,4.666666666666667,0.5,6,0.0
7861,1952,Master,Married,77027.0,0,1,2014-02-05,23,820,57,242,45,0,11,2,8,3,6,4,0,0,0,0,0,0,3,11,72,1175,1,3,1,17,0,144,65.27777777777777,8.10344827586207,25675.666666666668,4,1,60+,Very High,Very High,6.666666666666667,0.1111111111111111,5,0.0
4837,1965,PhD,Married,71322.0,0,1,2013-02-16,57,753,43,226,69,10,204,2,8,5,13,4,0,0,0,0,0,0,3,11,59,1305,1,3,1,26,0,498,48.333333333333336,2.6152304609218437,23774.0,5,1,50-60,Very High,Very High,6.666666666666667,0.07407407407407407,6,0.0
9423,1979,Master,Married,32765.0,1,0,2014-02-23,49,13,3,17,7,3,3,2,2,0,4,5,0,0,0,0,0,0,3,11,45,46,1,3,1,6,0,126,6.571428571428571,0.36220472440944884,10921.666666666666,4,1,40-50,Low,Low,3.0,0.2857142857142857,6,0.0
4198,1965,Graduation,Together,29672.0,1,1,2013-03-12,6,9,1,3,0,4,8,1,0,0,3,6,0,0,0,0,0,0,3,11,59,25,2,4,1,3,0,474,6.25,0.05263157894736842,7418.0,3,1,50-60,Low,Low,2.0,0.25,5,0.0
153,1953,Graduation,Divorced,23272.0,0,0,2013-10-17,29,19,3,6,4,2,12,1,1,0,3,4,0,0,0,0,0,0,3,11,71,46,0,1,0,4,0,255,9.2,0.1796875,23272.0,3,0,60+,Low,Low,2.0,0.2,6,0.0
9323,1949,Master,Together,49912.0,0,1,2012-09-07,5,520,8,223,32,49,42,4,10,5,7,8,1,0,0,0,0,0,3,11,75,874,1,3,1,22,1,660,38.0,1.3222390317700454,16637.333333333332,4,1,60+,Medium,High,9.333333333333334,0.17391304347826086,6,0.2
3945,1947,PhD,Widow,68117.0,0,1,2013-03-10,80,618,44,215,0,17,36,2,11,8,4,6,1,0,0,0,0,0,3,11,77,930,1,2,1,23,1,476,38.75,1.949685534591195,34058.5,5,0,60+,High,High,9.333333333333334,0.08333333333333333,5,0.2
3799,1955,Graduation,Married,67225.0,0,1,2013-11-26,4,315,35,322,46,7,143,3,7,2,11,5,0,0,0,0,0,0,3,11,69,868,1,3,1,20,0,215,41.333333333333336,4.018518518518518,22408.333333333332,3,1,60+,High,High,6.333333333333333,0.14285714285714285,6,0.0
8625,1976,Graduation,Married,17649.0,1,0,2013-11-12,70,15,1,23,0,5,1,3,3,0,3,8,0,0,0,0,0,0,3,11,48,45,1,3,1,6,0,229,6.428571428571429,0.1956521739130435,5883.0,3,1,40-50,Low,Low,4.666666666666667,0.42857142857142855,5,0.0
3491,1975,Graduation,Together,55914.0,0,1,2013-04-29,32,384,60,364,119,101,232,4,11,6,8,7,0,0,0,0,0,0,3,11,49,1260,1,3,1,25,0,426,48.46153846153846,2.9508196721311477,18638.0,3,1,40-50,High,Very High,9.666666666666666,0.15384615384615385,6,0.0
983,1984,Graduation,Married,40059.0,1,0,2013-09-28,82,110,29,92,28,10,145,1,6,2,3,8,1,0,0,0,0,0,3,11,40,414,1,3,1,11,1,274,34.5,1.5054545454545454,13353.0,3,1,30-40,Medium,High,6.666666666666667,0.08333333333333333,6,0.2
9119,1950,Graduation,Together,60905.0,0,1,2013-12-05,27,208,17,76,36,17,38,2,3,3,7,2,0,0,0,0,0,0,3,11,74,392,1,3,1,13,0,206,28.0,1.893719806763285,20301.666666666668,3,1,60+,High,Medium,2.6666666666666665,0.14285714285714285,6,0.0
4786,1977,Graduation,Married,75330.0,1,1,2012-10-04,94,555,82,257,93,61,61,4,10,3,12,6,0,0,0,0,0,0,3,11,47,1109,2,4,1,25,0,633,42.65384615384615,1.749211356466877,18832.5,3,1,40-50,Very High,Very High,8.666666666666666,0.15384615384615385,6,0.0
5872,1951,Graduation,Single,60689.0,0,1,2013-06-01,23,240,90,216,63,6,24,4,4,4,10,3,0,0,0,0,0,0,3,11,73,639,1,2,1,18,0,393,33.63157894736842,1.6218274111675126,30344.5,3,0,60+,High,High,3.6666666666666665,0.21052631578947367,6,0.0
6568,1984,Graduation,Married,38680.0,1,0,2013-03-28,97,11,0,36,15,5,12,1,2,0,3,7,0,0,0,0,0,0,3,11,40,79,1,3,1,5,0,458,13.166666666666666,0.1721132897603486,12893.333333333334,3,1,30-40,Medium,Medium,3.6666666666666665,0.16666666666666666,5,0.0
5628,1982,Graduation,Together,61416.0,0,0,2013-02-08,25,848,154,323,201,61,78,1,10,3,10,6,1,0,0,0,0,0,3,11,42,1665,0,2,0,23,1,506,69.375,3.2840236686390534,30708.0,3,1,40-50,High,Very High,8.666666666666666,0.041666666666666664,6,0.2
5631,1991,Graduation,Single,49767.0,0,0,2013-05-02,92,202,47,197,55,42,149,1,5,4,8,4,0,0,0,0,0,0,3,11,33,692,0,1,0,17,0,423,38.44444444444444,1.6320754716981132,49767.0,3,0,30-40,Medium,High,4.666666666666667,0.05555555555555555,6,0.0
4974,1970,Graduation,Single,83273.0,1,2,2012-09-25,98,433,89,650,16,102,102,10,4,6,9,7,0,0,0,0,0,0,3,11,54,1392,3,4,1,19,0,642,69.6,2.1648522550544325,20818.25,3,0,50-60,Very High,Very High,5.0,0.5,6,0.0
8416,1981,Graduation,Married,29009.0,1,0,2013-11-29,19,6,6,15,10,5,2,2,2,0,3,6,0,0,0,0,0,0,3,11,43,44,1,3,1,5,0,212,7.333333333333333,0.20657276995305165,9669.666666666666,3,1,40-50,Low,Low,3.3333333333333335,0.3333333333333333,6,0.0
5454,1979,Master,Married,45057.0,1,0,2013-12-01,80,37,0,7,3,0,3,1,2,0,3,5,0,0,0,0,0,0,3,11,45,50,1,3,1,5,0,210,8.333333333333334,0.23696682464454977,15019.0,4,1,40-50,Medium,Low,3.0,0.16666666666666666,4,0.0
4095,1971,Graduation,Married,37150.0,1,0,2012-09-11,80,167,37,64,49,34,116,8,4,3,6,7,0,0,0,0,0,0,3,11,53,467,1,3,1,13,0,656,33.357142857142854,0.710806697108067,12383.333333333334,3,1,50-60,Medium,High,5.0,0.5714285714285714,6,0.0
5474,1970,Graduation,Single,43020.0,1,0,2013-11-30,79,45,7,99,4,25,43,3,4,1,4,6,0,0,0,0,0,0,3,11,54,223,1,2,1,9,0,211,22.3,1.0518867924528301,21510.0,3,0,50-60,Medium,Medium,4.666666666666667,0.3,6,0.0
4268,1959,Graduation,Married,53154.0,0,1,2014-06-09,50,129,0,21,0,1,7,1,3,1,4,4,0,0,0,0,0,0,3,11,65,158,1,3,1,8,0,20,17.555555555555557,7.523809523809524,17718.0,3,1,60+,High,Medium,3.3333333333333335,0.1111111111111111,4,0.0
10701,1973,Graduation,Married,65308.0,0,0,2013-09-11,60,713,0,264,120,80,34,1,7,8,12,4,0,0,1,1,0,0,3,11,51,1211,0,2,0,27,2,291,43.25,4.147260273972603,32654.0,3,1,50-60,High,Very High,6.0,0.03571428571428571,5,0.4
3507,1970,Graduation,Single,76467.0,1,0,2012-08-17,44,676,161,426,210,44,58,2,2,5,5,6,0,0,0,0,0,0,3,11,54,1575,1,2,1,12,0,681,121.15384615384616,2.309384164222874,38233.5,3,0,50-60,Very High,Very High,3.3333333333333335,0.15384615384615385,6,0.0
2079,1947,2n Cycle,Married,81044.0,0,0,2013-12-27,0,450,26,535,73,98,26,1,5,6,10,1,0,0,0,0,0,0,3,11,77,1208,0,2,0,21,0,184,54.90909090909091,6.52972972972973,40522.0,2,1,60+,Very High,Very High,3.6666666666666665,0.045454545454545456,6,0.0
626,1951,Graduation,Married,32871.0,1,1,2013-03-09,28,22,2,12,0,2,5,1,1,0,3,4,0,0,0,0,0,0,3,11,73,43,2,4,1,4,0,477,8.6,0.0899581589958159,8217.75,3,1,60+,Low,Low,2.0,0.2,5,0.0
4426,1975,Graduation,Single,55801.0,1,1,2013-09-22,35,367,4,51,6,4,95,6,7,2,6,7,0,0,0,1,0,0,3,11,49,527,2,3,1,15,1,280,32.9375,1.8754448398576513,18600.333333333332,3,0,40-50,High,High,7.0,0.375,6,0.2
2591,1959,Graduation,Widow,76320.0,0,1,2014-06-22,49,526,35,214,69,53,35,2,6,3,4,2,0,0,0,0,0,0,3,11,65,932,1,2,1,13,0,7,66.57142857142857,116.5,38160.0,3,0,60+,Very High,High,4.666666666666667,0.14285714285714285,6,0.0
10509,1955,Master,Single,36927.0,1,1,2014-06-02,46,51,0,16,0,0,4,2,3,0,3,8,0,0,0,0,0,0,3,11,69,71,2,3,1,6,0,27,10.142857142857142,2.5357142857142856,12309.0,4,0,60+,Medium,Medium,4.666666666666667,0.2857142857142857,3,0.0
6382,1953,Graduation,Together,48794.0,1,1,2014-06-26,97,25,0,11,3,0,15,1,1,0,3,4,0,0,0,0,0,0,3,11,71,54,2,4,1,4,0,3,10.8,13.5,12198.5,3,1,60+,Medium,Low,2.0,0.2,4,0.0
6673,1965,Graduation,Single,23478.0,0,0,2013-03-19,51,28,6,27,12,17,39,1,3,0,3,8,0,0,0,0,0,0,3,11,59,129,0,1,0,6,0,467,18.428571428571427,0.27564102564102566,23478.0,3,0,50-60,Low,Medium,4.666666666666667,0.14285714285714285,6,0.0
7441,1973,Graduation,Divorced,71128.0,1,0,2012-10-06,80,958,159,447,20,0,31,3,2,10,12,7,0,0,0,0,0,0,3,11,51,1615,1,2,1,24,0,631,64.6,2.555379746835443,35564.0,3,0,50-60,Very High,Very High,3.6666666666666665,0.12,5,0.0
1071,1976,PhD,Divorced,70179.0,0,1,2013-07-21,10,532,88,168,69,44,133,3,7,3,13,5,0,0,0,0,0,0,3,11,48,1034,1,2,1,23,0,343,43.083333333333336,3.005813953488372,35089.5,5,0,40-50,Very High,High,6.333333333333333,0.125,6,0.0
10061,1950,Graduation,Married,59462.0,0,1,2013-01-05,29,724,17,143,0,8,196,2,9,2,12,7,0,0,0,0,0,0,3,11,74,1088,1,3,1,23,0,540,45.333333333333336,2.011090573012939,19820.666666666668,3,1,60+,High,Very High,8.333333333333334,0.08333333333333333,5,0.0
7187,1969,Master,Together,51381.5,1,1,2013-05-18,52,375,42,48,94,66,96,7,4,10,4,3,0,0,0,0,0,0,3,11,55,721,2,4,1,18,0,407,37.94736842105263,1.767156862745098,12845.375,4,1,50-60,Medium,High,3.6666666666666665,0.3684210526315789,6,0.0
8775,1969,Graduation,Together,38361.0,1,0,2013-12-27,74,39,0,56,20,8,14,3,3,1,3,7,0,0,0,0,0,0,3,11,55,137,1,3,1,7,0,184,17.125,0.7405405405405405,12787.0,3,1,50-60,Medium,Medium,4.333333333333333,0.375,5,0.0
1612,1981,PhD,Single,51381.5,1,0,2013-05-31,82,23,0,15,0,2,7,2,3,0,3,6,0,0,0,0,0,0,3,11,43,47,1,2,1,6,0,394,6.714285714285714,0.1189873417721519,25690.75,5,0,40-50,Medium,Low,4.0,0.2857142857142857,4,0.0
2345,1982,PhD,Together,70038.0,0,0,2013-10-25,54,587,54,348,71,54,130,1,4,4,8,2,0,0,0,0,0,0,3,11,42,1244,0,2,0,16,0,247,73.17647058823529,5.016129032258065,35019.0,5,1,40-50,Very High,Very High,3.3333333333333335,0.058823529411764705,6,0.0
322,1978,Graduation,Together,42554.0,1,1,2013-01-12,93,29,1,11,0,0,0,2,2,0,3,4,0,0,0,0,0,0,3,11,46,41,2,4,1,5,0,533,6.833333333333333,0.07677902621722846,10638.5,3,1,40-50,Medium,Low,2.6666666666666665,0.3333333333333333,3,0.0
10897,1974,Graduation,Married,67445.0,0,1,2012-08-12,63,757,80,217,29,80,11,5,9,6,12,6,0,0,0,0,0,0,3,11,50,1174,1,3,1,27,0,686,41.92857142857143,1.7088791848617175,22481.666666666668,3,1,40-50,High,Very High,8.0,0.17857142857142858,6,0.0
123,1951,Graduation,Widow,67046.0,0,1,2013-01-06,92,544,35,133,23,151,107,2,4,5,4,2,0,0,0,0,0,0,3,11,73,993,1,2,1,13,0,539,70.92857142857143,1.8388888888888888,33523.0,3,0,60+,High,High,3.3333333333333335,0.14285714285714285,6,0.0
6103,1948,Graduation,Married,42192.0,0,0,2013-09-06,40,40,15,15,17,6,7,1,2,1,3,4,0,0,0,0,0,0,3,11,76,100,0,2,0,6,0,296,14.285714285714286,0.3367003367003367,21096.0,3,1,60+,Medium,Medium,2.6666666666666665,0.14285714285714285,6,0.0
7899,1952,PhD,Married,77610.0,0,1,2012-10-29,70,1245,33,332,21,33,16,2,4,7,4,7,0,0,0,0,0,0,3,11,72,1680,1,3,1,15,0,608,105.0,2.7586206896551726,25870.0,5,1,60+,Very High,Very High,5.0,0.125,6,0.0
10500,1984,Graduation,Married,31761.0,1,0,2014-04-05,96,19,1,20,16,14,28,2,3,0,4,5,0,0,0,0,0,0,3,11,40,98,1,3,1,7,0,85,12.25,1.1395348837209303,10587.0,3,1,30-40,Low,Medium,3.6666666666666665,0.25,6,0.0
1655,1979,Graduation,Together,34350.0,1,0,2013-10-19,81,16,3,15,2,1,11,1,1,0,3,7,0,0,0,0,0,0,3,11,45,48,1,3,1,4,0,253,9.6,0.1889763779527559,11450.0,3,1,40-50,Low,Low,3.0,0.2,6,0.0
2406,1949,Graduation,Together,54591.0,0,1,2013-08-05,63,376,4,94,12,9,24,3,6,2,8,5,0,0,0,0,0,0,3,11,75,519,1,3,1,16,0,328,30.529411764705884,1.5775075987841944,18197.0,3,1,60+,High,High,5.666666666666667,0.17647058823529413,6,0.0
2712,1956,Graduation,Married,71866.0,0,1,2013-12-25,85,184,178,178,103,39,33,1,6,3,10,3,0,0,0,0,0,0,3,11,68,715,1,3,1,19,0,186,35.75,3.823529411764706,23955.333333333332,3,1,60+,Very High,High,5.0,0.05,6,0.0
5517,1969,Graduation,Married,25293.0,1,0,2013-09-15,51,15,0,11,0,2,9,1,1,1,2,8,0,0,0,0,0,0,3,11,55,37,1,3,1,4,0,287,7.4,0.1284722222222222,8431.0,3,1,50-60,Low,Low,3.3333333333333335,0.2,4,0.0
10643,1987,PhD,Single,42000.0,0,0,2013-01-10,23,124,83,267,85,59,35,2,5,2,11,5,0,0,0,0,0,0,3,11,37,653,0,1,0,18,0,535,34.36842105263158,1.2182835820895523,42000.0,5,0,30-40,Medium,High,5.0,0.10526315789473684,6,0.0
2254,1983,Graduation,Married,69520.0,0,0,2013-07-07,95,627,120,414,121,80,93,1,9,6,5,5,0,0,0,0,0,0,3,11,41,1455,0,2,0,20,0,357,69.28571428571429,4.064245810055866,34760.0,3,1,40-50,Very High,Very High,7.666666666666667,0.047619047619047616,6,0.0
10281,1970,Graduation,Divorced,64713.0,1,0,2014-02-07,11,180,60,241,13,54,54,2,5,5,7,4,0,0,0,0,0,0,3,11,54,602,1,2,1,17,0,142,33.44444444444444,4.20979020979021,32356.5,3,0,50-60,High,High,4.666666666666667,0.1111111111111111,6,0.0
6958,1977,Master,Married,27889.0,1,0,2013-07-05,42,14,0,4,0,0,8,1,1,1,2,6,0,0,0,0,0,0,3,11,47,26,1,3,1,4,0,359,5.2,0.07222222222222222,9296.333333333334,4,1,40-50,Low,Low,2.6666666666666665,0.2,3,0.0
954,1960,Basic,Widow,22123.0,0,0,2014-03-27,77,3,3,24,34,7,31,1,2,1,3,5,0,0,0,0,0,0,3,11,64,102,0,1,0,6,0,94,14.571428571428571,1.0736842105263158,22123.0,1,0,60+,Low,Medium,3.0,0.14285714285714285,6,0.0
5079,1971,Graduation,Married,51381.5,1,1,2013-03-03,82,71,1,16,0,0,9,4,2,1,3,8,0,0,0,0,0,0,3,11,53,97,2,4,1,6,0,483,13.857142857142858,0.20041322314049587,12845.375,3,1,50-60,Medium,Medium,4.0,0.5714285714285714,4,0.0
10339,1954,Master,Together,51381.5,0,1,2013-06-23,83,161,0,22,0,0,24,2,4,1,4,6,0,0,0,0,0,0,3,11,70,207,1,3,1,9,0,371,20.7,0.5564516129032258,17127.166666666668,4,1,60+,Medium,Medium,4.666666666666667,0.2,3,0.0
4643,1973,Graduation,Married,27803.0,1,0,2012-08-26,40,8,26,46,38,9,49,2,3,0,4,8,0,0,0,0,0,0,3,11,51,176,1,3,1,7,0,672,22.0,0.26151560178306094,9267.666666666666,3,1,50-60,Low,Medium,4.666666666666667,0.25,6,0.0
3117,1955,Graduation,Single,51381.5,0,1,2013-10-18,95,264,0,21,12,6,147,3,6,1,5,7,0,0,0,0,0,0,3,11,69,450,1,2,1,12,0,254,34.61538461538461,1.7647058823529411,25690.75,3,0,60+,Medium,High,6.333333333333333,0.23076923076923078,5,0.0
6497,1960,Graduation,Married,51651.0,0,1,2012-11-07,32,293,6,23,13,6,92,4,6,2,5,8,0,0,0,0,0,0,3,11,64,433,1,3,1,13,0,599,30.928571428571427,0.7216666666666667,17217.0,3,1,60+,High,High,6.666666666666667,0.2857142857142857,6,0.0
5396,1988,Graduation,Married,68487.0,0,0,2013-01-13,48,758,12,385,33,89,89,1,9,7,13,4,0,0,0,0,0,0,3,11,36,1366,0,2,0,29,0,532,45.53333333333333,2.5628517823639774,34243.5,3,1,30-40,Very High,Very High,7.333333333333333,0.03333333333333333,6,0.0
5250,1943,Master,Widow,51381.5,0,0,2013-10-30,75,532,126,490,164,126,126,1,5,5,11,1,0,0,1,0,0,0,3,11,81,1564,0,1,0,21,1,242,71.0909090909091,6.436213991769547,51381.5,4,0,60+,Medium,Very High,3.6666666666666665,0.045454545454545456,6,0.2
1052,1969,Graduation,Married,56796.0,0,1,2013-02-16,24,656,38,161,62,47,37,3,8,9,7,7,0,0,0,0,0,0,3,11,55,1001,1,3,1,24,0,498,40.04,2.006012024048096,18932.0,3,1,50-60,High,High,7.666666666666667,0.12,6,0.0
2802,1992,2n Cycle,Married,87000.0,0,0,2012-12-15,61,196,25,607,67,17,49,1,4,6,7,2,0,0,0,0,0,0,3,11,32,961,0,2,0,17,0,561,53.388888888888886,1.709964412811388,43500.0,2,1,30-40,Very High,High,3.3333333333333335,0.05555555555555555,6,0.0
6343,1959,Graduation,Married,79823.0,0,1,2014-03-31,6,835,73,380,114,73,43,1,6,9,7,2,0,1,0,0,0,0,3,11,65,1518,1,3,1,22,1,90,66.0,16.681318681318682,26607.666666666668,3,1,60+,Very High,Very High,4.666666666666667,0.043478260869565216,6,0.2
6507,1980,Graduation,Single,30828.0,1,0,2013-10-04,16,16,11,15,2,0,12,2,1,1,4,3,0,0,0,0,0,0,3,11,44,56,1,2,1,6,0,268,8.0,0.20817843866171004,15414.0,3,0,40-50,Low,Low,1.6666666666666667,0.2857142857142857,5,0.0
7901,1971,Master,Married,34109.0,0,1,2013-11-06,39,9,1,5,2,1,4,1,0,0,3,4,0,0,0,0,0,0,3,11,53,22,1,3,1,3,0,235,5.5,0.09322033898305085,11369.666666666666,4,1,50-60,Low,Low,1.3333333333333333,0.25,6,0.0
4865,1974,Master,Divorced,53367.0,1,1,2013-08-31,2,229,7,140,10,3,11,7,5,1,8,7,0,0,0,0,0,0,3,11,50,400,2,3,1,14,0,302,26.666666666666668,1.3201320132013201,17789.0,4,0,40-50,High,High,5.666666666666667,0.4666666666666667,6,0.0
2686,1969,Basic,Together,22390.0,0,0,2013-10-21,49,0,1,4,15,1,5,1,1,0,2,7,0,0,0,0,0,0,3,11,55,26,0,2,0,3,0,251,6.5,0.10317460317460317,11195.0,1,1,50-60,Low,Low,3.0,0.25,5,0.0
3107,1976,Graduation,Together,71322.0,0,1,2014-05-02,31,121,24,124,24,15,42,1,4,1,7,2,0,0,0,0,0,0,3,11,48,350,1,3,1,12,0,58,26.923076923076923,5.932203389830509,23774.0,3,1,40-50,Very High,Medium,3.3333333333333335,0.07692307692307693,6,0.0
7734,1993,Graduation,Absurd,79244.0,0,0,2012-12-19,58,471,102,125,212,61,245,1,4,10,7,1,0,0,1,1,0,0,3,11,31,1216,0,1,0,21,2,557,55.27272727272727,2.1792114695340503,79244.0,3,0,30-40,Very High,Very High,3.0,0.045454545454545456,6,0.4
1146,1949,Master,Together,49912.0,0,1,2012-09-07,5,520,8,223,32,49,42,4,10,5,7,8,1,0,0,0,0,0,3,11,75,874,1,3,1,22,1,660,38.0,1.3222390317700454,16637.333333333332,4,1,60+,Medium,High,9.333333333333334,0.17391304347826086,6,0.2
11031,1950,PhD,Married,48699.0,1,1,2013-05-21,90,26,1,10,2,0,1,1,1,0,3,5,0,0,0,0,0,0,3,11,74,40,2,4,1,4,0,404,8.0,0.09876543209876543,12174.75,5,1,60+,Medium,Low,2.3333333333333335,0.2,5,0.0
7428,1975,Graduation,Together,80144.0,0,0,2013-09-30,47,240,132,445,250,192,108,1,3,7,8,1,0,0,0,0,0,0,3,11,49,1367,0,2,0,18,0,272,71.94736842105263,5.007326007326007,40072.0,3,1,40-50,Very High,Very High,2.3333333333333335,0.05263157894736842,6,0.0
975,1956,Graduation,Single,54252.0,1,1,2013-05-28,25,178,4,26,8,4,44,5,4,1,5,6,0,0,0,0,0,0,3,11,68,264,2,3,1,10,0,397,24.0,0.6633165829145728,18084.0,3,0,60+,High,Medium,4.666666666666667,0.45454545454545453,6,0.0
1103,1976,Master,Married,81929.0,1,0,2012-09-29,60,1486,55,278,49,0,185,2,4,4,10,6,1,0,1,0,0,0,3,11,48,2053,1,3,1,18,2,638,108.05263157894737,3.21283255086072,27309.666666666668,4,1,40-50,Very High,Very High,4.666666666666667,0.10526315789473684,5,0.4
3422,1975,Graduation,Married,76068.0,0,1,2012-11-29,67,1115,12,128,33,12,76,1,2,3,4,6,0,1,0,0,1,0,3,11,49,1376,1,3,1,9,2,577,137.6,2.3806228373702423,25356.0,3,1,40-50,Very High,Very High,3.3333333333333335,0.1,6,0.4
1055,1976,Master,Married,53204.0,1,1,2014-03-20,40,29,0,8,2,0,6,1,1,0,3,4,0,0,0,0,0,0,3,11,48,45,2,4,1,4,0,101,9.0,0.4411764705882353,13301.0,4,1,40-50,High,Low,2.0,0.2,4,0.0
6544,1949,PhD,Together,67911.0,0,1,2014-05-22,63,529,0,356,63,28,0,3,6,7,11,3,0,0,0,0,0,0,3,11,75,976,1,3,1,24,0,38,39.04,25.025641025641026,22637.0,5,1,60+,High,High,5.0,0.12,4,0.0
1241,1984,2n Cycle,Married,14796.0,1,0,2012-09-17,1,13,3,8,7,4,16,2,1,0,3,9,0,0,0,0,0,0,3,11,40,51,1,3,1,4,0,650,10.2,0.07834101382488479,4932.0,2,1,30-40,Low,Low,3.6666666666666665,0.4,6,0.0
2909,1974,PhD,Married,78128.0,0,1,2014-02-19,89,934,24,230,16,24,36,2,8,4,6,3,0,1,1,0,0,0,3,11,50,1264,1,3,1,18,2,130,66.52631578947368,9.648854961832061,26042.666666666668,5,1,40-50,Very High,Very High,6.333333333333333,0.10526315789473684,6,0.4
5802,1972,Basic,Married,14188.0,0,0,2013-02-28,40,2,7,11,16,12,27,1,2,0,4,6,0,0,0,0,0,0,3,11,52,75,0,2,0,6,0,486,10.714285714285714,0.1540041067761807,7094.0,1,1,50-60,Low,Medium,3.3333333333333335,0.14285714285714285,6,0.0
1407,1986,Basic,Married,20425.0,1,0,2012-10-29,5,4,12,5,3,16,17,2,2,0,3,7,0,0,0,0,0,0,3,11,38,57,1,3,1,5,0,608,9.5,0.09359605911330049,6808.333333333333,1,1,30-40,Low,Low,3.6666666666666665,0.3333333333333333,6,0.0
6183,1962,Master,Married,58646.0,0,1,2013-06-10,3,62,1,44,6,5,22,1,2,1,4,4,0,0,0,0,0,0,3,11,62,140,1,3,1,7,0,384,17.5,0.36363636363636365,19548.666666666668,4,1,60+,High,Medium,2.6666666666666665,0.125,6,0.0
340,1970,Graduation,Divorced,72967.0,0,1,2012-12-15,1,158,35,179,0,0,125,2,7,2,8,5,1,0,0,0,0,0,3,11,54,497,1,2,1,17,1,561,27.61111111111111,0.8843416370106761,36483.5,3,0,50-60,Very High,High,6.333333333333333,0.1111111111111111,4,0.2
5991,1949,Master,Married,48150.0,0,1,2013-06-08,24,173,2,39,3,2,47,3,5,1,4,7,0,0,0,0,0,0,3,11,75,266,1,3,1,10,0,386,24.181818181818183,0.6873385012919897,16050.0,4,1,60+,Medium,Medium,5.666666666666667,0.2727272727272727,6,0.0
3104,1961,Graduation,Single,82332.0,0,0,2012-09-17,89,830,59,968,51,79,19,1,5,3,12,2,0,0,1,0,0,0,3,11,63,2006,0,1,0,20,1,650,95.52380952380952,3.0814132104454686,82332.0,3,0,60+,Very High,Very High,4.0,0.047619047619047616,6,0.2
9729,1955,Graduation,Widow,58275.0,1,1,2013-06-02,48,189,10,253,56,43,64,6,8,2,7,7,0,0,0,0,0,0,3,11,69,615,2,3,1,17,0,392,34.166666666666664,1.5648854961832062,19425.0,3,0,60+,High,High,7.666666666666667,0.3333333333333333,6,0.0
1008,1981,PhD,Together,44953.0,0,0,2012-12-21,31,728,17,133,11,8,124,1,7,3,13,6,1,0,0,0,0,0,3,11,43,1021,0,2,0,23,1,555,42.541666666666664,1.8363309352517985,22476.5,5,1,40-50,Medium,High,6.666666666666667,0.041666666666666664,6,0.2
11091,1953,Graduation,Together,34587.0,1,1,2014-05-16,68,7,2,9,2,0,2,2,1,0,3,4,0,0,0,0,0,0,3,11,71,22,2,4,1,4,0,44,4.4,0.4888888888888889,8646.75,3,1,60+,Low,Low,2.0,0.4,5,0.0
3969,1974,Master,Together,43018.0,0,1,2013-11-01,46,35,4,17,7,6,64,1,2,2,2,5,0,0,0,0,0,0,3,11,50,133,1,3,1,6,0,240,19.0,0.5518672199170125,14339.333333333334,4,1,40-50,Medium,Medium,3.0,0.14285714285714285,6,0.0
1916,1954,Master,Married,45736.0,0,1,2013-07-24,92,188,3,180,20,3,43,5,7,1,6,7,0,0,0,0,0,0,3,11,70,437,1,3,1,14,0,340,29.133333333333333,1.281524926686217,15245.333333333334,4,1,60+,Medium,High,7.0,0.3333333333333333,6,0.0
9907,1969,Master,Together,66476.0,0,1,2013-12-04,80,742,28,152,25,9,57,2,6,8,10,4,0,0,0,0,0,0,3,11,55,1013,1,3,1,24,0,207,40.52,4.8701923076923075,22158.666666666668,4,1,50-60,High,High,5.333333333333333,0.08,6,0.0
87,1981,2n Cycle,Married,27733.0,1,0,2013-08-26,16,0,7,5,26,2,17,2,2,0,3,7,0,0,0,0,0,0,3,11,43,57,1,3,1,5,0,307,9.5,0.18506493506493507,9244.333333333334,2,1,40-50,Low,Low,3.6666666666666665,0.3333333333333333,5,0.0
8659,1952,PhD,Together,69805.0,0,1,2014-01-21,50,750,71,174,13,10,20,2,6,8,11,2,0,0,0,0,0,0,3,11,72,1038,1,3,1,25,0,159,39.92307692307692,6.4875,23268.333333333332,5,1,60+,Very High,High,4.666666666666667,0.07692307692307693,6,0.0
6262,1962,Master,Single,72217.0,0,0,2013-04-10,93,816,42,450,55,56,154,1,3,10,8,2,0,0,0,0,0,0,3,11,62,1573,0,1,0,21,0,445,71.5,3.5269058295964126,72217.0,4,0,60+,Very High,Very High,2.6666666666666665,0.045454545454545456,6,0.0
6147,1971,Graduation,Divorced,25818.0,1,0,2012-10-18,51,5,2,8,2,2,9,1,0,1,2,7,0,0,0,0,0,0,3,11,53,28,1,2,1,3,0,619,7.0,0.04516129032258064,12909.0,3,0,50-60,Low,Low,2.3333333333333335,0.25,6,0.0
8832,1976,Master,Together,37509.0,1,0,2012-09-12,24,37,5,56,12,8,5,2,3,0,4,7,0,0,0,0,0,0,3,11,48,123,1,3,1,7,0,655,15.375,0.1875,12503.0,4,1,40-50,Medium,Medium,4.333333333333333,0.25,6,0.0
7532,1980,Graduation,Married,43586.0,0,1,2012-08-30,26,99,2,11,4,0,16,3,3,0,4,8,0,0,0,0,0,0,3,11,44,132,1,3,1,7,0,668,16.5,0.19730941704035873,14528.666666666666,3,1,40-50,Medium,Medium,4.666666666666667,0.375,5,0.0
4915,1956,2n Cycle,Married,53230.0,0,1,2012-08-03,86,176,72,98,136,21,229,4,5,2,12,5,0,0,0,0,0,0,3,11,68,732,1,3,1,19,0,695,36.6,1.0517241379310345,17743.333333333332,2,1,60+,High,High,5.0,0.2,6,0.0
2115,1957,Graduation,Together,50116.0,1,1,2014-06-20,68,54,0,10,0,0,2,2,1,0,4,5,0,1,0,0,0,0,3,11,67,66,2,4,1,5,1,9,11.0,6.6,12529.0,3,1,60+,Medium,Low,2.3333333333333335,0.3333333333333333,3,0.2
2088,1972,Graduation,Together,84906.0,0,0,2013-10-04,98,997,15,414,99,30,76,1,5,6,12,2,0,1,1,0,1,0,3,11,52,1631,0,2,0,23,3,268,67.95833333333333,6.063197026022305,42453.0,3,1,50-60,Very High,Very High,4.0,0.041666666666666664,6,0.6
2493,1966,Graduation,Married,61286.0,0,1,2013-08-02,34,356,0,107,19,9,117,2,7,1,8,5,0,0,0,0,0,0,3,11,58,608,1,3,1,16,0,331,35.76470588235294,1.8313253012048192,20428.666666666668,3,1,50-60,High,High,6.333333333333333,0.11764705882352941,5,0.0
6292,1986,PhD,Married,82333.0,0,0,2013-03-30,60,1311,0,359,46,89,17,1,4,3,10,2,0,0,1,0,0,0,3,11,38,1822,0,2,0,17,1,456,101.22222222222223,3.9868708971553612,41166.5,5,1,30-40,Very High,Very High,3.3333333333333335,0.05555555555555555,5,0.2
1631,1965,PhD,Together,65220.0,0,0,2012-09-03,3,890,63,292,0,25,12,4,8,4,7,6,0,0,0,0,0,0,3,11,59,1282,0,2,0,19,0,664,64.1,1.9278195488721805,32610.0,5,1,50-60,High,Very High,7.333333333333333,0.2,5,0.0
3006,1976,Graduation,Divorced,30992.0,1,0,2013-04-22,83,17,0,14,7,3,2,1,1,0,3,7,0,0,0,0,0,0,3,11,48,43,1,2,1,4,0,433,8.6,0.09907834101382489,15496.0,3,0,40-50,Low,Low,3.0,0.2,5,0.0
3919,1976,Master,Single,72309.0,0,0,2013-03-11,64,960,0,883,50,38,0,1,5,6,8,3,0,0,0,1,0,0,3,11,48,1931,0,1,0,19,1,475,96.55,4.05672268907563,72309.0,4,0,40-50,Very High,Very High,4.333333333333333,0.05,4,0.2
642,1980,Basic,Married,16005.0,1,0,2012-08-14,69,1,3,2,20,30,47,3,2,1,2,8,0,0,0,0,0,0,3,11,44,103,1,3,1,5,0,684,17.166666666666668,0.15036496350364964,5335.0,1,1,40-50,Low,Medium,4.0,0.5,6,0.0
4369,1957,Master,Absurd,65487.0,0,0,2014-01-10,48,240,67,500,199,0,163,3,3,5,6,2,0,0,0,0,0,0,3,11,67,1169,0,1,0,14,0,170,77.93333333333334,6.83625730994152,65487.0,4,0,60+,High,Very High,2.6666666666666665,0.2,5,0.0
10127,1965,Graduation,Married,58692.0,0,1,2014-04-06,21,301,11,61,4,7,11,1,8,2,4,7,0,0,0,0,0,0,3,11,59,395,1,3,1,14,0,84,26.333333333333332,4.647058823529412,19564.0,3,1,50-60,High,Medium,7.666666666666667,0.06666666666666667,6,0.0
271,1969,Graduation,Widow,40590.0,1,1,2013-10-02,30,154,0,50,6,11,37,5,3,4,3,6,1,0,0,0,0,0,3,11,55,258,2,3,1,10,1,270,23.454545454545453,0.9520295202952029,13530.0,3,0,50-60,Medium,Medium,4.0,0.45454545454545453,5,0.2
4973,1970,Graduation,Single,20587.0,1,0,2014-05-11,39,2,3,6,4,1,9,1,1,1,2,7,0,0,0,0,0,0,3,11,54,25,1,2,1,4,0,49,5.0,0.5,10293.5,3,0,50-60,Low,Low,3.0,0.2,6,0.0
2948,1954,Master,Divorced,62637.0,0,1,2014-03-01,76,104,12,48,4,12,5,1,2,2,5,2,0,0,0,0,0,0,3,11,70,185,1,2,1,9,0,120,18.5,1.5289256198347108,31318.5,4,0,60+,High,Medium,2.0,0.1,6,0.0
2715,1966,Master,Divorced,29435.0,1,1,2012-08-06,11,70,3,37,4,2,64,4,3,2,2,9,0,0,0,0,0,0,3,11,58,180,2,3,1,7,0,692,22.5,0.2597402597402597,9811.666666666666,4,0,50-60,Low,Medium,5.0,0.5,6,0.0
10432,1974,Graduation,Divorced,19346.0,1,0,2014-01-30,26,2,0,9,3,6,2,1,1,0,3,8,0,0,0,0,0,0,3,11,50,22,1,2,1,4,0,150,4.4,0.1456953642384106,9673.0,3,0,40-50,Low,Low,3.3333333333333335,0.2,5,0.0
9216,1971,Graduation,Married,35788.0,1,1,2014-01-23,34,23,2,11,3,1,4,2,2,0,3,6,0,0,0,0,0,0,3,11,53,44,2,4,1,5,0,157,7.333333333333333,0.27848101265822783,8947.0,3,1,50-60,Medium,Low,3.3333333333333335,0.3333333333333333,6,0.0
7124,1968,Graduation,Divorced,36997.0,1,1,2013-02-01,72,43,4,12,8,0,27,5,2,1,4,5,0,0,0,0,0,0,3,11,56,94,2,3,1,7,0,513,11.75,0.1828793774319066,12332.333333333334,3,0,50-60,Medium,Medium,3.0,0.625,5,0.0
9727,1957,Graduation,Married,23539.0,0,0,2014-02-28,13,4,24,11,16,1,25,1,2,0,4,6,0,0,0,0,0,0,3,11,67,81,0,2,0,6,0,121,11.571428571428571,0.6639344262295082,11769.5,3,1,60+,Low,Medium,3.3333333333333335,0.14285714285714285,6,0.0
5136,1973,Graduation,Single,65333.0,0,1,2014-01-17,58,654,7,92,0,15,30,7,9,4,8,6,0,1,1,0,0,0,3,11,51,798,1,2,1,21,2,163,36.27272727272727,4.865853658536586,32666.5,3,0,50-60,High,High,8.0,0.3181818181818182,5,0.4
9790,1957,Graduation,Single,78499.0,0,0,2013-11-23,12,912,72,170,47,36,97,1,11,3,4,4,0,0,1,0,0,0,3,11,67,1334,0,1,0,18,1,218,70.21052631578948,6.091324200913242,78499.0,3,0,60+,Very High,Very High,8.666666666666666,0.05263157894736842,6,0.2
1818,1971,PhD,Together,29732.0,1,0,2014-03-25,23,25,0,8,0,1,4,1,2,0,2,9,0,0,0,0,0,0,3,11,53,38,1,3,1,4,0,96,7.6,0.3917525773195876,9910.666666666666,5,1,50-60,Low,Low,4.333333333333333,0.2,4,0.0
1100,1960,Master,Together,41275.0,1,2,2014-03-24,33,24,4,22,0,2,9,4,3,1,3,5,0,0,0,0,0,0,3,11,64,61,3,5,1,7,0,97,7.625,0.6224489795918368,8255.0,4,1,60+,Medium,Low,3.6666666666666665,0.5,5,0.0
7873,1973,PhD,Together,63516.0,1,1,2013-07-06,30,141,11,114,15,14,5,4,4,1,7,5,0,0,0,0,0,0,3,11,51,300,2,4,1,12,0,358,23.076923076923077,0.8356545961002786,15879.0,5,1,50-60,High,Medium,4.333333333333333,0.3076923076923077,6,0.0
10609,1962,PhD,Married,42769.0,0,1,2013-10-12,15,71,0,13,3,1,0,2,1,1,4,4,0,0,0,0,0,0,3,11,62,88,1,3,1,6,0,260,12.571428571428571,0.3371647509578544,14256.333333333334,5,1,60+,Medium,Medium,2.0,0.2857142857142857,4,0.0
6950,1958,Master,Married,49572.0,1,1,2013-12-15,25,35,1,16,0,1,1,2,2,0,3,7,0,0,0,0,0,0,3,11,66,54,2,4,1,5,0,196,9.0,0.27411167512690354,12393.0,4,1,60+,Medium,Low,3.6666666666666665,0.3333333333333333,5,0.0
7233,1972,Graduation,Married,69209.0,0,0,2012-09-17,4,496,32,849,229,48,128,2,5,3,6,4,0,0,0,1,0,0,3,11,52,1782,0,2,0,14,1,650,118.8,2.737327188940092,34604.5,3,1,50-60,Very High,Very High,4.666666666666667,0.13333333333333333,6,0.2
9481,1976,Graduation,Married,17148.0,1,0,2014-01-28,80,9,9,11,13,10,16,4,3,1,3,8,0,0,0,0,0,0,3,11,48,68,1,3,1,7,0,152,8.5,0.4444444444444444,5716.0,3,1,40-50,Low,Low,4.666666666666667,0.5,6,0.0
7699,1969,Graduation,Widow,40590.0,1,1,2013-10-02,30,154,0,50,6,11,37,5,3,4,3,6,1,0,0,0,0,0,3,11,55,258,2,3,1,10,1,270,23.454545454545453,0.9520295202952029,13530.0,3,0,50-60,Medium,Medium,4.0,0.45454545454545453,5,0.2
2711,1976,Master,Together,30560.0,1,0,2013-06-27,6,9,1,5,4,5,7,1,1,0,3,7,0,0,0,0,0,0,3,11,48,31,1,3,1,4,0,367,6.2,0.08423913043478261,10186.666666666666,4,1,40-50,Low,Low,3.0,0.2,6,0.0
8933,1983,2n Cycle,Married,32146.0,1,0,2014-05-12,16,26,3,23,4,7,3,2,2,0,4,6,0,0,0,0,0,0,3,11,41,66,1,3,1,6,0,48,9.428571428571429,1.346938775510204,10715.333333333334,2,1,40-50,Low,Low,3.3333333333333335,0.2857142857142857,6,0.0
8726,1964,2n Cycle,Divorced,41713.0,1,1,2014-04-29,57,77,8,44,10,10,25,5,3,1,4,6,0,0,0,0,0,0,3,11,60,174,2,3,1,8,0,61,19.333333333333332,2.806451612903226,13904.333333333334,2,0,50-60,Medium,Medium,4.0,0.5555555555555556,6,0.0
1515,1975,Master,Together,34176.0,0,1,2014-01-22,9,11,2,7,4,2,2,1,1,0,3,3,0,0,0,0,0,0,3,11,49,28,1,3,1,4,0,158,5.6,0.1761006289308176,11392.0,4,1,40-50,Low,Low,1.6666666666666667,0.2,6,0.0
5186,1955,PhD,Married,58482.0,0,1,2014-03-12,59,576,7,115,19,7,7,2,7,4,9,6,0,1,0,0,0,0,3,11,69,731,1,3,1,20,1,109,34.80952380952381,6.6454545454545455,19494.0,5,1,60+,High,High,6.666666666666667,0.09523809523809523,6,0.2
10157,1965,Graduation,Single,59686.0,0,1,2014-01-25,78,89,15,89,34,42,5,1,4,1,6,4,0,0,0,0,0,0,3,11,59,274,1,2,1,11,0,155,22.833333333333332,1.7564102564102564,29843.0,3,0,50-60,High,Medium,4.0,0.08333333333333333,6,0.0
5667,1964,PhD,Married,60896.0,0,1,2012-10-11,90,1013,30,399,60,46,153,3,9,10,4,6,0,0,0,0,0,0,3,11,60,1701,1,3,1,23,0,626,70.875,2.712918660287081,20298.666666666668,5,1,50-60,High,Very High,8.0,0.125,6,0.0
902,1980,Graduation,Together,62994.0,1,0,2014-03-04,74,224,12,48,4,12,12,1,6,2,4,6,0,0,0,0,0,0,3,11,44,312,1,3,1,12,0,117,24.0,2.6440677966101696,20998.0,3,1,40-50,High,Medium,6.0,0.07692307692307693,6,0.0
977,1957,Graduation,Together,47320.0,0,1,2013-08-01,10,200,19,111,50,15,19,6,5,1,8,6,0,0,0,0,0,0,3,11,67,414,1,3,1,14,0,332,27.6,1.2432432432432432,15773.333333333334,3,1,60+,Medium,High,5.333333333333333,0.4,6,0.0
7313,1949,2n Cycle,Widow,74859.0,0,0,2013-06-03,63,570,73,614,133,102,73,1,6,5,11,3,0,0,0,1,0,0,3,11,75,1565,0,1,0,22,1,391,68.04347826086956,3.99234693877551,74859.0,2,0,60+,Very High,Very High,5.0,0.043478260869565216,6,0.2
7600,1992,Basic,Single,15253.0,1,0,2013-10-28,13,1,3,3,8,1,13,2,1,0,3,7,0,0,0,0,0,0,3,11,32,29,1,2,1,4,0,244,5.8,0.11836734693877551,7626.5,1,0,30-40,Low,Low,3.0,0.4,6,0.0
9706,1974,PhD,Single,31560.0,1,0,2013-06-24,98,62,1,20,4,0,7,2,2,1,3,8,0,0,0,0,0,0,3,11,50,94,1,2,1,6,0,370,13.428571428571429,0.25336927223719674,15780.0,5,0,40-50,Low,Medium,4.0,0.2857142857142857,5,0.0
2429,1954,Graduation,Divorced,72071.0,0,1,2013-02-14,4,531,69,300,150,138,150,3,5,4,8,2,0,0,0,0,0,0,3,11,70,1338,1,2,1,17,0,500,74.33333333333333,2.6706586826347305,36035.5,3,0,60+,Very High,Very High,4.0,0.16666666666666666,6,0.0
3520,1990,Master,Single,91172.0,0,0,2013-03-27,94,162,28,818,0,28,56,0,4,3,7,3,1,0,1,1,1,0,3,11,34,1092,0,1,0,14,4,459,72.8,2.373913043478261,91172.0,4,0,30-40,Very High,Very High,3.6666666666666665,0.0,5,0.8
10394,1984,Graduation,Married,90000.0,0,0,2013-12-23,91,675,144,133,94,192,241,1,4,8,5,1,1,0,1,1,0,0,3,11,40,1479,0,2,0,17,3,188,82.16666666666667,7.825396825396825,45000.0,3,1,30-40,Very High,Very High,3.0,0.05555555555555555,6,0.6
4548,1981,Graduation,Single,41967.0,1,1,2013-11-23,66,23,4,10,0,2,15,1,1,0,3,4,0,0,0,0,0,0,3,11,43,54,2,3,1,4,0,218,10.8,0.2465753424657534,13989.0,3,0,40-50,Medium,Low,2.0,0.2,5,0.0
9362,1965,Graduation,Single,69263.0,0,1,2014-03-05,14,492,5,32,13,5,21,1,9,1,7,6,0,1,0,0,0,0,3,11,59,568,1,2,1,17,1,116,31.555555555555557,4.854700854700854,34631.5,3,0,50-60,Very High,High,8.0,0.05555555555555555,6,0.2
3968,1970,2n Cycle,Divorced,65706.0,0,0,2013-06-28,77,918,10,129,13,0,129,1,11,3,12,7,0,1,1,0,1,0,3,11,54,1199,0,1,0,26,3,366,44.407407407407405,3.2670299727520438,65706.0,2,0,50-60,High,Very High,9.666666666666666,0.037037037037037035,5,0.6
4084,1975,Graduation,Together,60934.0,0,1,2014-01-17,41,224,155,155,192,93,54,2,6,4,11,4,0,0,0,0,0,0,3,11,49,873,1,3,1,21,0,163,39.68181818181818,5.323170731707317,20311.333333333332,3,1,40-50,High,High,5.333333333333333,0.09090909090909091,6,0.0
6721,1951,Graduation,Married,71965.0,0,1,2013-07-29,21,572,19,286,50,38,248,3,6,3,5,3,0,0,0,0,0,0,3,11,73,1213,1,3,1,14,0,335,80.86666666666666,3.6101190476190474,23988.333333333332,3,1,60+,Very High,Very High,5.0,0.2,6,0.0
2829,1955,Graduation,Married,65210.0,0,1,2014-03-10,25,626,0,70,0,7,28,2,9,3,8,6,0,1,0,1,0,0,3,11,69,731,1,3,1,20,2,111,34.80952380952381,6.526785714285714,21736.666666666668,3,1,60+,High,High,8.0,0.09523809523809523,4,0.4
1772,1975,PhD,Married,79174.0,0,0,2013-01-11,2,1074,37,518,193,92,129,1,5,6,7,2,0,0,1,1,0,0,3,11,49,2043,0,2,0,18,2,534,107.52631578947368,3.8186915887850468,39587.0,5,1,40-50,Very High,Very High,4.0,0.05263157894736842,6,0.4
1544,1967,Master,Divorced,81380.0,0,0,2012-12-22,51,741,68,689,224,68,103,1,4,2,10,2,0,0,0,0,0,0,3,11,57,1893,0,1,0,16,0,554,111.3529411764706,3.4108108108108106,81380.0,4,0,50-60,Very High,Very High,3.3333333333333335,0.058823529411764705,6,0.0
492,1973,PhD,YOLO,48432.0,0,1,2012-10-18,3,322,3,50,4,3,42,5,7,1,6,8,0,0,0,0,0,0,3,11,51,424,1,2,1,14,0,619,28.266666666666666,0.6838709677419355,24216.0,5,0,50-60,Medium,High,7.333333333333333,0.3333333333333333,6,0.0
4377,1971,Graduation,Married,52914.0,0,1,2013-01-07,32,254,10,44,30,10,227,2,7,3,3,7,1,0,0,0,0,0,3,11,53,575,1,3,1,13,1,538,41.07142857142857,1.0667903525046383,17638.0,3,1,50-60,High,High,7.0,0.14285714285714285,6,0.2
4541,1955,Graduation,Together,38946.0,0,1,2013-10-24,84,116,6,82,6,6,41,2,3,1,6,5,0,0,0,0,0,0,3,11,69,257,1,3,1,10,0,248,23.363636363636363,1.0321285140562249,12982.0,3,1,60+,Medium,Medium,3.6666666666666665,0.18181818181818182,6,0.0
1321,1974,Graduation,Married,26067.0,1,0,2013-11-04,49,22,2,18,0,2,12,3,3,0,3,8,0,0,0,0,0,0,3,11,50,56,1,3,1,6,0,237,8.0,0.23529411764705882,8689.0,3,1,40-50,Low,Low,4.666666666666667,0.42857142857142855,5,0.0
8858,1972,PhD,Married,44325.0,0,1,2013-03-07,69,516,0,21,0,0,5,4,8,2,7,8,0,1,0,0,0,0,3,11,52,542,1,3,1,17,1,479,30.11111111111111,1.1291666666666667,14775.0,5,1,50-60,Medium,High,8.0,0.2222222222222222,3,0.2
3266,1964,Graduation,Married,42523.0,0,0,2014-04-23,96,14,36,11,3,26,35,1,1,1,4,2,0,0,0,0,0,0,3,11,60,125,0,2,0,6,0,67,17.857142857142858,1.838235294117647,21261.5,3,1,50-60,Medium,Medium,1.3333333333333333,0.14285714285714285,6,0.0
11187,1978,Basic,Single,26487.0,1,0,2013-05-20,23,2,8,10,12,14,23,3,2,1,3,5,0,0,0,0,0,0,3,11,46,69,1,2,1,6,0,405,9.857142857142858,0.16995073891625614,13243.5,1,0,40-50,Low,Medium,3.0,0.42857142857142855,6,0.0
8207,1957,2n Cycle,Married,53233.0,0,1,2014-03-18,18,28,0,9,3,0,0,1,1,0,3,4,0,0,0,0,0,0,3,11,67,40,1,3,1,4,0,103,8.0,0.38461538461538464,17744.333333333332,2,1,60+,High,Low,2.0,0.2,3,0.0
9723,1960,Graduation,Married,67716.0,0,1,2013-01-10,8,530,142,217,62,9,56,4,7,4,13,5,0,1,0,0,0,0,3,11,64,1016,1,3,1,24,1,535,40.64,1.8955223880597014,22572.0,3,1,60+,High,High,6.333333333333333,0.16,6,0.2
2666,1972,Master,Married,76234.0,0,1,2014-02-06,21,519,50,167,130,0,41,1,8,3,11,3,0,1,0,0,0,0,3,11,52,907,1,3,1,22,1,143,39.43478260869565,6.298611111111111,25411.333333333332,4,1,50-60,Very High,High,6.333333333333333,0.043478260869565216,5,0.2
5721,1956,PhD,Married,84117.0,0,0,2014-05-11,60,611,76,749,59,45,26,1,7,10,6,2,0,0,1,0,0,0,3,11,68,1566,0,2,0,23,1,49,65.25,31.32,42058.5,5,1,60+,Very High,Very High,5.333333333333333,0.041666666666666664,6,0.2
10652,1957,Master,Together,65487.0,0,0,2014-01-10,48,240,67,500,199,0,163,3,3,5,6,2,0,0,0,0,0,0,3,11,67,1169,0,2,0,14,0,170,77.93333333333334,6.83625730994152,32743.5,4,1,60+,High,Very High,2.6666666666666665,0.2,5,0.0
1646,1972,Basic,Married,25224.0,1,0,2014-03-16,36,4,9,12,11,2,8,2,1,1,3,3,0,0,0,0,0,0,3,11,52,46,1,3,1,5,0,105,7.666666666666667,0.4339622641509434,8408.0,1,1,50-60,Low,Low,1.6666666666666667,0.3333333333333333,6,0.0
4418,1983,Master,Single,89616.0,0,0,2013-02-25,36,671,47,655,145,111,15,1,7,5,12,2,0,0,0,0,0,0,3,11,41,1644,0,1,0,24,0,489,65.76,3.3551020408163263,89616.0,4,0,40-50,Very High,Very High,5.333333333333333,0.04,6,0.0
2656,1971,Graduation,Divorced,40851.0,1,1,2013-02-21,63,23,1,7,0,4,24,1,1,1,2,7,0,0,0,0,0,0,3,11,53,59,2,3,1,4,0,493,11.8,0.1194331983805668,13617.0,3,0,50-60,Medium,Low,3.0,0.2,5,0.0
7990,1947,Graduation,Married,27469.0,0,0,2012-08-02,2,9,1,2,3,2,0,1,0,0,3,6,0,0,0,0,0,0,3,11,77,17,0,2,0,3,0,696,4.25,0.024390243902439025,13734.5,3,1,60+,Low,Low,2.0,0.25,5,0.0
8722,1957,2n Cycle,Married,82347.0,0,0,2012-11-06,38,556,54,845,202,133,63,1,7,7,10,3,1,0,0,1,0,0,3,11,67,1853,0,2,0,24,2,600,74.12,3.0831946755407653,41173.5,2,1,60+,Very High,Very High,5.666666666666667,0.04,6,0.4
7118,1957,Graduation,Married,73803.0,0,1,2012-08-01,61,833,80,363,52,26,174,2,9,5,6,6,1,0,0,0,0,0,3,11,67,1528,1,3,1,20,1,697,72.76190476190476,2.189111747851003,24601.0,3,1,60+,Very High,Very High,8.0,0.09523809523809523,6,0.2
2980,1952,Master,Single,8820.0,1,1,2013-03-22,52,12,0,13,4,2,4,4,3,0,3,8,0,0,0,0,0,0,3,11,72,35,2,3,1,6,0,464,5.0,0.07526881720430108,2940.0,4,0,60+,Low,Low,4.666666666666667,0.5714285714285714,5,0.0
1839,1974,Graduation,Single,43322.0,0,0,2014-04-21,25,56,7,48,10,2,18,1,3,0,4,7,0,0,0,0,0,0,3,11,50,141,0,1,0,7,0,69,17.625,2.0142857142857142,43322.0,3,0,40-50,Medium,Medium,4.333333333333333,0.125,6,0.0
10722,1973,Graduation,Together,55593.0,0,1,2013-08-21,63,293,8,124,11,4,106,2,6,6,3,6,1,0,0,0,0,0,3,11,51,546,1,3,1,15,1,312,34.125,1.744408945686901,18531.0,3,1,50-60,High,High,6.0,0.125,6,0.2
2632,1954,Graduation,Married,50501.0,1,1,2013-06-18,10,297,0,38,13,0,152,7,5,4,4,6,1,0,0,0,0,0,3,11,70,500,2,4,1,13,1,376,35.714285714285715,1.3262599469496021,12625.25,3,1,60+,Medium,High,5.333333333333333,0.5,4,0.2
9014,1975,Graduation,Married,37085.0,1,1,2014-06-26,65,39,1,16,2,0,3,4,3,0,3,8,0,0,0,0,0,0,3,11,49,61,2,4,1,6,0,3,8.714285714285714,15.25,9271.25,3,1,40-50,Medium,Low,4.666666666666667,0.5714285714285714,5,0.0
7620,1990,Basic,Single,16185.0,1,0,2013-08-05,71,5,11,16,21,8,45,2,2,2,2,8,0,0,0,0,0,0,3,11,34,106,1,2,1,6,0,328,15.142857142857142,0.3221884498480243,8092.5,1,0,30-40,Low,Medium,4.0,0.2857142857142857,6,0.0
10968,1969,Graduation,Single,57731.0,0,1,2012-11-23,0,266,21,300,65,8,44,4,8,8,6,6,0,0,0,0,0,0,3,11,55,704,1,2,1,22,0,583,30.608695652173914,1.2054794520547945,28865.5,3,0,50-60,High,High,7.333333333333333,0.17391304347826086,6,0.0
11133,1973,PhD,YOLO,48432.0,0,1,2012-10-18,3,322,3,50,4,3,42,5,7,1,6,8,0,0,0,0,0,0,3,11,51,424,1,2,1,14,0,619,28.266666666666666,0.6838709677419355,24216.0,5,0,50-60,Medium,High,7.333333333333333,0.3333333333333333,6,0.0
2736,1978,Graduation,Married,73807.0,0,1,2013-01-02,88,366,124,156,71,78,54,2,5,5,11,2,0,0,0,0,0,0,3,11,46,849,1,3,1,21,0,543,38.59090909090909,1.5606617647058822,24602.333333333332,3,1,40-50,Very High,High,4.0,0.09090909090909091,6,0.0
1876,1990,Graduation,Married,18929.0,0,0,2013-02-16,15,32,0,8,23,4,18,1,1,0,4,6,0,0,0,0,0,0,3,11,34,85,0,2,0,5,0,498,14.166666666666666,0.17034068136272545,9464.5,3,1,30-40,Low,Medium,2.6666666666666665,0.16666666666666666,5,0.0
5959,1968,Graduation,Single,35893.0,1,1,2012-10-15,80,158,0,23,0,0,18,6,3,1,5,8,0,0,0,0,0,0,3,11,56,199,2,3,1,9,0,622,19.9,0.31942215088282505,11964.333333333334,3,0,50-60,Medium,Medium,4.666666666666667,0.6,3,0.0
1092,1980,Graduation,Married,61014.0,0,1,2012-08-11,17,269,129,495,182,43,29,4,9,3,4,7,0,0,0,0,0,0,3,11,44,1147,1,3,1,16,0,687,67.47058823529412,1.6671511627906976,20338.0,3,1,40-50,High,Very High,8.333333333333334,0.23529411764705882,6,0.0
4333,1954,Graduation,Together,32144.0,1,1,2014-03-23,76,41,0,10,0,0,3,4,2,1,3,7,0,1,0,0,0,0,3,11,70,54,2,4,1,6,1,98,7.714285714285714,0.5454545454545454,8036.0,3,1,60+,Low,Low,3.6666666666666665,0.5714285714285714,3,0.2
3850,1963,Basic,Together,14918.0,0,1,2012-12-07,52,3,3,3,15,4,15,1,1,0,3,6,0,0,0,0,0,0,3,11,61,43,1,3,1,4,0,569,8.6,0.07543859649122807,4972.666666666667,1,1,60+,Low,Low,2.6666666666666665,0.2,6,0.0
6168,1963,Graduation,Divorced,45146.0,1,1,2013-07-15,28,33,0,5,0,0,15,2,1,1,2,4,0,0,0,0,0,0,3,11,61,53,2,3,1,4,0,349,10.6,0.15142857142857144,15048.666666666666,3,0,60+,Medium,Low,2.0,0.4,3,0.0
607,1955,2n Cycle,Divorced,41769.0,0,1,2013-02-13,31,302,29,131,32,0,27,6,8,1,7,8,0,0,0,0,0,0,3,11,69,521,1,2,1,16,0,501,30.647058823529413,1.0378486055776892,20884.5,2,0,60+,Medium,High,8.0,0.35294117647058826,5,0.0
10469,1981,Graduation,Together,88325.0,0,0,2014-02-05,42,519,71,860,93,27,53,1,6,2,9,2,0,0,0,0,0,0,3,11,43,1623,0,2,0,17,0,144,90.16666666666667,11.193103448275862,44162.5,3,1,40-50,Very High,Very High,4.666666666666667,0.05555555555555555,6,0.0
6983,1950,Master,Divorced,38054.0,1,1,2014-05-01,24,23,2,17,2,1,0,2,2,0,3,7,0,0,0,0,0,0,3,11,74,45,2,3,1,5,0,59,7.5,0.75,12684.666666666666,4,0,60+,Medium,Low,3.6666666666666665,0.3333333333333333,5,0.0
3661,1995,2n Cycle,Single,80617.0,0,0,2012-10-12,42,594,51,631,72,55,32,1,4,6,8,2,0,0,0,0,0,0,3,11,29,1435,0,1,0,18,0,625,75.52631578947368,2.292332268370607,80617.0,2,0,<30,Very High,Very High,3.3333333333333335,0.05263157894736842,6,0.0
692,1954,Graduation,Together,36807.0,1,1,2012-12-20,88,4,2,5,0,0,5,1,1,0,2,6,0,0,0,0,0,0,3,11,70,16,2,4,1,3,0,556,4.0,0.02872531418312388,9201.75,3,1,60+,Medium,Low,2.6666666666666665,0.25,4,0.0
736,1983,Graduation,Together,28427.0,1,0,2013-03-21,67,18,3,19,3,3,6,2,2,0,3,8,0,0,0,0,0,0,3,11,41,52,1,3,1,5,0,465,8.666666666666666,0.11158798283261803,9475.666666666666,3,1,40-50,Low,Low,4.0,0.3333333333333333,6,0.0
9589,1948,PhD,Widow,82032.0,0,0,2014-04-05,54,332,194,377,149,125,57,0,4,6,7,1,0,0,0,0,0,0,3,11,76,1234,0,1,0,17,0,85,68.55555555555556,14.348837209302326,82032.0,5,0,60+,Very High,Very High,3.0,0.0,6,0.0
4838,1978,Graduation,Together,22775.0,1,0,2013-06-19,40,5,1,8,0,0,1,1,1,0,2,8,0,0,0,0,0,0,3,11,46,15,1,3,1,3,0,375,3.75,0.0398936170212766,7591.666666666667,3,1,40-50,Low,Low,3.3333333333333335,0.25,4,0.0
9246,1985,Master,Together,40101.0,1,0,2012-10-14,73,171,3,129,26,24,62,4,6,1,6,7,0,0,0,0,0,0,3,11,39,415,1,3,1,13,0,623,29.642857142857142,0.6650641025641025,13367.0,4,1,30-40,Medium,High,6.333333333333333,0.2857142857142857,6,0.0
6261,1979,Graduation,Married,58025.0,0,1,2013-11-26,81,270,31,88,11,48,22,3,3,2,10,4,0,0,0,0,0,0,3,11,45,470,1,3,1,15,0,215,29.375,2.175925925925926,19341.666666666668,3,1,40-50,High,High,3.3333333333333335,0.1875,6,0.0
7366,1982,Master,Single,75777.0,0,0,2013-07-04,12,712,26,538,69,13,80,1,3,6,11,1,0,1,1,0,0,0,3,11,42,1438,0,1,0,20,2,360,68.47619047619048,3.9833795013850417,75777.0,4,0,40-50,Very High,Very High,2.3333333333333335,0.047619047619047616,6,0.4
1448,1963,Master,Married,33562.0,1,2,2014-06-25,33,21,12,12,0,3,3,3,2,0,4,4,0,0,0,0,0,0,3,11,61,51,3,5,1,6,0,4,7.285714285714286,10.2,6712.4,4,1,60+,Low,Low,2.6666666666666665,0.42857142857142855,5,0.0
4286,1970,PhD,Single,57642.0,0,1,2014-01-09,24,580,6,58,8,0,27,3,7,6,6,4,1,0,0,0,0,0,3,11,54,679,1,2,1,19,1,171,33.95,3.947674418604651,28821.0,5,0,50-60,High,High,6.0,0.15,5,0.2
4749,1968,Graduation,Together,58554.0,1,1,2012-09-26,55,368,24,68,38,0,88,6,8,2,6,7,0,0,0,0,0,0,3,11,56,586,2,4,1,16,0,641,34.470588235294116,0.9127725856697819,14638.5,3,1,50-60,High,High,7.666666666666667,0.35294117647058826,5,0.0
4478,1979,Graduation,Married,63777.0,1,1,2013-03-24,87,457,5,106,15,17,53,8,11,1,6,8,0,0,0,0,0,0,3,11,45,653,2,4,1,18,0,462,34.36842105263158,1.4103671706263499,15944.25,3,1,40-50,High,High,10.0,0.42105263157894735,6,0.0
4201,1962,Graduation,Single,57967.0,0,1,2013-03-03,39,229,7,137,4,0,91,5,4,2,8,5,0,0,0,0,0,0,3,11,62,468,1,2,1,14,0,483,31.2,0.9669421487603306,28983.5,3,0,60+,High,High,4.333333333333333,0.3333333333333333,5,0.0
8720,1978,2n Cycle,Together,51381.5,0,0,2012-08-12,53,32,2,1607,12,4,22,0,0,0,1,0,0,1,0,0,0,0,3,11,46,1679,0,2,0,1,1,686,839.5,2.4439592430858808,25690.75,2,1,40-50,Medium,Very High,0.0,0.0,6,0.2
10084,1972,Graduation,Married,24434.0,2,0,2014-05-18,9,3,2,8,20,0,17,2,2,1,2,7,0,0,0,0,0,0,3,11,52,50,2,4,1,5,0,42,8.333333333333334,1.1627906976744187,6108.5,3,1,50-60,Low,Low,3.6666666666666665,0.3333333333333333,5,0.0
7004,1984,Graduation,Single,11012.0,1,0,2013-03-16,82,24,3,26,7,1,23,3,3,1,2,9,1,0,0,0,0,0,3,11,40,84,1,2,1,6,1,470,12.0,0.17834394904458598,5506.0,3,0,30-40,Low,Medium,5.0,0.42857142857142855,6,0.2
9817,1970,Master,Single,44802.0,0,0,2012-08-21,71,853,10,143,13,10,20,2,9,4,12,8,0,0,0,0,0,0,3,11,54,1049,0,1,0,25,0,677,40.34615384615385,1.547197640117994,44802.0,4,0,50-60,Medium,Very High,8.666666666666666,0.07692307692307693,6,0.0
8080,1986,Graduation,Single,26816.0,0,0,2012-08-17,50,5,1,6,3,4,3,1,0,0,3,4,0,0,0,0,0,0,3,11,38,22,0,1,0,3,0,681,5.5,0.03225806451612903,26816.0,3,0,30-40,Low,Low,1.3333333333333333,0.25,6,0.0
8372,1974,Graduation,Married,34421.0,1,0,2013-07-01,81,3,3,7,6,2,9,1,1,0,2,7,0,0,0,0,0,0,3,11,50,30,1,3,1,3,0,363,7.5,0.08241758241758242,11473.666666666666,3,1,40-50,Low,Low,3.0,0.25,6,0.0
10870,1967,Graduation,Married,61223.0,0,1,2013-06-13,46,709,43,182,42,118,247,2,9,3,4,5,0,0,0,0,0,0,3,11,57,1341,1,3,1,16,0,381,78.88235294117646,3.5104712041884816,20407.666666666668,3,1,50-60,High,Very High,7.666666666666667,0.11764705882352941,6,0.0
4001,1946,PhD,Together,64014.0,2,1,2014-06-10,56,406,0,30,0,0,8,7,8,2,5,7,0,0,0,1,0,0,3,11,78,444,3,5,1,15,1,19,27.75,22.2,12802.8,5,1,60+,High,High,7.666666666666667,0.4375,3,0.2
7270,1981,Graduation,Divorced,56981.0,0,0,2014-01-25,91,908,48,217,32,12,24,1,2,3,13,6,0,1,0,0,0,0,3,11,43,1241,0,1,0,18,1,155,65.3157894736842,7.955128205128205,56981.0,3,0,40-50,High,Very High,3.3333333333333335,0.05263157894736842,6,0.2
8235,1956,Master,Together,69245.0,0,1,2014-01-24,8,428,30,214,80,30,61,2,6,5,10,3,0,0,0,0,0,0,3,11,68,843,1,3,1,21,0,156,38.31818181818182,5.369426751592357,23081.666666666668,4,1,60+,Very High,High,5.0,0.09090909090909091,6,0.0
9405,1954,PhD,Married,52869.0,1,1,2012-10-15,40,84,3,61,2,1,21,3,3,1,4,7,0,0,0,0,0,0,3,11,70,172,2,4,1,8,0,622,19.11111111111111,0.27608346709470305,13217.25,5,1,60+,High,Medium,4.333333333333333,0.3333333333333333,6,0.0
